:020000040810E2
:10000000103200209D011008A10A1008A10A100852
:10001000A10A1008A10A1008A10A1008A10A1008D4
:10002000A10A1008A10A1008A10A1008A10A1008C4
:10003000A10A1008A10A1008A10A1008A10A1008B4
:10004000A10A1008A10A1008A10A1008A10A1008A4
:10005000A10A1008A10A1008A10A1008A10A100894
:10006000A10A1008A10A1008A10A1008A10A100884
:10007000A10A1008A10A1008A10A1008A10A100874
:10008000A10A1008A10A1008A10A1008A10A100864
:10009000A10A1008A10A1008A10A1008A10A100854
:1000A000A10A1008A10A1008A10A1008A10A100844
:1000B000A10A1008A10A1008A10A1008A10A100834
:1000C000A10A1008A10A1008A10A1008A10A100824
:1000D000A10A1008A10A1008A10A1008A10A100814
:1000E000A10A1008A10A1008A10A1008A10A100804
:1000F000A10A1008A10A1008A10A1008A10A1008F4
:10010000A10A1008A10A1008A10A1008A10A1008E3
:10011000A10A1008A10A1008A10A1008A10A1008D3
:10012000A10A1008A10A1008A10A1008A10A1008C3
:10013000A10A1008A10A1008A10A1008A10A1008B3
:10014000A10A1008A10A1008A10A1008A10A1008A3
:10015000A10A1008A10A1008A10A1008A10A100893
:10016000A10A1008A10A1008A10A1008A10A100883
:10017000A10A1008A10A1008A10A1008A10A100873
:10018000A10A1008A10A1008A10A1008A10A100863
:10019000A10A1008A10A1008A10A100808B500F069
:1001A00043F800F0E9F900F0DDF8412000F0DCF957
:1001B000184B1948DA1C121AC11E22F00302994288
:1001C00088BF0022002105F09BFE422000F0CCF900
:1001D000124B1348DA1C121AC11E22F00302994274
:1001E00088BF00220F4905F07DFE432000F0BCF9D6
:1001F00000F0E4FB442000F0B7F900F0F4FD4620E5
:1002000000F0B2F90D2000F0AFF90A2000F0ACF9CF
:1002100000F072FF102E0020700B0020700B0020E9
:10022000000000204CAD1108484BD3F800280021F5
:1002300042F00102C3F80028C3F80818D3F80028D8
:1002400022F0847222F48032C3F80028404AC3F8B6
:100250000428D3F8002822F48022C3F80028C3F829
:100260000C18D3F8002842F48032C3F80028394A29
:1002700082B00192019A002A61DC019B002B41DDD2
:10028000324B3549D3F8402842F08052C3F8402819
:100290000A6842F440420A60D3F8082822F0F002CB
:1002A000C3F80828D3F8082822F4604242F4004238
:1002B000C3F80828D3F8082822F4E05242F4A052E8
:1002C000C3F80828254AC3F80428D3F8002842F0C8
:1002D0008072C3F80028D3F800289201FBD540F2C1
:1002E0000572C3F8002CD3F8082822F0030242F06C
:1002F0000202C3F80828154AD2F8083803F00C03A4
:10030000082BF9D1114BD3F830286FEA52226FEA4B
:100310004222C3F83028D3F83428C3F83428D3F85D
:1003200040180F4A0A43C3F84028D3F8442842F43F
:10033000A03242F49872C3F8442802B07047D3F850
:100340000028910399D4019A013A92E700300240C3
:100350001030002414821900007000401954400726
:100360008E80125670470000C0F30313082B09D883
:10037000064A00F00F0052F82320012319B103FAB6
:1003800000F0906170471030F9E700BF706D110800
:100390002DE9F843C0F30317082F044600F2C38089
:1003A000624B53F8276000F44023B3F5002F00F0B0
:1003B0000F0500F0A280B3F5402F00F0A080B3F548
:1003C000802F40F09E80C0F30021FFF7CDFF012178
:1003D000EFF3108272B6022940F0958014F4704F4A
:1003E000C4F3033C14D020074BBF24202020A5F1E8
:1003F00008032B4650F806E09B004FF00F0808FA60
:1004000003F82EEA080E0CFA03F343EA0E038351B5
:1004100030684FEA4508032303FA08F320EA030093
:100420006FEA030E01FA08F30343032933606DD02A
:1004300004F44033B3F5803F6AD0B3F5003F0CBFFE
:1004400002200020F36800FA08F00EEA03031843C4
:10045000F060BCF1000F10D123074BBF24202020F7
:10046000A5F108032B4650F806C09B004FF00F097A
:1004700009FA03F32CEA03038351481E012849D8E3
:1004800004F44063B3F5006F46D0B3F5406F45D038
:10049000A3F5806CDCF1000343EB0C03D6F808C035
:1004A00003FA08F30EEA0C0E43EA0E03B3604FF0B2
:1004B000010C012873680CFA05FC31D8A0052FD572
:1004C00043EA0C030129736010D0E3050ED51848E8
:1004D00004F00C04AD00235805F00C050F21A940D1
:1004E00023EA010307FA05F51D43255012F0010F19
:1004F00000D162B60020BDE8F883022168E703213D
:1005000066E7002164E74FF0000C81E7002099E7DF
:10051000012097E70023C1E70223BFE70323BDE7DC
:1005200023EA0C03CEE76FF01500E4E7706D1108C5
:1005300008380140C0B2FFF72BBF0000C0F303131F
:10054000082B0DD8074A52F8233000F00F001A6923
:10055000012303FA00F0104214BF18460020704730
:1005600000207047706D1108024B1A685206FCD5C6
:10057000586070470050004008B54FF480120021C9
:10058000134800F07FFA1348FFF702FF1248FFF705
:10059000FFFE124BDA6822F40052DA601A6922F484
:1005A0007D521A61DA6822F4BB5222F01C02DA6032
:1005B0005A6922F4E06222F001025A6140F26D129F
:1005C0009A60DA6842F4005242F00C02DA6008BD28
:1005D000403802402C8C0900328C09000050004049
:1005E00010B5D0F89040A0F87C10E26801F4F073E8
:1005F00022F4F0721343E360D0F89020536901F0C5
:10060000010123F001031943516110BD10B5EFF34F
:10061000108472B6FFF7E4FF14F0010F00D162B648
:1006200010BD10B5EFF3108472B649B1D0F8902028
:10063000D368526903F4F07302F0010213430B8094
:100640000021FFF7CDFF14F0010F00D162B610BDFD
:100650006FF018007047836ED3F890205068B3F89D
:100660007E2040EA02420A600022A3F87E20C0B247
:10067000704710B50B46806EEFF3108472B6B0F879
:100680007C1043B141F02001FFF7C0FF14F0010FCF
:1006900000D162B610BD21F4907121F00101F3E7A1
:1006A000836ED3F890301868C0F34010704710B5CF
:1006B000806EEFF3108472B681B1D0F89C30B0F840
:1006C0007C1043B941F08001FFF7A0FF14F0010F47
:1006D00000D162B610BD41F0C001F5E7B0F87C1062
:1006E00021F0800189B2EFE7836ED3F8903018686B
:1006F000C0F3C010704738B5856ED5F89C000C4625
:1007000018B195F8A010FFF72FFED5F890305C6077
:1007100038BD10B5846E94F8880000F0A9FA002264
:1007200094F888001146BDE8104000F0CFBD0000ED
:1007300038B5856E064995F888002A4600F0C6FD52
:10074000044618B995F8880000F0A4FA204638BD90
:100750005507100838B514464FF48075D4F890301A
:100760001B689BB25906A4F87E3015D5B4F87C30CE
:1007700003F0C003402B0FD194F8A010D4F89C00D4
:1007800081F00101FFF7F0FDB4F87C1021F0400189
:1007900089B22046FFF73AFFB4F87E309A0619D5A1
:1007A000B4F87C20900615D5204603F003FE012303
:1007B000B4F87E20110607D5B4F87C20120603D5C4
:1007C000204603F0B8FD0123013D01D0002BC5D127
:1007D000002038BD13F00E031EBFD4F890305B68C4
:1007E0000023E5E7836E0A46D3F8903015498B4223
:1007F00017D008D8A1F550518B4216D001F54061B1
:100800008B4216D0704710498B4216D001F580619B
:100810008B4215D10D4820210AB10A46002100F073
:1008200031B90B484FF08041F6E709484FF40031E9
:10083000F2E707484FF48011EEE704481021EBE798
:10084000704700BF0078004000100140443802406B
:100850004038024070B5846E002605463146204679
:1008600084F88060FFF7DDFE31462846FFF7BAFFC7
:10087000D4F89020D36823F4005323F00C03D36002
:10088000D4F89400FFF756FED4F89800FFF752FE14
:10089000D4F89C0018B1BDE87040FFF74BBE70BDA6
:1008A00038B5846E01210546FFF79CFFD4F894000B
:1008B000FFF76EFDD4F89800FFF76AFDD4F89C00AE
:1008C00048B1FFF765FD94F8A010D4F89C0081F0C2
:1008D0000101FFF749FDD4F8902094F883101369C3
:1008E00023F47D5309B143F400531361D4F89020ED
:1008F000D36823F4BE73D360D4F89020536923F4F3
:10090000E06323F001035361A96ED1F88430D1F87C
:1009100090005D08D1F88C30B3FBF5F35D09C26837
:1009200040D11D0903F00F03013342F400425B087C
:10093000C260D1F8900043EA0513836022F4B053FB
:1009400091F88120012A34D143F4C06391F88200E8
:10095000092802D0082802D10AB143F48053D1F803
:100960009020D360D1F8902091F88300136923F48C
:10097000405308B143F400531361D1F890205369F8
:1009800023F440735361D4F89020D36843F40053A8
:1009900043F00C03D36000200123A4F87C0084F80A
:1009A000803038BD03F01F0301335B0822F400429E
:1009B000BEE7022A08BF43F48063C7E738B5084D95
:1009C000002455F8040B10B10021FFF72AFE013472
:1009D000082CF6D1BDE838400248FFF761BF00BFE0
:1009E000C86D110800000020F0B513491348144DDC
:1009F000144E85B003F05EFB0F49134803F05AFB19
:100A00001249684605F08FFA0024012355F8041BAB
:100A100069B1CA785AB95F1C684630338DF809301D
:100A200003F048FB6946304604F04FF93B46013479
:100A3000082CEBD105B0F0BD00000020946D11082A
:100A4000C86D1108B76D1108A16D1108AC6D1108C2
:100A500013B504460DF106010948FFF7E2FD0A2C23
:100A600002D10D20FFF780FDE0B2FFF77DFDBDF85C
:100A700006100348FFF7CAFD204602B010BD00BFB4
:100A80000000002010B5EFF3108472B6036823EA6B
:100A900001010A43026014F0010F00D162B610BDDB
:100AA000EFF305801EF0040F02D0EFF309818D46AD
:100AB0006A4602F12002EFF310832DE9FC4F6946EC
:100AC000A1F14C0222F00702954600F005F9B0E8CA
:100AD000FC4F1EF0040F0CBF80F3088880F30988D8
:100AE00083F310887047000008B5EFF3108372B6E7
:100AF0000148AA2100F032FC186E110808B5EFF386
:100B0000108372B60148A22100F028FC186E11086B
:100B100008B5EFF3108372B601489A2100F01EFC6D
:100B2000186E110808B5EFF3108372B601489221D0
:100B300000F014FC186E11080F2810B510DD1038E5
:100B4000441103EB840303F1604303F561430B603D
:100B500000F01F00012303FA00F01060002010BD18
:100B60000D4B0B60042803D14FF480331360F5E77D
:100B7000052802D14FF40033F8E7062802D14FF4DC
:100B80008023F3E70F2803D1044B0B600123EDE72B
:100B90004FF0FF30E3E700BF24ED00E010E000E09D
:100BA00008B54FF0E0234FF0FF32C3F88021C3F8BF
:100BB0008421C3F88821234AC3F8082D4FF08032DE
:100BC000C3F8182DC3F81C2DC3F8202D5B681E49EF
:100BD0000133DB00013B31D21C4900220B2000F025
:100BE00075FB1B490022032000F070FB194900220D
:100BF000022000F06BFB18490022042000F066FB85
:100C000016490022052000F061FB1549002206204C
:100C100000F05CFB134900220E2000F057FB124944
:100C200000220C2000F052FB00221049104600F078
:100C30004DFBF02383F3118862B608BD41F8042B05
:100C4000C8E700BF0000100800E400E0710D1008C4
:100C5000090D1008250B1008550D1008BD0C1008C3
:100C6000A10D1008110B1008FD0A1008E90A100860
:100C700013B5802301AA69460446FFF75DFF38B922
:100C8000DDE900310F2CD7BF1A6819608A431A605A
:100C900002B010BD13B5002301AA69460446FFF750
:100CA0004BFF38B9DDE900310F2CD7BF1A68196046
:100CB0000A431A6002B010BD7047000008B54FF03B
:100CC000E023D3F8283DEFF3108372B601486A2180
:100CD00000F044FB296E110870B50A4D2B680646DA
:100CE0000C460BB929601C463046FFF7E5FF296822
:100CF000304600F00BFB14B900232C682B60204613
:100D000070BD00BF7015002038B54FF0E0230E4DC8
:100D1000D3F82C4DD3F8283D4B6C9C1EAC420BD322
:100D20000A4DAC4208D233F8023CB3F55F4F03D111
:100D3000BDE8384000F01CB8EFF3108372B60448E9
:100D4000AF2100F00BFB00BF0000100844AD1108FC
:100D5000406E110808B54FF0E023D3F8283DEFF3BB
:100D6000108372B60148662100F0F8FA586E110837
:100D7000CA6A012A08B508D0022A0AD01AB9086B33
:100D80004C2205F0AFF8002008BD0A6B034B1A6037
:100D9000F9E70A6B11604A6BF8E700BF7015002095
:100DA00008B54FF0E023D3F8283DEFF3108372B677
:100DB0000148722100F0D2FA6F6E110808B500F0F8
:100DC00011F8BDE80840FFF70FBE0000044B1B6898
:100DD0000360C3F1005303F540330B60704700BF5D
:100DE0006C6D11087047704700F000B813B52548C6
:100DF00003F0ACFF002300931846234A23490CF06C
:100E000049FE031E04DA214A2149032005F0D4F8E3
:100E100000F074F8041E07DA1E492246032005F08C
:100E2000CBF8204602B010BD1B49062005F0C4F8DF
:100E30001A4803F08BFF00F0E9F8021E03DA1849A4
:100E4000032005F0B9F800F093F8021E03DA154903
:100E5000032005F0B1F800F0A9F8041E02DA1249E7
:100E60002246DBE71149062005F0A6F800F0EAF873
:100E7000041E02DA0E492246D0E70E49062005F08C
:100E80009BF8CEE7886E1108966E11089D6E1108CA
:100E9000A36E1108C46E1108EA6E1108036F1108E1
:100EA0001F6F1108486F11086B6F11088E6F1108C2
:100EB000A56F1108C86F110808B5044B90F83420CD
:100EC00053F82200FFF750FA002008BD18701108EF
:100ED00010B5054B90F8342053F822000C46FFF76C
:100EE0002DFB2070002010BD1870110810B51A20BD
:100EF0000C46FFF723FB2070002010BD17482DE99A
:100F0000F843174B036300242146047080F83440F3
:100F100003F072FC1A20FFF73BFA124D124FDFF874
:100F20004C804FF0030985F83440013421462846AF
:100F300085F80090C5F8308003F05EFC57F8046B2C
:100F400000213046FFF710FA3046FFF721FA072C50
:100F500005F13805E7D10020BDE8F88374150020BD
:100F600034701108AC150020187011084870110871
:100F700008B5012006F0C4FD014610B96FF012005B
:100F800008BD084802F0B8FA0028F9DB022006F094
:100F9000B7FD01460028F1D0034802F0ADFA00EA9F
:100FA000E070EDE75C7011086670110870B5114EC5
:100FB0003578EDB91048FFF7EBF901220F491046DB
:100FC00005F014FF014638B90D49032004F0F4FF81
:100FD0006FF01204204670BD0A4801F06DFF041E38
:100FE00004DA0949032004F0E7FFF3E70123337033
:100FF0000024EFE73417002020000C00C87011080F
:101000007070110894701108A370110807B50023BF
:101010000320CDE9003305F037FC40B90320074930
:1010200004F0CAFF6FF0120003B05DF804FB0090FB
:101030006946034802F0C0FCF6E700BFC97011081A
:10104000F770110838B5234D2C78002C3FD10D20B6
:1010500006F08EF9014610B96FF0120038BD1E4837
:1010600003F0C4FA0028F9DB1C49062004F0A4FFB1
:10107000052006F07DF901460028EDD0184803F060
:10108000B5FA0028EADB1749062004F095FF042092
:1010900006F06EF901460028DED0134803F0A6FAE8
:1010A0000028DBDB1149062004F086FF032006F050
:1010B0005FF901460028CFD00D4803F097FA0028C9
:1010C000CCDB0C49062004F077FF01232B700020B5
:1010D000C4E700BF35170020007111080A7111081C
:1010E0001C7111082671110838711108427111081C
:1010F000547111085E711108454C464D83B50123AA
:101100009422002120462B7004F0FAFE032323775B
:10111000414B4249424FC4E9053304F174060623AA
:10112000E3831F22304604F006FF3E4A217F3E60E3
:1011300002EBC1031B791B0745BF236C52F831201A
:1011400052F831309B18002262601A682260002A2F
:1011500058D1C3E90044344B344E1C6001A902232A
:1011600068462B70FFF732FEDDE9000104F0C8FF8E
:10117000042333603368012B47DD3068800004F0BE
:10118000E5FF2B4B186033680460A17F204800F016
:10119000CFFDA3681E489B6ADF6006F097FD1C48E0
:1011A00000F0A0FC1A4800F0FFFDA36805241C73A2
:1011B000204B00221A6003232B7000F06BF90BF018
:1011C000FDF900F075F800F0C9FC00F0E5FB00F057
:1011D000CDF900F033F900F041F90FF0A9F8FFF76D
:1011E000EDFD01F0B2FC042309482B7000F04EFE27
:1011F0002C7000F03BF806232B7000F05BF905F033
:10120000A3FBFCE754601C60A5E733685B00B0E714
:1012100040170020E4170020F91010087071110821
:10122000381700207C711108FC170020E0170020FF
:10123000F0170020DC17002010B586B000240594BC
:10124000FFF7D2FD05AB0193064B009302944FF4D8
:10125000006322466421044800F0E3F9204606B00A
:1012600010BD00BFD97D1008C47111081FB50C490D
:101270000C48012200F0CAFC00F07AFC0A4B0193F2
:1012800000244FF400630390009302942346F0225D
:101290000221064800F09AF9204604B010BD00BFB4
:1012A000CD711108DF90110839121008CF711108A3
:1012B000044A0549002342F833100133672BFAD161
:1012C000FFF76EBC0818002049131008662870B597
:1012D00005460C4613D8EFF3108672B619B9FFF71E
:1012E000C7FC2246074C084840F8354000EBC500D3
:1012F000426016F0010F00D162B6002070BD6FF0A1
:101300001500FBE74913100808180020662808B5E7
:101310000CD8094A52F830305BB102EBC002526877
:101320009847064B1A68064B1A6008BD0022054B09
:10133000F6E71A46FBE700BF08180020F417002064
:10134000FC1700204913100808B5EFF3108372B69C
:101350000148362100F002F8DA7111081C4E07B579
:101360000D46044603F05EF8316841BB194B1B681B
:101370001B6823B3012000F035F8336813B3164B14
:101380001B68164A16497433CDE9005300202346E2
:1013900004F012FE03F046F82946204606F0D4FB7E
:1013A00003F040F833681BB90A4B1B681B685BB934
:1013B000EFF3108372B6FA2006F072FCFBE700210F
:1013C0000846D8E7034BDBE7012004F0F6FB00BF3B
:1013D00070150020F4170020FC170020257211085A
:1013E000F2711108F8B504460D46EFF3108672B697
:1013F000074B186820B916F0010F00D162B6F8BD8E
:10140000D0E900372A46214698473846F2E700BF20
:10141000401B002038B504464FF4B0700D4604F070
:1014200085FE50B100F5B07223680572C0E9003442
:10143000586020602C309042F6D138BD08B5054880
:101440000021FFF7E7FFBDE8084003480221FFF74E
:10145000E1BF00BF340300203C03002038B54FF447
:10146000C07004F063FE78B1094A116800F5C075D8
:10147000034603F13004A542C3E900124B6019464C
:1014800003D100F5A870106038BD2346F1E700BF16
:1014900044030020054B1B682BB1054A126812B9A2
:1014A0001A8C01321A840020704700BFF417002004
:1014B0007015002010B5104B1A6892B10F4B1B68C5
:1014C0007BB9EFF3108472B6B2F92030002B0ADC3E
:1014D000002313840A4B1B685BB914F0010F00D181
:1014E00062B6002010BD013B9BB21384002BF4D1E7
:1014F000EEE706F069FBF0E7F41700207015002016
:10150000E8170020F8B50446182048430D46174652
:1015100004F00CFE68B1002301469C4622680F755A
:101520000E4641F818CB2AB9266001339D42666009
:10153000F4DCF8BD62681660F7E7F8B50D01044603
:101540002846164604F0F2FD60B105440346002229
:1015500027681E73194643F8102B27B92160AB4248
:101560006160F5D1F8BD67683960F8E7F8B51248F1
:10157000124B134F134E144D002422460421C3E98D
:101580000044C0E90044C7E90044C6E90044C5E995
:101590000044FFF7B7FF022208213846FFF7B2FFE9
:1015A000224604213046FFF7C8FF28460222BDE844
:1015B000F8400821FFF7C1BF4C1B0020441B00204E
:1015C000541B0020641B00205C1B00202DE9FF4100
:1015D00005469420884616461F4604F0B7FD04468B
:1015E000E0B10D9BA0F81E8003930C9B02930B9B14
:1015F00001930A9B009329463B46324600F02AF8A5
:10160000051E06DA204604F089FD284604B0BDE830
:10161000F0812046E56800F085F9F6E76FF00B05EC
:10162000F3E7F0B585B004460C980D4616461F4604
:1016300008B900F09DFA0B9B02930A9B0390CDE939
:1016400000732A46334600212046FFF7BFFF05B04E
:10165000F0BD00002DE9F347867FDDF828A088461D
:101660003146054691461F4600F062FB041E40DBF2
:101670000D99A86800F084FA041E06F0030611DB39
:10168000284600F01FFC041E0CDB87B15246394689
:10169000284606F0F1FA041E05DB284600F022FA7F
:1016A000041E13DA57B1284600F094FB21E03246BD
:1016B0005146284606F049FA041EEEDAAB6B002BC1
:1016C000F1D03146284606F097FAECE70B9B0B4A1F
:1016D00000964946284600F0ADF8041EE2DB0C9A5D
:1016E0004146284600F0B4F8041EDBDB284600F033
:1016F0005BFB204602B0BDE8F08700BF551910081B
:101700002DE9F74F04460D4600921F46EFF310886F
:1017100072B6DFF81091DFF810A1D9F80000DAF8FE
:1017200000C0DFF808B101300022DBF800309A4237
:1017300010DBDBF80000C00004F008FD03460028C1
:101740004AD118F0010F00D162B66FF00B0003B060
:10175000BDE8F08FDBF800300128B8BF0120013B65
:1017600003400CEB830E5CF82360002E31D1CEF8E1
:101770000040E060C9F8000018F0010F00D162B627
:10178000009B9DF83020C4E90537E38B02F003028B
:1017900023F063031343EDB2E38304F144023146C3
:1017A00025746574032000F075FC2046267706F04A
:1017B0008DFAFFF76FFE1E4B66601A6822601A688A
:1017C00062BBC3E9004404232377FFF773FE0020C4
:1017D000BDE701300132A8E7DBF8002013495200D1
:1017E000CBF800204FF0000C0A68DAF8000002EB9A
:1017F000D272BCEB620F06DB019304F08FFC019BFD
:10180000CAF8003089E750F82C000A68C668013A27
:1018100032400CF1010C43F82200E5E754601C60F3
:10182000D1E700BFDC170020F0170020E0170020F0
:10183000D417002010B49DF80440019410BCFFF7A9
:101840005FBF13B501240094FFF75AFF02B010BD2B
:10185000334B2DE9F74F002914BF8A469A4651466B
:10186000074615467430202204F065FB504604F00C
:101870007EFB461C4DBB2C46023406EB84013846E9
:1018800006F0CCF94FEA84080646002845D000EB64
:101890000809C0F80090504604F069FB5146044620
:1018A000484604F040FB0134A8F108084C44B34614
:1018B000043DB044C3451CD1002049F8040CBB686A
:1018C0009B6ADE6003B0BDE8F08F002440F201188F
:1018D00055F824000028CFD004F049FB7B6B013081
:1018E00006449E4216D201344445F1D16FF0060001
:1018F000E8E74BF8044F55F8041F0191084604F03F
:1019000036FB8246019920460AF1010A04F00BFBDE
:101910005444CFE76FF02300D4E76FF00B00D1E71A
:101920002D72110870B50446EFF3108572B6084B9E
:101930001E6800F041FB204600F0F6FA18B131466F
:10194000204606F087F915F0010F00D162B670BD90
:10195000F417002010B50F4B1B689A68926AD26882
:10196000012040F2011452F8201049B99C69DB8B28
:1019700003F00303022B08D11146A04704F01DF920
:101980000130A042EFD10120F8E70146204603F0E4
:101990001AF9F8E7F41700200C4A0D4B002030B577
:1019A000082110600124506015685C7118604DB901
:1019B00013600139536003F14803F5D1054B1960F9
:1019C000596030BD55682B60F3E700BF741B0020E1
:1019D0007C1B00206C1B002070B50446EFF31085C3
:1019E00072B6084B186820B915F0010F00D162B625
:1019F00070BD83680668A34201D100F017F8304635
:101A0000F1E700BF6C1B002060B1EFF3108272B6EB
:101A1000054B1B680BB18342FBD112F0010F00D1C3
:101A200062B61846704700BF6C1B002010B5FFF768
:101A3000EBFF00F00BF8041E06DA03F09FF8644297
:101A400004604FF0FF3010BD0020FCE7F8B50446FD
:101A500000283FD08379012B03D9013B83710120FA
:101A6000F8BD103000F04CF8EFF3108772B61B4E43
:101A7000356845B1AC4217D12368336073689C4226
:101A800001D100237360607910F001051AD00023A2
:101A90002360134B1A6892B91C605C6017F0010F49
:101AA00000D162B60020DBE72B689C4203D13146AF
:101AB000284603F077F82D68002DF5D1E3E75A6842
:101AC0001460EAE717F0010F00D162B6204604F077
:101AD00025FBE7E76FF01500C2E700BF6C1B002095
:101AE000741B002010B51821044606F097F820B1A9
:101AF000A3689B6A0360002010BD6FF00B00FBE73A
:101B000038B50446EFF3108572B6F8B18368EBB1CF
:101B1000114B1B680020E3B1A34210D123681BB115
:101B2000DA68E1680A44DA6060B10B4903F03AF818
:101B30000020A06015F0010F00D162B638BD184634
:101B40001B68E8E7044803F023F8F1E76FF015009D
:101B5000F0E71B68FFDE00BFCC1D002004F0D6BEFE
:101B6000024A136801331360704700BFC41D002090
:101B7000024B1B689B68D86B704700BFF4170020AE
:101B80002DE9F8430D460746FFF784FCDDB9FFF762
:101B900091FC2846BDE8F883013455F824604FEAEB
:101BA0008408002EF8D15CB1601C800004F0BEFAFD
:101BB000064600B3002340F8083004F1FF3824B98A
:101BC0000025FE63E3E70024E7E755F82890484640
:101BD00004F0CDF9013004F0A9FA46F8280080B9E4
:101BE00004F18044013C06EB840454F8040F28B946
:101BF000304604F093FA6FF00B05E2E704F08EFA3A
:101C0000F3E7494604F08FF94446D6E72DE9F84357
:101C10000E461446054600285DD009B10B782BB955
:101C2000A4B12846BDE8F84300F05CB8FFF732FCE9
:101C30002A4B1B689F68FB6B73B12946384600F03E
:101C4000F6FC011E08DB24B9FFF734FC2046BDE892
:101C5000F883384600F002FD284604F088F904466F
:101C6000304604F084F92044023004F05FFA8046E4
:101C700030B3D7F83C90B9F1000F2AD1082004F016
:101C800055FAD0B14C4600EB840340F82480002480
:101C90005C601349F86333462A46404603F027F850
:101CA000D2E7013459F82430002BFAD1A11C890065
:101CB000484604F043FA0028E5D1404604F02EFAE5
:101CC000FFF7F8FB0C2402F059FF04604FF0FF34DB
:101CD000BCE70024E6E71624F5E700BFF417002070
:101CE0003672110838B5114B1B6804469D6828B13F
:101CF00003781BB13D2104F00BF930B102F03EFF37
:101D0000162303604FF0FF3038BDFFF7C3FB45B12A
:101D10002146284600F08BFC011E02DB284600F01D
:101D20009DFCFFF7C7FB0020EEE700BFF417002083
:101D300070B506464FF4E47004F008FA044678B330
:101D4000102004F0F3F9206138B30423A373204674
:101D500000F031FC051E06DA206904F0DFF92046A8
:101D600004F0DCF912E004F14400B4600AF071FC04
:101D70002046143403F0A2FE01220021204602F086
:101D800034FF002804DA02F0F9FE0025284670BD71
:101D90000121204602F05DFFF7E76FF00B05DEE75B
:101DA0006FF00B05F2E700008368C26819690A60EA
:101DB0005A6001225A73EFF3108172B6044A106818
:101DC0001860136011F0010F00D162B6704700BFB8
:101DD000C81D0020F8B584680646002C52D0C068A3
:101DE00000236FF04047657BAB4220DB002D47D1DD
:101DF000204600F0FAFB204600F01AFA204600F0D8
:101E000075F804F144000AF036FC204603F079FE30
:101E1000204600F0F8FBEFF3108072B61A490B6809
:101E20001BB39C421A681AD1E5B90A601BE022690B
:101E300052F82320904210D1EFF3108572B6627BE6
:101E400021693A4451F8222041F82320627B013A6B
:101E5000627315F0010F00D162B60133C3E71D466E
:101E60001346DDE72A6000221A6010F0010F00D14E
:101E700062B6206908B104F051F9204604F04EF929
:101E80000023B360F8BD00BFC81D002038B5032192
:101E900005460B480BF0A1F8041E0BD101210AF0F6
:101EA00004FD204602210AF000FD2846BDE8384026
:101EB00000F008BC01DD0AF055FD6FF0160038BDDA
:101EC000946D110810B5084B81681B68044698682A
:101ED000443144300AF084FC002804DB2046BDE88D
:101EE000104000F0EFBB10BDF417002038B50446D9
:101EF000256A4DB904F1140000F0BBF8002811DA8E
:101F0000BDE8384002F03ABE284650F8183B23623C
:101F100000F0A8F805F10C0000F0A4F8284604F041
:101F2000FDF8E5E738BD000010B50F4B1B68B3F9AD
:101F30002020002A04460ADD1A7C037C9A4206D23D
:101F40000A4900F015F801232377002010BD064947
:101F5000204600F00DF8022320B1032222772268E8
:101F60001377F3E72377F1E7F4170020E817002051
:101F700010B50B68027CB3B11C7C944206D25A683F
:101F800062B9C0E900325860086013E01B68F2E7EC
:101F9000C0E900321060486000200CE0C0E9003267
:101FA00010605860F8E74A68002AF1D1C0E90033B0
:101FB000C1E90000012010BDD0E9003230B5F2B90E
:101FC000057F114951F8354001EBC5010979090731
:101FD00044BF016C641823609BB9047F0A4B53F81B
:101FE000341003EBC4031B791B0744BF036CC918EF
:101FF0004A600023C0E900330364037730BD1360F7
:10200000EAE75A60F5E700BF7C71110838B50D4664
:10201000044600B3C068FFF7DFFCE2687AB1EFF373
:10202000108172B60D4B1B68013B13400C4A1268BD
:10203000002042F8230011F0010F00D162B6A36B1B
:102040001BB12946204605F0D7FD2046FFF7C2FE0A
:10205000204604F063F8002038BD00BFE0170020E0
:10206000F017002003881B045CBF012303800020BD
:10207000704708B530B902F081FD162303604FF0B8
:10208000FF3008BD03881B045CBF012303800020D0
:10209000F7E70000F8B5164B17461D6806460C46D4
:1020A000FFF7F8F90FB16B6C3B609CB1EFF3108256
:1020B00072B6022E12D0032E15D0012E15D16B6CE4
:1020C00021680B436B64002412F0010F00D162B64B
:1020D00000F010F8FFF7EEF92046F8BD21686B6CB0
:1020E00023EA0103EEE72368ECE76FF01504EBE762
:1020F000F417002037B5174B1D68FFF7CBF92846BA
:102100006C6C00F09EFCE4430440019424B9FFF79A
:10211000D1F9204603B030BD01A800F061F8431C9E
:10212000044610D0014601A802F0B9FD2146284618
:1021300000F012F8044630B1011D284600F08CF87A
:10214000204600F027F8019B002BE5D1FFF7B2F9FC
:102150000120DFE7F417002038B58368EFF310851E
:1021600072B65C6B002074B122798A4206D103F109
:10217000340130B9084602F00BFD04E02046246823
:10218000F1E702F00FFD15F0010F00D162B6204615
:1021900038BD0000027B03466AB9EFF3108172B6C6
:1021A00002600D4A106878B91360536011F0010F96
:1021B00000D162B67047022A09D1EFF3108172B6DE
:1021C00000220260054AEDE750680360EDE7012A4E
:1021D00001D103F0A3BF7047641B00205C1B0020EB
:1021E00038B5054601242146284602F065FD20B990
:1021F0000134202CF7D14FF0FF34204638BD38B5DC
:10220000044600F14C05284602F0C2FC50B904F126
:102210005405284602F0BCFC38B94FF0FF32C4E93F
:10222000112038BD00F05AFCEDE700F057FCF0E754
:1022300038B5044600F12C05284602F0A9FC28B95F
:102240003434204602F0A4FC18B938BD00F040FB3D
:10225000F2E7FFF79FFFF4E72DE9F8430D46097811
:102260000446002938D0894B4430D3F8008002F06E
:1022700023FD0128074640F08280EFF3108672B6F6
:10228000237F062B2CD1297804F1480002F014FD9D
:1022900030B32B68E3656B6823660023A364E36AAD
:1022A0001BB104F12400FFF72BFCD4E90032AAB9DA
:1022B00077490B6003B9764B5A600023C4E90033B9
:1022C0002046FFF731FE18B14146204605F0C2FC1A
:1022D00016F0010F00D162B60026B4E01360E9E702
:1022E00016F0010F00D162B6A4682978EFF31082CE
:1022F00072B6636B13B11879884209D112F0010FDD
:1023000000D162B633B12A685A606A689A60E3E71E
:102310001B68EFE75F4B1B68D3B15F4802F038FCE6
:1023200020B95E4802F034FC0028D5D02B68436009
:102330006B688360EFF3108372B600220260626BF9
:10234000D2B96063A06313F0010F00D162B6C3E796
:10235000EFF3108672B6504802F01AFC16F0010F27
:1023600000D162B60028E1D1102003F0DFFE002882
:10237000B2D001230373D9E7A26B1060E2E7FFF745
:1023800089F82978A06800F072FB064600282AD058
:102390004068002826D000F07BFB0346002858D078
:1023A00072684260B1688160F268920604D428784D
:1023B000012282400A439A602A68DA606A681A61D8
:1023C000EFF3108672B600221A60E26C002A3DD14B
:1023D000E36433492365204605F0A8FC16F0010F9D
:1023E00000D162B60026FFF765F8EFF3108972B6E8
:1023F000237F062B1ED12B68E3656B6823660023C1
:10240000A364E36A1BB104F12400FFF779FBD4E96C
:1024100000320ABB1E490B6003B91D4B5A600023F2
:10242000C4E900332046FFF77FFD18B1414620463E
:1024300005F010FC19F0010F00D162B6002F0DD08D
:1024400001DA6FF015063046BDE8F883226D13609F
:10245000BFE76FF00B06C6E71360DDE7EFF310850B
:1024600072B6237F052B03D10421204600F00AFA1F
:10247000237F073B012B03D80421204600F0ACF951
:1024800015F0010F00D162B6DDE700BFF4170020A0
:102490000018002070150020641B00205C1B002029
:1024A000CD24100838B505460C4600F0CBF930B104
:1024B000806840B12146BDE8384000F063B9284645
:1024C00000F0ECF8F5E76FF0020038BD2DE9F74FAA
:1024D000044602F053FBB4F922700368019304F13F
:1024E0004C0904F1540AEFF3108872B6E38B13F42D
:1024F000007B1FFA88F60BD016F0010F00D162B6F0
:1025000002F03CFB019B0360678403B0BDE8F08FE1
:10251000484602F03DFB05460028EDD0E38B43F42E
:102520000073E383C0F800B0636D002B35D16065A4
:10253000A565D4F844B0AE684BEA0606666418F0A8
:10254000010F00D162B600226B68287B05F10C01F7
:102550009847EFF3108872B6E28B616C22F4007238
:10256000E2834E4081EA0B02164086EA0B0666645F
:10257000666D46B1AE4213D12A686265A26DAA4269
:1025800001D10022A26518F0010F00D162B6FFF759
:10259000B1FD284600F0A2FAA5E7A36D1860C7E7D1
:1025A0003268AA4203D15146304602F0FBFA36683F
:1025B000002EF5D1E7E738B50546402003F0C6FD0B
:1025C000044678B10122002102F00FFB002804DA52
:1025D00002F0D4FAAC62002038BD0121204602F09E
:1025E00038FBF7E76FF00B00F6E710B5846A20467A
:1025F000FFF73FFD002801DA02F0C0FA2046BDE8EF
:10260000104003F08BBD38B5C36B04466BB9002393
:10261000E36338BD03F082FDE36B585904350028AD
:10262000F8D1184603F07AFDF1E70025F4E770B51C
:10263000C46B84B1002054F8203063B14A1E013BC2
:1026400012F8016F13F8015FAE42F9D00EB93D2DBB
:1026500003D00130EFE76FF0010070BD70B5C36BC0
:10266000054653F821000C4603F058FDA300EA6B21
:102670000433D15842F82410E86BC658214601347F
:10268000002EF3D1012C03D103F048FDEE6370BDA1
:102690000231890003F052FDE863F8E70346EFF3E7
:1026A000108272B60649086810B14168994204D197
:1026B00012F0010F00D162B670470068F4E700BF66
:1026C000C81D002010B5002304460246012118460B
:1026D0000BF033F922460023062101200BF02DF9DF
:1026E00000232246062102200BF027F9002010BD0E
:1026F00070B50C4600F0A6F8064610B9002528462D
:1027000070BD636803B96060236806F148001978FA
:1027100002F0D2FA0128054623D0236806F14400CE
:10272000197802F0C9FA0028E8D12369002BE5D115
:10273000E368B342E2D0A36803B9A6602368B06837
:10274000197800F094F90028D8D021683046FFF7B6
:1027500083FD051ED3DBE5682661003D18BF01251A
:10276000CDE7E368002BD8D121683046FFF774FD30
:10277000002804DB2369E660002BC0D1CDE70546C5
:10278000BDE7000030B587B000230446CDE9023331
:10279000CDE904330D460191FEF77CFE20460D493C
:1027A00001AA00F0C1F9041E0BDB049B4BB9059B89
:1027B0003BB9039808B9029840B12946FFF74CFD90
:1027C0000446FEF777FE204607B030BD6FF00904DF
:1027D000F7E700BFF126100870B5027F184B072AF3
:1027E0001E68036C04460D461BD15A8A013A5A8270
:1027F000D0E9002088B91A608AB958600023C4E97A
:102800000033236465842046FFF78EFBB0B1314668
:102810002046BDE8704005F01DBA0260ECE750604C
:10282000ECE71A8A013A1A82D0E9002020B99A60AE
:10283000002AF4D1D860E1E70260F9E770BD00BF7B
:10284000F41700200346EFF3108172B60B4A1068AC
:1028500060B1002B0FDB0A4A1268013A1A4050F8A7
:10286000220018B1C2689A4218BF002011F0010F6F
:1028700000D162B670470020F8E700BFF0170020D3
:10288000E017002070B5114B0446006C1E680388E9
:1028900001331BB20380D4E900320D468AB943608C
:1028A0008BB982600023C4E9003323646584204629
:1028B000FFF73AFB48B131462046BDE8704005F0CD
:1028C000C9B91360ECE75A60ECE770BDF41700205B
:1028D000EFF3108272B600230360064B196831B91A
:1028E0001860586012F0010F00D162B67047596845
:1028F0000860F6E7441B00202DE9F84F474B1B68A2
:102900001F289D6880460F46164600F282800146C9
:10291000284600F0ACF8044636B1E8B143683360AD
:1029200083687360C368B36027B3D7F80090B9F1C8
:10293000000F22D1002C6FD0EE6AC6B1A6420FD094
:102940002C353368A34203D12946304602F02AF9D8
:102950003668002EF5D10AE0C6E90000B060E3E772
:102960002368EB622B6BA34201D1C5F8309020465F
:10297000FFF7AEFF0020BDE8F88FBCB9EFF310867B
:1029800072B6274802F004F9044616F0010F00D190
:1029900062B6DFF88CA000267CB1002384F810809A
:1029A0002360EB6A002B31D1EC622C63C4F80490F5
:1029B0007B68A360BB68E360DCE7502003F0B6FBF4
:1029C000A0B1EFF3108172B600F15004DAF80030D4
:1029D000024640F8146BABB9CAF80020A042CAF80E
:1029E0000420F3D111F0010F00D162B6EFF3108B88
:1029F00072B6504602F0CCF804461BF0010F00D12D
:102A000062B6C9E7DAF804301A60E7E72B6B1C609E
:102A1000CBE76FF01500AEE72046ACE7F4170020D7
:102A2000441B002010B50023FFF766FF041E06DAE2
:102A300002F0A4F8644204604FF0FF3010BD0020A3
:102A4000FCE737B5002283680192EFF3108572B678
:102A50005C6B34B915F0010F00D162B6019803B078
:102A600030BD217901A802F001F92468F1E738B5F9
:102A70000D46044640B1FEF70DFDE46A14B1237C17
:102A8000AB4203D1FEF716FD204638BD2468F5E7BA
:102A900010B50F4B1B6843B10E4802F079F8A8B986
:102AA000BDE810400C4802F073B8EFF3108472B622
:102AB000084802F06DF814F0010F00D162B628B991
:102AC000182003F033FB08B10123037510BD00BFCC
:102AD000701500204C1B0020541B0020027D034673
:102AE0006AB9EFF3108172B602600D4A106878B9C6
:102AF0001360536011F0010F00D162B67047022AD3
:102B000009D1EFF3108172B600220260054AEDE7A9
:102B100050680360EDE7012A01D103F0FFBA704766
:102B20004C1B0020541B0020F8B5447B05460E4684
:102B30001746013C01D2002006E02B69394653F8C4
:102B40002400B0470028F4D0F8BD08B501F076FCA9
:102B500000F0C6FDBDE8084000F0E4BD012380F8A8
:102B60005C300020704710B440F605348068A14204
:102B7000806907D040F60634A14211D0036810BC2A
:102B80005B691847EFF3108372B690F8312080F834
:102B9000302013F0010F00D162B6002010BC704746
:102BA000EFF3108272B690F8313090F83000181AB6
:102BB00083B212F0010F00D162B60028EEDA03F101
:102BC000080000B2EAE710B583689869EFF3108453
:102BD00072B622B34B68DB0727D5036E5BB1436E39
:102BE00043B100238B616FF00F0014F0010F00D18F
:102BF00062B610BD0123183340F8231000EB8303A5
:102C00008B6190F8302090F831309A4201D1002049
:102C1000EBE70122022160300AF002FAF7E78B6944
:102C2000002BF4D01A608A61F1E76FF02200DCE734
:102C3000554B5343B3F1333F2DE9F3478046894663
:102C400016464BD991074BD0504B5343B3F1553FE8
:102C500048D9F20748D5012E0CBF01250525B542FC
:102C600000F28F80D8F808309C69EFF3108772B6B5
:102C700004F1240A94F8302094F831309A4235D087
:102C8000002209F101014FF0050C4FF0330E904680
:102C900010462A44B24294F830902FD84FEA890364
:102CA0004B44012D01F1FF3023443FD1D3F83330A1
:102CB0001B1601F8013C94F830300133DBB2072BCE
:102CC00094BF84F8303084F8308094F8300094F861
:102CD000313098422944DBD110460FE00525BEE78C
:102CE0000425BCE70325BAE70225B8E794F85C3071
:102CF0005BB1002384F85C306FF0040017F0010F23
:102D000000D162B602B0BDE8F087D8F800305B06AB
:102D100034D4637A0133637250460EF0CBFC637A8D
:102D2000002803F1FF336372A4DAE7E7022D04D130
:102D3000D3F833301B140380BDE7032D93F8320022
:102D400006D101F8010CD3F833301B140B80B2E725
:102D5000042D0CD1D3F8333001F8010C1B12019370
:102D6000BDF804009DF8063008808B70A3E71CFBBB
:102D700009E301F8010CE3580B609CE76FF00A00CF
:102D8000BCE70020BEE700BFCDCCCCCCABAAAAAA42
:102D900010B5044620460EF0CDFC002807DA01F0FD
:102DA000EDFE00680428F5D07D28F3D0404210BD28
:102DB00038B590F831300446581C082894F8305043
:102DC000A8BF0020854216D003EB8303234483F879
:102DD0003210C3F83320022184F83100012204F1BB
:102DE00060000AF01DF9607A20B104F124000EF0B1
:102DF0000BFD002038BD6FF00B00FBE708B50EF0AF
:102E00002BFD002803DABDE8084001F0B7BE08BD7D
:102E10002DE9F04183689D6905F10C073846FFF7FD
:102E2000B7FF041E1FDB2E7A013616F0FF061DD0F9
:102E3000012E14D1EFF3108872B62B6828469B68D8
:102E40009847044638B92B68288685F85C001B69CA
:102E500031462846984718F0010F00D162B62E720D
:102E60003846FFF7CBFF2046BDE8F0816FF017042E
:102E7000F6E7F8B583689C6904F10C052846FFF76E
:102E800087FF061E07DB237A012B06D9013B23723D
:102E90002846FFF7B3FF3046F8BD00232372EFF357
:102EA000108772B623682046DB68984717F0010F39
:102EB00000D162B6ECE700002DE9F0410B680C464A
:102EC0001B681C49074620469847051E2ADB00253B
:102ED00004F124082A4629462572404604F10C06CE
:102EE00001F07CFE01222946304601F07EFEA84218
:102EF0001BDA01F043FE236820465B6898470E49C1
:102F000023464FF4927238460AF0A3FD051E09DAF3
:102F10004046FFF7A7F83046FFF7ABF8002801DA84
:102F200001F02CFE2846BDE8F0810121304601F079
:102F300090FEE0E73C7211084472110810B5044697
:102F400020460EF0F7FB002807DA01F017FE0068B4
:102F50000428F5D07D28F3D0404210BD082807D9B9
:102F60000938C0B2062802D0024B185C70474020D6
:102F7000704700BF64721108032A2DE9F74F0E460F
:102F8000174671D98368C5689B69EFF3108272B6E2
:102F9000ADF806202A7D2AB1DA7842F00102DA7013
:102FA00000222A75DA78FAB10B2F4FF0000012D9FF
:102FB00002227270B278B06022F03F0242F0280222
:102FC000B270F278307060F341027060F270DA78BB
:102FD0007272D8700C20BDF8063013F0010F00D1CA
:102FE00062B603B0BDE8F08F036805F108085B0620
:102FF00040462FD50EF0B2FB0028ECDB6A7DAB7D9E
:103000009A42E8D04FF0000A4FF04409D3466A7D57
:1030100009FB02500F23407E184019FB0231FFF7D5
:103020009DFF043054468244BA45414415D80246B7
:10303000301902F057FF6A7D0132D2B2072A94BFDD
:103040006A7585F815B0697DAA7D9142DFD1544635
:103050002046C0E70EF02EFBCEE7AB7D9342F7D0C3
:1030600040460EF0D1FBF3E70020BAE72DE9F3412B
:1030700083689C6941F60133994216464BD1EFF3C0
:10308000108572B64FF0000804F5157701A938468F
:1030900001F0BEFD002811DB019B7BB904EB081891
:1030A000B368C8F8603263780133637077B915F09C
:1030B000010F00D162B602B0BDE8F08108F101084D
:1030C000B8F1040F07F11007E0D1F0E7D4F894321B
:1030D0009B69D3B1B268118840F2FE72914217D851
:1030E000204698470028E2DB71680F4B01F5F42178
:1030F00001F5907191FBF3F133684FF47A7202FBA2
:10310000031138460EF044FBD1E76FF02500CEE7FF
:103110006FF01500CBE7D4F894325B69204602B01B
:10312000BDE8F041184700BF40420F002DE9F041D3
:1031300090F8302090F832309A42044629D0002589
:103140004426332794F8311094F83220D4F894327E
:10315000914218D01B6A20469847A0B194F83110CC
:103160004B1CDBB2072B98BF84F83130D4F8943273
:1031700088BF84F8315016FB0171DB692144204679
:1031800098470028DEDAD4F8943201211B692046E2
:1031900003E0D0F894321B690021BDE8F0411847E4
:1031A0002DE9F04F836885B08046894601929C697D
:1031B000EFF3108372B6ADF80A30D4F8943220469B
:1031C0005B6A98470025064604F1240A4FF0440B39
:1031D000019B5B1B032B04D856B32046FFF7A6FFC9
:1031E00026E094F832700137082FA8BF002794F822
:1031F0003030BB4214D009EB0501887800F00F0095
:10320000FFF7ACFE021D94F8320003920BFB00A006
:103210000F3002F067FE039A84F832701544D7E746
:10322000D8F800305B060DD5002D08BF6FF00A05F9
:10323000BDF80A3013F0010F00D162B6284605B080
:10324000BDE8F08F16B12046FFF770FFA378013379
:10325000DBB2A37050460EF02DFAA378013BDBB22F
:103260000028A37006DBD4F8943220465B6A9847A6
:103270000646BCE70546DBE708B50EF0EDFA002888
:1032800003DABDE8084001F079BC08BD2DE9F84338
:1032900083689D6905F10C0706463846FFF74EFE28
:1032A000041E42DB2B78FF2B42D0EFF3108872B65E
:1032B0002B788BBBD5F8943228465B689847044638
:1032C00060BBD5F89432288685F83200DB6801218E
:1032D000284698472B7801332B70346814F001048A
:1032E0001CD04FF40E7002F031FF0024814644756B
:1032F000847522462146083001F070FCC6F80C9017
:10330000AB68C9F804302B1DC9F80030AB68C3F8AE
:103310000090C5F8089001E0002CDBD018F0010FF8
:1033200000D162B63846FFF7A7FF2046BDE8F88314
:103330006FF01704F6E70000F8B583689C6904F1A4
:103340000C0705463846FFF7F9FD061E37DBA06877
:103350004368221D904209D0E968814231D1D0E909
:103360000032136042685A6002F0D8FE0023EB601E
:1033700021780139C9B22170F1B9D4F89432164DCF
:10338000DB682046984794F8302094F832309A420F
:103390001AD1114DD4F8943220465B6A9847B8B1DF
:1033A000EFF3108572B6D4F8943220469B689847A4
:1033B00015F0010F00D162B63846FFF75DFF3046C9
:1033C000F8BD18465B68C5E728460EF0C1FADAE793
:1033D00028460EF0BDFADDE720A107002DE9F347EE
:1033E00083689C6989469246002C6FD000296DD075
:1033F000EFF3108872B604F11807C6683846FFF775
:103400009DFD051E10DBBAF1000F56D0D4F89C329A
:103410009BB1D4F8A0327BB10023C9F818306FF00B
:103420000F053846FFF728FF18F0010F00D162B6EC
:10343000284602B0BDE8F087012304EB8302A733DE
:1034400004EB8303C2F89C92C9F81830A3780133C7
:10345000DBB2A37004F1240528460EF02BF90028F6
:10346000FADBA37894F8322094F830900132013BD3
:10347000082ADBB2A8BF0022A3702846914514BFDA
:103480004FF004094FF000090EF0BEF901A906F152
:10349000080001F0BDFB051EC6DB019B002B05DD0E
:1034A000727DB37D9A4218BF49F001094A46022154
:1034B00004F5277009F0B4FDB3E7D9F81830002BF4
:1034C000AFD0C3F800A0C9F818A0AAE76FF01205A2
:1034D000AEE710B501220021044601F086FB00286A
:1034E00003DABDE8104001F049BB20460121BDE8E8
:1034F000104001F0AEBB00002DE9F0410C46231D49
:103500000021C4E901332180A170E1700122064647
:1035100004F1240001F062FB04F10C00FFF7D9FF75
:1035200004F11800FFF7D5FF04F5157504F52577AC
:10353000002228461146103501F050FBBD42F7D15C
:10354000D4F8943220461B689847234630460349F6
:10355000BDE8F0414FF4DB720AF07BBA6C721108DF
:103560002DE9F04F437885B004460E46174663B305
:10357000002504EB051303F5157903A94846D3F894
:10358000608201F045FB00281CDB039B002B19DA4D
:10359000B3789B0616D4B8F8002033889A4211D12C
:1035A000336848F8033BB07800F00F00FFF7D6FC13
:1035B00005463B189F4219D16378013B637048462A
:1035C0000EF022F90135032DD3DDA568231DD5F8B2
:1035D00004A001936FF00B004FF0010904F527746C
:1035E000019B9D4207D105B0BDE8F08F17F8011B84
:1035F00008F8011FDEE7AB7D6A7D03F1010BBBF12B
:10360000080FA8BF4FF0000B5A452CD003EB031254
:1036100005F10808910008EB82023068C2F80F003B
:10362000B07800F00F00FFF799FC024601F113009B
:103630004044394602F056FC85F816B001220221BA
:10364000204609F0EDFC002503A94046039501F052
:10365000DFFAA8420DDB039AAA4202DC40460EF0D4
:10366000D3F8284601E085F814905546DAF804A00E
:10367000B6E76FF01500B6E710B590F8303090F867
:1036800032209A42044618D00133DBB2072B88BFA0
:10369000002380F83030FFF749FD04F5277004223D
:1036A000022109F0BDFCA37803F0FF003BB104F157
:1036B0002400BDE810400EF0A7B86FF0010010BD67
:1036C000002070471046704707B5019122B10522CE
:1036D000012101A809F0A4FC002003B05DF804FB5F
:1036E0000349044800234FF4DB720AF0B2B900BF6B
:1036F000987211088C7211081046704707B5019135
:1037000022B10522012101A809F08AFC002003B0A2
:103710005DF804FB10B508461446002102F0F0FBEA
:10372000204610BD0349044800234FF4DB720AF021
:1037300090B900BFC4721108B87211082DE9F8439E
:10374000C4680F4615461E46002C36D0984623689E
:10375000D0F810901B680121204698472368DB6849
:1037600013B1002120469847236815499B682046DD
:103770009847236801225B6849462046984723689A
:1037800047F080019B69204698472E44AE4223684B
:103790000CD15B68494620460022984723680021E7
:1037A0001B68204698474046BDE8F8839B69FF2187
:1037B0002046984705F8010BE8E76FF01208F2E79A
:1037C00040420F0000207047F7B5836808460D4659
:1037D0009E6902F0CCFB2E4902462B46062002F0E1
:1037E000EBFB2C490922284602F06CFB074630B956
:1037F0002949062002F0E0FB384603B0F0BD274916
:103800000222284602F05EFB00283BD1284602F047
:10381000AEFB05282DD8EB78A3F13004E4B2092CD7
:1038200006D9A3F14102052A2AD8A3F13704E4B24C
:10383000AB78A3F13001C9B2092917D9A3F141022C
:10384000052A1DD8373B04EB0314E4B20DF107023F
:10385000214601233046FFF771FF9DF807301049DC
:1038600007462246062002F0A7FBC5E704EB011439
:10387000EBE70C49062002F09FFB6FF01507BBE752
:103880000949F7E7284602F094F9C4B2DEE700BF21
:10389000E4721108F9721108037311081B731108FF
:1038A0005F7311081E731108417311082DE9F0416F
:1038B000C4680E461546002C2DD0236807691B6886
:1038C0000121204698472368DB6813B10021204678
:1038D0009847236811499B6820469847236801222E
:1038E000394620465B689847236831469B692046E5
:1038F0009847236829469B6920469847236839469C
:1039000020465B6800229847236820461B68BDE874
:10391000F04100211847BDE8F08100BF40420F0090
:1039200008B50DF099FF002803DABDE8084001F062
:1039300025B908BD10B5044620460DF0FBFE002851
:1039400006DA01F01BF90368042BF5D07D2BF3D0C8
:1039500010BD38B583689C6900252046FFF7EAFF53
:1039600020466562FFF7DCFF284638BDFFF7F1BF50
:103970007FB583689D6928460E46FFF7DBFF0E235F
:103980006A461D212846FFF7D9FE044620B10246AB
:103990006946304602F0A6FA2846FFF7C1FF2046E6
:1039A00004B070BD08B5FEF764FB002803DABDE87B
:1039B000084001F0E3B808BD73B506460D4600297E
:1039C00000F0E880282002F0B1FB0446002800F057
:1039D000E4802822002102F093FA012200212046EF
:1039E00001F003F9002813DA01F0C8F895E80300A4
:1039F00004F10C0383E8030078B96FF01505204645
:103A0000FFF7D0FF204602F089FB284602B070BDC8
:103A10000121204601F01DF9E8E72046FFF78AFF63
:103A2000FF238DF807300DF1070201237521204691
:103A3000FFF784FE9DF80730472B40F0A8805849D7
:103A4000052002F0B9FA002276212046FFF72EFF6A
:103A5000012276212046FFF729FF52480DF078FF1A
:103A6000012276212046FFF721FF02227A212046FB
:103A7000FFF71CFF002276212046FFF717FF4022A8
:103A800016212046FFF712FF01230DF107026521E1
:103A90002046FFF753FE002265212046FFF706FF70
:103AA000002260212046FFF701FF0222612120460B
:103AB000FFF7FCFE9DF8072065212046FFF7F6FE84
:103AC00063225F212046FFF7F1FE362214212046B3
:103AD000FFF7ECFE01230DF1070265212046FFF7F9
:103AE0002DFE9DF80720652142F0040220468DF846
:103AF0000720FFF7DBFE01230DF1070250212046CE
:103B0000FFF71CFE9DF80720502142F029022046B5
:103B10008DF80720FFF7CAFE01230DF107024F21A0
:103B20002046FFF70BFE9DF807204F2142F02902A7
:103B300020468DF80720FFF7B9FE01230DF107029B
:103B40004E212046FFF7FAFD9DF8072022F02002C3
:103B500042F00F024E2120468DF80720FFF7A6FE07
:103B60004FF47A700DF0F4FE2046FFF7D9FE0E49AF
:103B700023464FF4DB72304609F06BFF051EFFF65B
:103B80003EAF0A49062002F017FA00253DE74FF044
:103B9000FF3534E76FF0150537E76FF00B0534E7B5
:103BA00079731108A0860100A87311088E7311089B
:103BB00070B504460D46636E20469B6A9847002800
:103BC000F9D0636E294620461B6ABDE8704018474D
:103BD00010B5044620460DF0ADFD002807DA00F0D0
:103BE000CDFF00680428F5D07D28F3D0404210BDF9
:103BF0002DE9F84FB0F84050B0F944302DB20135FE
:103C000004460F469046AB42D8BF00254FF0010B4B
:103C100000F10409B4F842301BB2AB420AD0B4F848
:103C20004030A26C1BB22DB2D7540020A4F84050F3
:103C3000BDE8F88FB8F1000F22D0EFF3108A72B60A
:103C4000B4F842301BB2AB4218D1636E84F801B0B5
:103C50005B6A01212046984748460DF02BFD636EB4
:103C600006465B6A0021204698471AF0010F00D1F2
:103C700062B6002ECEDA6FF00300D9E70026F4E733
:103C80006FF00A00D4E708B50DF0E6FD002803DA6E
:103C9000BDE8084000F072BF08BD00002DE9F04704
:103CA00000F13406044630460F46FFF791FF051E2B
:103CB0002EDBEFF3108972B600254FF0010A04F1F4
:103CC0000408B4F84020B4F8423012B21BB29A4251
:103CD00011D0636E84F801A05B6A012120469847E9
:103CE00040460DF0E7FC636E05465B6A0021204606
:103CF0009847002DE5DA19F0010F00D162B6DFF820
:103D00004480002DD8F8009005DA3046FFF7BBFF5D
:103D10002846BDE8F087636E2046DB6A9847002896
:103D2000F3D14FF47A700DF013FED8F80030A3EB06
:103D30000903BB42EFD33046FFF7A5FF6FF06D05D7
:103D4000E6E700BFC41D00202DE9F84F83689D6998
:103D5000374B1B6880460F46164673B1EFF3108849
:103D600072B607EB0609B94524D118F0010F00D14E
:103D700062B634462046BDE8F88F0DF017FC814648
:103D80000028EBD105F1340A5046FFF721FF041E4D
:103D9000F0DBD8F8003083F040086B6E49465B6A70
:103DA00028469847C8F38018B146B9F1000F10D1E2
:103DB00034461DE0EB7817F8014B2BB10A2C03D1E8
:103DC0000D212846FFF7F4FE21462846FFF7F0FEB6
:103DD000C9E7EB7817F801BBDBB9424659462846DC
:103DE000FFF706FF041E1FDAB14501D2A6EB090456
:103DF000B5F84020B5F8423012B21BB29A4204D056
:103E00006B6E01215B6A284698475046FFF73BFFDF
:103E1000B0E7BBF10A0FE0D142460D212846FFF77B
:103E2000E7FE041ED9DADFE709F1FF39BDE700BF7D
:103E3000701500202DE9F74F836801929C6904F109
:103E40004C09064648460D46FFF7C2FE071E0FDB2B
:103E500000274FF0010A04F1100B019B9F420BD386
:103E6000626E20469269012190474846FFF70BFF9A
:103E7000384603B0BDE8F08FB4F85A20B4F85810B3
:103E800010B209B281420ED0216E0132095CB4F940
:103E90005C0012B29042D8BF0022A4F85A20013729
:103EA00005F8011BD9E7002FDAD1B368002B3DD00C
:103EB000336813F040073CD1EFF3108872B6626E9E
:103EC0003946926920469047B4F85810B4F85A2001
:103ED00009B212B291421FD1626E0121926920464D
:103EE0009047B4F85810B4F85A2009B212B291426F
:103EF00004D018F0010F00D162B6AEE784F802A03A
:103F000058460DF0D7FB18F0010F00D162B600281B
:103F1000A3DA6FF00307A3E718F0010F00D162B630
:103F2000626E012192692046904796E76FF04C0738
:103F300096E76FF00A0793E72DE9F04183689E69E1
:103F400006F11C052846FFF743FE041E18DB3378F4
:103F5000013313F0FF072BD0012F27D1EFF3108887
:103F600072B6F3787BB9736E30461B689847041EAF
:103F700009DA18F0010F00D162B62846FFF783FE78
:103F80002046BDE8F081736E30469B689847041E5A
:103F9000736E03DA5B6830469847EAE79B69012154
:103FA0003046984718F0010F00D162B63770E4E749
:103FB0006FF01704E1E72DE9F84383689C690D462B
:103FC0009046002C60D000295ED004F128073846C6
:103FD000FFF7FEFD061E41DBB8F1000F4CD004F1E7
:103FE0006C020023904652F8041B002939D104EBDF
:103FF00083021B3304EB830304F13409D56648467E
:10400000AB61FFF7E5FDB4F84020B4F94430B4F8F3
:10401000425012B201329342D8BF002248462DB21C
:1040200004F14C09954214BF04250025FFF72BFE2F
:104030004846FFF7CDFDB4F85820B4F85A3012B214
:104040001BB29A4215D14846FFF71DFE2A460421AD
:10405000404608F0E5FF3846FFF715FE3046BDE85C
:10406000F8830133042BBED10023AB616FF00F0640
:10407000F1E745F00105E6E7AB69002BEBD0C3F8AB
:104080000080C5F81880E6E76FF01206E6E710B585
:1040900001220021044600F0A8FD002803DABDE853
:1040A000104000F06BBD20460121BDE8104000F03B
:1040B000D0BD000070B50C46054601F13400FFF795
:1040C000E6FF04F14C00FFF7E2FF04F11C00FFF7EC
:1040D000DEFF00221146201D00F080FD0022114667
:1040E00004F1100000F07AFD04F12800FFF7CFFF83
:1040F000234628460349BDE870404FF4DB7209F0BF
:10410000A8BC00BFC873110810B5044601220421E1
:104110006C3008F085FFA3783BB10023A37004F155
:104120001000BDE810400DF06FBB10BD10B50422AB
:10413000044611466C3008F073FF637833B10023F6
:104140006370201DBDE810400DF05EBB10BD70B562
:1041500083689C69636E1B690E46154653BB40F22B
:1041600007339E422BD0B6F5427F0ADAB6F58A7F36
:104170006CD040F215139E4200F081806FF0180061
:1041800070BD3FD040F209339E42F7D1EFF310806B
:1041900072B6B4F84020B4F8423012B21BB29A4260
:1041A0004ADAB4F84230B4F840201BB212B29B1A7B
:1041B000013B16E0984710F1190FE1D1CFE7EFF37B
:1041C000108072B6B4F85A20B4F8583012B21BB24C
:1041D0009A420DDCB4F85830B4F85A201BB212B22F
:1041E0009B1A10F0010F00D162B62B600020C7E7C8
:1041F000B4F85A20B4F85810B4F95C3012B209B2CD
:10420000521AEDE7EFF3108072B6B4F84220B4F81A
:10421000403012B21BB29A4205DCB4F84030B4F818
:1042200042201BB2DBE7B4F84220B4F84010B4F9E6
:10423000443012B209B2E3E7B4F84020B4F84210B7
:10424000B4F9443012B209B2521AB0E7EFF3108653
:1042500072B635F0020304BFB4F85830A4F85A30EF
:10426000013D012D06D8B4F84030A4F84230204674
:10427000FFF75CFF16F0010F00D162B6B6E72046EB
:1042800042F21071BDE87040FFF708BD10B5002183
:10429000044604300DF0F3FA002104F110000DF093
:1042A000EEFA012104F134000DF0E9FA012104F1E4
:1042B0004C000DF0E4FA04F128000121BDE81040A3
:1042C0000DF0DDBA70B583689C6904F11C060546E3
:1042D0003046FFF77DFC2378012B06D9013B237084
:1042E0003046FFF7D0FC002070BD636E00212170C6
:1042F0009B69204698472B685B0604D44FF47A618B
:104300002046FFF7CBFCEFF3108572B6636E2046B4
:10431000DB689847E3781BB9636E20465B68984773
:1043200015F0010F00D162B62046FFF7EDFE2046E2
:10433000FFF7ACFFD4E7F8B5002504462F46B4F8E4
:104340004020B4F8423012B21BB29A42AEB212D13F
:10435000B4F84020B4F8423012B21BB29A4204D1F1
:10436000636E00215B6A2046984716B32046BDE87D
:10437000F840FFF7DBBE636E20469B6A9847002833
:10438000E6D0B4F84230A16C626E1BB2126AC95C0E
:1043900020469047B4F84230B4F9442001331BB2B0
:1043A0009A42A4F8423005F10105D8BFA4F8427042
:1043B000C5E7F8BD2DE9F341B0F85850B0F95C30CD
:1043C0002DB201350446AB42D8BF002500261FFAA6
:1043D00086F8636E2046DB69984740B9B8F1000F54
:1043E00002D02046FFF790FE02B0BDE8F081B4F89D
:1043F0005A70636E3FB25B6901A920469847AF428D
:10440000E7D0B4F85830226E1BB20136D0542BB22C
:10441000A4F85830B4F95C300135AB42D8BF002560
:10442000D5E7000008B5044B186818B103689B680D
:1044300003B19847002008BD5003002008B500F0E4
:1044400003F8002008BD000010B508484FF4D272F0
:10445000022100F07FFB044630B100F0FBF918B1F7
:10446000204600F04FFA0024204610BDA16D11082F
:104470000020704710B5044620460DF05BF9002877
:1044800007DA00F07BFB00680428F5D07D28F3D024
:10449000404210BD0020704708B50DF0DDF900283E
:1044A00003DABDE8084000F069BB08BDF8B58368D1
:1044B0009E69371D3846FFF7DDFF041E0BDB35789C
:1044C000013515F0FF050FD0012D06D03570002401
:1044D0003846FFF7E1FF2046F8BD706B03681B68A4
:1044E0009847041EF2DAF3E76FF01704F0E738B5E7
:1044F00083689C69251D2846FFF7BCFF002808DB60
:104500002378012B06D9013B23702846FFF7C4FF0F
:10451000002038BD606B0023237003685B689847F8
:10452000F3E72DE9F84383689D6905F104084046E7
:10453000D5F834900E461746FFF79CFF041E2DDB7E
:104540006FF44063F318032B45D8DFE803F002183B
:104550002A3905F110016B783A460B4607F1240021
:1045600052F8046B43F8046B8242F9D16B7893B133
:10457000D9F8003048469B68984704460BE005F19F
:1045800010033A4605F1340153F8040B42F8040BCA
:104590008B42F9D16B784046FFF77EFF2046BDE89D
:1045A000F8836B786B78F3B9686B036805F11001D9
:1045B0009B68984704460028EDD101236B70EAE719
:1045C0006B78002BE7D0D9F800304846DB68984775
:1045D00000230446F2E7D9F800303A461B69314619
:1045E00048469847C9E70024D5E700002DE9F04187
:1045F000054638200E4601F0A9FD0446C0B1071D4E
:1046000001220021384600F0F0FA00280BDA00F011
:10461000B5FA6663234628460749BDE8F0414FF4E2
:10462000DB7209F016BA0121384600F012FBF0E700
:104630006FF00B00BDE8F081E873110838B504464F
:104640000D46104672B16368002B0CDCA3689869B4
:10465000036B1B689847002804DB2B78012030335C
:104660002B70606038BD0020FCE708B5836898694E
:104670000378033B012B0FD88AB10B78302B09D07C
:10468000312B0ED10121036B5B6898470028A8BF2E
:10469000012008BD0021F6E76FF00C00F9E7104695
:1046A000F7E76FF01500F4E70346501E012804D920
:1046B00052EA010004D1586070476FF0250070473E
:1046C0006FF015007047000070B5A1F50C518368BC
:1046D00001399C691546052977D8DFE801F00310F8
:1046E000171B42622378033B012B74D8236B111EE6
:1046F0005B6818BF01212046BDE870401847236B56
:104700001B6829462046BDE870401847237813707F
:1047100000203BE0002A5ED02378042B5BD90DF00B
:1047200033F9EFF3108272B6E36A0BB1834216D10C
:104730002B6863606B68A360E062002312F0010FD6
:1047400000D162B6002B43D1236B24499B682046DD
:10475000984700281ADB236B0121DB68CBE7012394
:10476000ECE72378042B36D90DF00EF9EFF3108324
:1047700072B6E26A824206BF0025E562012513F0A7
:10478000010F00D162B615B16FF0150070BD236B3B
:104790002946DB68204698470028F7DB236B9B6897
:1047A000AFE7D5B20A2DEFD82378AB42B0D0042BB7
:1047B00003D8236B29461B699DE7236B0021DB6827
:1047C000204698470028F4DAE0E76FF01800DDE7AC
:1047D0006FF00F00DAE76FF00C00D7E7E147100841
:1047E00008B50146C06A28B101F10C030122043169
:1047F0000DF093F8002008BD30B50378042B89B084
:1048000004460D460ED80B4A2B462021684600F080
:1048100085FA094923464FF4DB72684609F019F915
:1048200009B030BD036B0021DB6898470028EADA45
:10483000F6E700BF087411081474110810B5084693
:104840001446114603F0B4F9204610BD0846FCF7A3
:10485000FFB8000018B1034B1860002070476FF0DC
:10486000150070475003002008467047002070472D
:1048700070B5044645690DF08FF885421ED00DF0E5
:104880008BF863699842054613D004F10806304658
:104890000CF050FF002807DA00F070F900680428D7
:1048A000F5D07D28F3D0404238B901236561A3617A
:1048B00003E0A3690133A361002070BD6FF00A001B
:1048C000FBE710B504460DF067F823695A1E012B6B
:1048D00022610BD14FF0FF33E36020460CF0BCFFA8
:1048E000002803DABDE8104000F048B910BD08B553
:1048F000FDF7BFFB002803DABDE8084000F03EB931
:1049000008BD000010B5104B1B680446DBB90CF065
:104910004DFEC0B9FCF7BEFD2379033B012B07D840
:1049200004F11C0008F0AAF904F10800FFF7DFFF0A
:10493000E06A08B101F0F2FB204601F0EFFBBDE8B0
:104940001040FCF7B7BD10BD701500202DE9F041F7
:1049500004464271C380C06A88420D4616461F460F
:1049600006D008B101F0DAFB284601F09DFAE062BA
:104970004FF0010884F804803B463246294604F192
:104980001C0008F01BFB002803DA02232371BDE89A
:10499000F0814FF0FF33002104F10805C4E905312F
:1049A0004246284600F021F9002805DA00F0E6F832
:1049B000042323710020EAE74146284600F049F924
:1049C000F6E7000038B51A4B1B6805461BB16FF0BF
:1049D0002504204638BD0CF0E9FD04460028F6D138
:1049E0002B79042BF5D0012B1FD9FCF753FD2B7924
:1049F000032B14D105F11C0008F040F905F1080063
:104A0000FFF775FF02232B71EB886A79E96A284664
:104A1000FFF79CFF041E04DAFCF74CFDD9E7022BDC
:104A2000F2D0FCF747FD0024D3E76FF00A04D0E78B
:104A3000701500202DE9F84F05468B461646FFF706
:104A4000C1FF041E15DB2846FFF712FF041E10DB12
:104A5000DFF8A490B0465F4605F11C0AB8F1000FDC
:104A60000AD1B7EB0B023ED105F10800FFF729FF91
:104A700034462046BDE8F88F3B780D2B01D00A2B39
:104A80000AD1B7EB0B020BD1B8F1010F3B7814D16F
:104A90000A2B20D007F1010B013708F1FF38DDE7C1
:104AA0005946504608F0B0FD041EEDDA03232B7181
:104AB00005F10800FFF705FFDBE70D2B06D17B783A
:104AC0000A2BE7D1013708F1FF3804E00A2BE1D1C6
:104AD0007B780D2BF6D002224946504608F094FD13
:104AE000041ED7DAE2E7594605F11C0008F08CFDF8
:104AF000041EB9DADAE700BF4874110873B5064638
:104B00000C46FFF75FFF00281FDB0D2C1CD0304642
:104B1000FFF7AEFE002818DB0A2C0BBF0C498DF8FE
:104B200007400222012218BF0DF1070106F11C0007
:104B300008F06AFD054606F10800FFF7C2FE002DE9
:104B4000BEBF032333712C46204602B070BD00BFA8
:104B500048741108F8B5054630200E46174601F096
:104B6000F5FA044630B13B4632462946FFF7EEFEE1
:104B7000014B23602046F8BD4C74110808B501F0C4
:104B800053FA08B1143008BD0048FCE7D41D0020DA
:104B90000346006828B102681A6002B95A6000230F
:104BA000036070470A68034600685AB150B14A680A
:104BB000824214BF01684B604FF000020CBF1A60C4
:104BC0001960026070470D46164608B5044601F0AC
:104BD00041FA31462846A04700F0EFFF12B20346E3
:104BE00002800020C3E90100704708B5034610B1F8
:104BF000B2F5004F06D3FFF7C1FF162303604FF055
:104C0000FF3008BD12B202800020C3E90100F8E7BE
:104C100028B121B103881BB20B60002070476FF0F0
:104C20001500704710B5FFF7F3FF041E05DAFFF714
:104C3000A5FF644204604FF0FF34204610BD0846D3
:104C400031B1481E022834BF6FF089006FF01500A3
:104C5000704710B5FFF7F3FF041E05DAFFF78EFF6C
:104C6000644204604FF0FF34204610BD1F299FBFEF
:104C7000012303FA01F103680B439ABF036000208C
:104C80006FF01500704708B5FFF7F0FF002805DA50
:104C9000FFF774FF162303604FF0FF3008BD1F2994
:104CA0009FBF012303FA01F103688B439ABF03609E
:104CB00000206FF0150070471F299DBF0068C84095
:104CC00000F001006FF0150070470FB413B504AB8E
:104CD00053F8044B01930CF07BFB019A2146803082
:104CE00000F0B8FE02B0BDE8104004B070470EB44A
:104CF00030B588B00BAC014654F8045B02A86FF0E5
:104D0000004201F047F82246294602A8019400F02B
:104D10004EF808B0BDE8304003B070470CB400B5A1
:104D20000A4689B071B1014602A801F033F80BAA16
:104D30000A99019202A800F03AF809B05DF804EB74
:104D400002B0704702A801F03DF8F0E773B50446E1
:104D50000CF03EFB00F180050646284600F0F5FE0B
:104D60002046294600F048FE041E16DD0A232A4686
:104D700001210DF107008DF8073000F053FD0028E8
:104D80000BDD96F8EE305B0704F1010407D5012135
:104D9000284600F0BCFD002801DA4FF0FF340CF08B
:104DA00017FB803000F0EFFE204602B070BD07B563
:104DB000009200220B46114600F004F803B05DF8A3
:104DC00004FB00002DE9F04F91B00446DDF868A027
:104DD0004FF0000993F80080B8F1000F00F0F38362
:104DE000B8F1250F0AD00133059363684146204688
:104DF000984709F10109CDF80CA026E193F801804C
:104E00009A1CB8F1250F0592EFD00026354637469B
:104E10000A223F2F4AD8B8F12B0F3CD013D8B8F153
:104E2000200F3AD0B8F1230F3DD0A8F13003DBB208
:104E3000092B4DD8F8054EBF02FB063602FB05359F
:104E400047F0800707E0B8F12D0F29D0B8F1300FF7
:104E5000EBD147F00107059B13F8018B0593B8F1DF
:104E6000000FD6D1A8F14503022B6ED808F1200817
:104E700047F400575FFA88F817F4807F08BF0626CA
:104E8000B8F1650FF3B240F081800133DBB247F433
:104E90008047002282E047F0020747F00407DAE784
:104EA00047F00807D7E747F01007D4E7B7F5007FCA
:104EB000BBD3B8F17A0F2AD0B8F1740F27D0B8F16C
:104EC0006A0F21D127F48067BFB247F42067C2E799
:104ED000B8F12A0F0FD1F8055AF8043B02D523EA9E
:104EE000E376B8E7002BA7BF47F080071D465D4279
:104EF00047F08807AFE7B8F12E0FDAD1F80500F1D7
:104F0000628347F48077A6E7B8F16C0F09D1BB053F
:104F10004CBF47F4006747F4007727F48067BFB2BF
:104F200099E7B8F1680F08D178054CBF47F40067DE
:104F300047F4806727F40077F1E7B8F1700F04BFFA
:104F400027F4206747F400778CE7A8F16503022B6C
:104F500092D9B8F1630F00F0B18108F0DF03532B51
:104F600040F0D281534653F804AB03939B4BBAF104
:104F7000000F08BF9A4617F4807F14BF31464FF0E8
:104F8000FF31504600F0FBFF8046A1E1B8F1660F0B
:104F90007FF47FAF1A4647F400470F230AF1070A50
:104FA0002AF0070100928C46FCE802010F2B0DF15C
:104FB000280B28BF0F235A46CDF80CC000F038FB51
:104FC0009DF82C3003F00902012A42D0BA0743D4DD
:104FD00017F0040F0CBF4FF000084FF0200813F03B
:104FE0000C0F43D0B8F1000F14BF04230323AB42CE
:104FF0000BDA3907A5EB030508D42E466368202198
:1050000020469847013EF9D1A9440025B8F1000F88
:1050100005D063684146204609F1010998479DF88B
:105020002C306F4E13F0080F6E4B18BF1E46A9EBC5
:10503000060807F4005708EB060916F8011B71B9BA
:105040002E46002E40F0B982A944DDF80CA0059B45
:10505000C0E64FF02D08C2E74FF02B08BFE70FB1B5
:105060002039C9B2636820469847E4E7C3B2049385
:105070005D4BDDF828A0049A1F4219D11346043372
:105080005B44049919B113F80119302928D01AF199
:10509000040F2ADB924528DABAF1000F47F40047E3
:1050A00002DB049B9A4523DA049B0AF101069E1B4E
:1050B0003BB2002B0693BABF2AEAEA7301330523F9
:1050C000B8F1000F00D00133A6B1721C1344AB42FB
:1050D000B4BFED1A002517F0090F1AD12A4613E0C4
:1050E0000499481EC1B20491CBE7049B5E1EDFE722
:1050F0000026DDE7FA0648BF0133E8E72021204615
:1051000007929847079A013A6368002AF6D1A944A2
:105110001546B8F1000F05D063684146204609F1F5
:10512000010998473B070CD4A84604E030212046EB
:10513000984708F1FF386368B8F1000FF6D1A94429
:105140004546069B002B51DA2AEAEA787342AAEB1D
:10515000080B0793049B079A9B453CBF0AAB5B4433
:1051600008F1FF3834BF5E79302609F1010390451C
:10517000069363681DDAFF0607D5B8F1FF3F04D137
:105180002E2120469847DDF81890C2450AD19DF897
:105190002D30352B1FD805D19DF82C3013F0100F72
:1051A00008BF312663683146204609F10109984756
:1051B00046E7314620469847B8F1FF3F06D109F14E
:1051C000020306932E21636820469847DDF8189065
:1051D0000BF1010BBEE73126E4E700BF687411084C
:1051E000607411086474110800C0FFFF9DF82D1051
:1051F00031291EBF9DF82C3023F010038DF82C3080
:10520000204663689847002E636842DD2E212046C1
:10521000984709F102094FF001084645636826DA0C
:1052200017F4005F14BF4521652163682046984745
:10523000BAF1000F04DB37D19DF82C30D90633D5F5
:10524000CAF1000A2D2163682046984750460A2378
:105250005A46C11700F0BCF9A0EB0B06F6B2771E58
:1052600009F102095F44B04606BBC144E8E6049A6E
:10527000424585BF08F140026A44302112F8131CF0
:10528000204608F10108984709F101095FFA88F8FA
:10529000C3E7F80602D409F10109C1E72E2120462F
:1052A00009F102099847BBE72B21CCE7636817F89F
:1052B00001192046013E9847F6B2D5E752464FF015
:1052C000010852F8043B03928DF828300DF1280AAA
:1052D0003A0716D50AEB0806B245C6D063681AF835
:1052E000011B20469847002DF6D0013DF4E7636886
:1052F000202120469847013DA845A6EB0509F6D395
:10530000E8E705EB0906F7E7B8F1640F07F4206357
:1053100002D0B8F1690F76D1B3F5206F60D10AF1F0
:10532000070A2AF0070A5346DAF8041053F8080B64
:10533000039327F4805B00292BF0100B06DA404220
:105340004BF4805B61EB41011FFA8BFB1BF4807F08
:1053500004D01EB950EA010300F0C2800AAF0A234C
:105360003A4600F035F9C71BFFB21BF4807FB84600
:1053700000F0B8802BF0010AB7421FFA8AFA80F2D7
:10538000B48044F210020BEA0202102AF3B203D1F5
:105390002BF0110A1FFA8AFA1AF0100F00F0AF80F2
:1053A00007F140026A4412F8192C302A40F09F801D
:1053B0002AF4C04A2AF0100A1FFA8AFA1AF0080FD3
:1053C00040F0AF801AF0010F05D0AB4280F2CF80E1
:1053D000EB1ADE19EBB2A3EB090B5FFA8BFB9BE038
:1053E000534653F8040B0393BB054FEAE071A0D476
:1053F0007A059ED53B0555BF40F3C03140F3C0113F
:1054000000B240B295E7B3F5206F1ED10AF1070A4A
:105410002AF0070A5346DAF8041053F8080B0393EE
:1054200027F0060BB8F1580F1FFA8BFB44D0A8F1F8
:105430006F03DAB2092A46D8092B44D8DFE803F013
:105440004E2443434343164343350AF10403039375
:10545000B905DAF8000001D50021E1E717F4806111
:10546000DED03A0554BF80B2C0B2F5E727F0160788
:105470001FFA87FB0A231BF4807F03D016B950EA7A
:1054800001022DD00AAF6BE7059B1B78562B0AD182
:10549000059B0133059343681A6809920168204609
:1054A000FFF785FCD1E54BF0100B1BF0100F01D07E
:1054B0004BF4804B1023DEE7FB0601D54BF4C04BC9
:1054C0004FF40473D7E76368204625219847636843
:1054D0004146204609F102099847B6E50823CAE784
:1054E000374642E73B46DA4656E73B4654E71AF46E
:1054F000804F01D1013300E00233DBB25EE741F2BD
:1055000006021AEA020F3FF459AFF3E7636820215D
:10551000204609F1010998470BEB0903DBB2AB42C6
:10552000F4DBAB42B4BFED1A00251AF0100F2BD0FC
:1055300063683021204698471AF4804F19D109F149
:105540000109B246BA4531DCF01BBE42B8BF0020AB
:105550008144002F3FF489AE7B1E10AA52FA83F2D9
:10556000DFB212F8181C636820469847F1E73E4600
:1055700031E71AF4005F636809F1020914BF58218A
:10558000782120469847DCE741F206031AEA030F28
:10559000D7D01AF0020F14BF2B2120211AF4805FFC
:1055A000636809F1010918BF2D21EAE7636830211A
:1055B000204698470AF1FF3AC4E763682021204655
:1055C0009847013E3DE5484611B0BDE8F08F00BF69
:1055D0002DE9F84313F400791C4618BF23F4007436
:1055E00006460F46154618BF4FF001094FEAE4780A
:1055F00030463946224643460BF0A0FB092AB44602
:105600003B4606460F4609DC3032A44573EB0803DF
:1056100005F8012BECD22846BDE8F883B9F1000F5C
:1056200001D03732F1E75732EFE700000000000009
:105630002DE9F74F1D4611F000430E4618BF01F14A
:105640000046009208BF9B464FF000024FF0000357
:105650003146074618BF4FF0010B0BF0D7FA04464E
:10566000A8B1009B25EAE5723021581D00F048FCE6
:105670004BF0020B0024009B2B4400225A71009B2C
:10568000284683F804B01C6003B0BDE8F08F3A46AA
:105690003346384631460BF0EBFA10B14BF0080BAD
:1056A000E9E726F00044584B4FF0FF3238462146D8
:1056B0000BF0DEFA58B92146534B4FF0FF32384613
:1056C0000BF0B8FA044610B94BF0040BD3E74AA329
:1056D000D3E90023384631460BF0A2FA00286CD0FB
:1056E000DFF828A14FF008080F243A4633467AE83D
:1056F00002010BF023F842A3D3E90023019089466D
:105700000BF08EFA28B1012303FA08F3019FE41A83
:105710004E46B8F10108E8D20C9B3BB10C9A24EA42
:10572000E473013313449D42A8BF1D46384B03EB7D
:10573000C503D3E90023384631460AF049FE30A3B9
:10574000D3E9002306460F460BF07EFA40B13046FF
:105750003946304B00220BF01BF9013406460F4648
:10576000304639460BF002FB009BDFF8AC80DFF8D7
:10577000AC9003F1050AC3F1FF2303F57F03FB336C
:1057800006460F460193019B53449D427FF773AF3A
:1057900042464B46304639460BF0D0FA00F1300C09
:1057A000494640460AF801CB16461F460A22002306
:1057B0000BF0C4FA80468946E5E7DFF864A04FF0B5
:1057C00008080F243A4633467AE802010AF0B6FF89
:1057D00009A3D3E90023019089460BF035FA28B1DB
:1057E000012303FA08F3019F1C444E46B8F1010857
:1057F000E8D291E7AFF3008000003426F56B0C434C
:105800000080E03779C34143FFFFEF7F78751108CF
:1058100070741108000024400080C6A47E8D03002F
:10582000307511082DE9F04107460E46154642B97C
:10583000FFF7A4F9092303604FF0FF342046BDE8C9
:10584000F081B2F86C309B0706D4FFF797F9092373
:1058500003604FF0FF3418E0D3693BB90A460146B4
:10586000A86907F0F7FE041EE8DAF2E7104600F038
:105870006CF9284600F093F800280DDA4FF0FF3459
:10588000284600F080F9002CD8DA95F86E3043F005
:10589000020385F86E30D1E7D5E90840241A402C80
:1058A00001D13F2E1BD8B44228BF34462246394688
:1058B00000F018FB6B6A2A6A23449342A6EB0408A3
:1058C0006B623C4404D2B8F13F0F13D9464607E05F
:1058D0000021284600F01BF80028F4DACEE73C4609
:1058E000A8693246214607F0B5FE0028C6DB04440D
:1058F000E41BC5E7B8F1000FFAD02146686A4246BA
:1059000000F0F0FA6B6A43446B62BC19F0E7F8B53B
:105910008369002B05460F463EDBB0F86C309B07D1
:105920003AD500F012F9EC69FCB16E6AB44207D1C5
:10593000284600F028F96C6AE969641A2046F8BD27
:10594000AB6A9C4226D1361BA8693246214607F035
:1059500081FE00280DDA95F86E3043F0020385F8D9
:105960006E30FFF70BF904686442284600F00BF92B
:10597000E4E70444361A0FB1002EE5DCEB696B62F4
:105980002644B442D4D06B6A5A1C6A6214F8012BC4
:105990001A70F6E70024E8E76FF00804CEE710B5C8
:1059A000044630B9FFF7EAF8092303604FF0FF30EF
:1059B00010BDC369F3B100F0C8F8A06AE269904273
:1059C00013D0636A94F86F101B1AC4E909220022ED
:1059D00084F86F20591A0122204600F03CFB002871
:1059E00003DA204600F0CFF8E0E7204600F0CBF8DD
:1059F0000020DDE71846DBE770B591F86E305B07F5
:105A000005460C461AD506463046711B037801360A
:105A10003BB122460121FFF705FF002803DC4FF0D0
:105A2000FF31084670BD16F8013C0A2BECD101216C
:105A30002046FFF76CFF0028E6DAF0E700F097FA5F
:105A400001460028EDD022462846FFF7EBFE40EA4B
:105A5000E071E6E770B586B004460D46014601A840
:105A6000164600F0D5F9204600F06FF82946324678
:105A700001A8FFF79CF90546204600F084F8284667
:105A800006B070BD08B5FCF7F4FA002803DABDE8EB
:105A90000840FFF773B808BD10B501220021044685
:105AA000FFF7A3F8002803DABDE81040FFF766B857
:105AB00020460121BDE81040FFF7CBB870B5044681
:105AC0004FF0FF3500265830FFF7E6FF04F168007D
:105AD000C4E97066C4E91E656567FFF7DDFF04F180
:105AE000DC00C4E93B65C4F8E850FFF7D5FFC4E922
:105AF0005865C4F85C5104F5A870BDE87040FFF724
:105B0000CBBF38B504465830FFF7BCFF0023C4F8BC
:105B1000C431D4F8C0516DB904F16800FFF7B2FF89
:105B200004F1DC00FFF7AEFF04F5A870BDE83840D3
:105B3000FFF7A8BF284650F8043BC4F8C031FFF770
:105B4000A1FF284600F0EAFAE3E770B504460BF03F
:105B500023FF23699842054611D0261D30460BF0DD
:105B6000E9FD031E07DAFFF709F80368042BF5D0F7
:105B70007D2BF3D05B422BB92561012301E06369E2
:105B80000133636170BD10B504460BF005FF636916
:105B90005A1E012B62610BD14FF0FF332361201D90
:105BA0000BF05AFE002803DABDE81040FEF7E6BF0E
:105BB00010BD0A22002100F003B808B50BF0FAFE70
:105BC00073B50C460190164690B301A800F060F939
:105BD000019B1D782D2D01D02B2D13D10133019365
:105BE00001983246214600F025F82D2D0FD1B0F155
:105BF000004F09D9FEF7C2FF222303604FF0004097
:105C00007CB915E00025EBE7FAD04042F8E7002820
:105C100005DAFEF7B3FF222303606FF000403CB1CA
:105C200035B1236813F8012CAA4201D1013B23604E
:105C300002B070BD2DE9F04385B00E4601901546C7
:105C4000044600284FD001A800F022F9019B1F78DC
:105C50002D2F01D02B2F19D101330193284601A9F3
:105C600000F045F8051E13DAFEF788FF16230360DF
:105C7000002476B33FB1019B13F8012CBA4204BF54
:105C800003F1FF330193019B336022E00027E5E736
:105C90004FF0FF38B8FBF5F805FB08F96FEA090982
:105CA0000024019B03AA1878294600F0CBF858B1CC
:105CB000444503D8039B10D199450EDAFEF75EFFE9
:105CC000222303604FF0FF342D2FD2D16442002EE7
:105CD000D1D1204605B0BDE8F08304FB0534019B1B
:105CE00001330193DDE70029CDD10C46F1E770B512
:105CF00002460C680D4698B92378302B22D1637880
:105D000003F0DF03582B04F101061DD1A078102108
:105D100000F098F8C0B1023410222C60104670BD1B
:105D2000102809D12378302BF7D1637803F0DF03F3
:105D3000582BF2D10234F0E7831E182BEDD94FF027
:105D4000FF30ECE70A22E8E734460822E5E738B5F9
:105D5000054600686B691C1A944228BF1446002C43
:105D60000ADD2B692246184400F0BCF82B682A692A
:105D7000234400212B60D154204638BD07B50122B1
:105D80008DF807100DF10701FFF7E1FF03B05DF893
:105D900004FB0000064B4360064B8360064BC36068
:105DA000013A00230360016142610B70704700BF3C
:105DB0007D5D10084F5D1008DD5D1008036801333C
:105DC00003607047034B4360034BC36000230360D1
:105DD000704700BFBD5D1008DD5D100800207047F2
:105DE00000690121FFF793BD38B504460D462169CE
:105DF000284600F065F9013003D0236801332360A1
:105E000038BDFEF7BBFE0368042BF0D0F8E70000B6
:105E1000094B4360CB6963B1B1F86C30074A13F4A6
:105E2000807F074B18BF1346C360002303600161E6
:105E30007047034BF8E700BFE95D1008E15D10080B
:105E4000DD5D10080A290ADC2F281EDD2F31814272
:105E50001BDBA0F13003012002B11360704724293D
:105E600013DCA0F13003092BF3D9602805DD56318E
:105E700081420ADBA0F15703EDE7402805DD36310A
:105E8000814202DBA0F13703E5E700231846E3E790
:105E900070B5056804462E460135307800F0D0F81C
:105EA0000028F8D1266070BD38B5054600F05FF8CF
:105EB000013000F03BF9044610B1294600F033F8F8
:105EC000204638BD10B5431E0A44914201D100203E
:105ED00007E013F8014F11F8010B201A01D1002C33
:105EE000F3D110BD0A44914200F1FF3300D1704755
:105EF00010B511F8014B03F8014F9142F9D110BDD3
:105F000002440346934200D1704703F8011BF9E7AE
:105F100003461A788A42184603F1010302D0002A88
:105F2000F7D110467047421E11F8013B02F8013FBD
:105F3000002BF9D1704710B5034692B10A440846C8
:105F400004460130904203D100221A70204609E035
:105F500010F8014C03F8014B002CF1D1401A013824
:105F600010BD084610F8013B002BFBD1F6E70346B5
:105F70001A46013311780029FAD1101A704710B56A
:105F8000024601448A42134603D01C780132002C99
:105F9000F8D1181A10BD000007B5064B1B78034155
:105FA000DB0703D5019201AA0CF044FA03B05DF8B7
:105FB00004FB00BF540300200EB403B503AA52F83B
:105FC000041B0192FFF7E8FF02B05DF804EB03B099
:105FD00070470000024B1A7818701046704700BFD7
:105FE000540300200346044A012B32F8100001DD5F
:105FF00001B10130704700BF807511084FF4C871BE
:1060000090FBF1F201FB120203465AB1642290FBAD
:10601000F2F002FB103030B113F0030F0CBF01207F
:1060200000207047012070471FB5002001A90BF028
:10603000D1FA0028ACBF0298002005B05DF804FB3F
:10604000202805D0093804288CBF00200120704783
:1060500001207047704700F000B870B50D46164635
:10606000044630B9FEF78AFD092303604FF0FF3084
:1060700070BDFFF794FC0028F8DB204600F010F814
:106080000028F3DB0023A06984F86F3032462946EC
:1060900006F081FE01304FF0FF3018BF0020E7E727
:1060A00048B1C36953B1B0F86C3013F0020305D0A6
:1060B0000121FFF72CBC6FF01500704718467047A0
:1060C00037B50A468DF8070004460D460DF1070066
:1060D0000121FFF7A7FB002804DC4FF0FF34204626
:1060E00003B030BD0A2CFAD195F86E305B07F6D5B7
:1060F00001212846FFF70BFC0028F0DAEDE700004D
:1061000008B50A460146034800F063F8024B1860E0
:1061100008BD00BF9A751108D81D0020024B01462A
:10612000186800F0F1B800BFD81D0020024B0146EE
:10613000186800F03FB900BFD81D0020024B0A4686
:106140000146186800F08BB9D81D0020024B0146AB
:10615000186800F04EBA00BFD81D0020F8B5056AD7
:10616000012D04460E46174632DC00F06FF806F1AA
:106170001F0020F00F00F219E368A0F1100122F0D7
:106180000F02561A3344E36004EB850308251961B6
:1061900040F8105C196901274F60103EA0F108011A
:1061A00040F8086CA2F108064D609E6142F8085C58
:1061B0009A6950F8083C3B435360236A3B442046AD
:1061C000236200F07BF82046BDE8F84000F066B896
:1061D000F8BDF8B501F10F0323F00F03A2F5B27576
:1061E0000D444FF4B2720021064618461C46ED1AC3
:1061F00003F5B277FFF784FE034600F1340200F5A1
:10620000AA71DA62A2F1100010328A42186403F116
:106210001003F6D1012200212046FEF7E6FC0028FB
:106220000EDAFEF7ABFC2A4639462046C4E956642E
:10623000FFF794FF04F5AC7009F072FC2046F8BD3E
:1062400001212046FEF705FDEDE7000013B5124BD6
:106250001B68044653B101A9FEF7E4FC019B002B27
:10626000D4BF6FF00A00002002B010BD0BF094FB09
:1062700000280DDB20460BF05DFA0028F4DAFEF76B
:106280007DFC00680428F5D07D28F3D04042EBE780
:106290006FF00200E8E700BF7015002008B5064B5C
:1062A0001B683BB90BF0D8FA002803DABDE80840B8
:1062B000FEF764BC08BD00BF7015002038B5054668
:1062C00008680C4600F015F805EB001205EB001508
:1062D0002432EB6A23B1196811B12068814205D3D9
:1062E0009460C4E9023203B1DC6038BD1A469B6891
:1062F000F0E7B0F5800F08B504D200090CF0ACFF50
:10630000013808BD1220FCE770B505460C4679B18E
:10631000FFF79CFF00280CDAEFF3108372B6D5F874
:1063200054212260C5F8544113F0010F00D162B628
:1063300070BD54F8043C23F0010344F8043C54F8C5
:10634000083CA4F10801CA185068C60713D4D2E962
:106350000206CB58B060134408B1D668C660126814
:1063600054F8080C104444F8080C5A6802F0010272
:1063700002435A601A4654F8043CCB1A5868C007C6
:1063800010D4D3E90210816009B1D868C8601968D7
:1063900054F8080C08441860516801F001010143E9
:1063A000516019462846FFF789FF2846BDE870402E
:1063B000FFF774BFF8B506460F46EFF3108372B6C9
:1063C0000022D0F85441C0F8542113F0010F00D13D
:1063D00062B6002C38D1002F34D007F1170525F014
:1063E0000F05AF422ED83046FFF730FFB5F5800FCE
:1063F00031D22846FFF77DFF06EB0010C46AF4B1E6
:106400002268A368AA4228D3E26893600BB1E268CD
:10641000DA602368581B0F280CD961196051234496
:106420004D6025605A6802F0010202435A6030460E
:10643000FFF744FF636843F00103636008343046AC
:10644000FFF72CFF2046F8BD256821463046FFF7B0
:106450005BFF2C46BDE71220CEE71C46CFE72DE9B7
:10646000F84F804614460E4621B9BDE8F84F114654
:10647000FFF7A0BF12B9FFF747FF18E002F11703BB
:1064800023F00F0B5A4500F2B280A1F10805FFF787
:10649000DDFE56F8089CCB450CD804D25A46294656
:1064A000404600F0B2F84046FFF7F8FE344620467A
:1064B000BDE8F88F56F8041C05EB090A21F001012C
:1064C000691ADAF804304868DA0754BF55F80970D9
:1064D0000027C30754BF0868002007EB09030344E3
:1064E0005B4571D3B842ABEB090308D2984252D254
:1064F000A3EB000B034633B95B46344623E09F42CF
:10650000FBD2DB1BBB46D1E9024294600CB1CA68E6
:10651000E2609842A5EB030540D90A68D21A4B44C1
:106520000A602B600C6844F001046C60DAF8040027
:1065300000F001001843CAF804004046FFF7BEFE11
:1065400005F108045B46D3B1DAE902120AEB070051
:10655000916011B1DAF80C20CA602A689F421A448F
:106560002A602BD9FB1AAB50A9182A684A604768E1
:1065700007F001073B4343604046FFF79FFE40465C
:10658000FFF78CFEB44292D0A9F1080231462046B2
:10659000FFF7A8FC8BE74FF0000BACE72B6809EB8B
:1065A00003026B682A6043F001036B60DAF8043081
:1065B00003F001031343CAF80430C1E7436803F052
:1065C00001031A434260DAE74046FFF767FE2146BF
:1065D0004046FFF7EFFE044600283FF468AF31461F
:1065E000A9F10802FFF77EFC3146404643E700244C
:1065F0005DE738B50D46FFF7DDFE044618B12A46C3
:106600000021FFF77DFC204638BDF0B40D684C1921
:106610000B466168C907064619D4D4E902175859D0
:10662000B960204409B1E468CC601C685D59A41AC3
:1066300099182C449C504A601A6044689B5804F096
:1066400001041C4344603046F0BCFFF737BE02F142
:1066500010018D420BD39918AD1A9D504A601A60F3
:1066600065689B5805F001051D436560ECE7F0BCCB
:106670007047406803889BB223EA02030B43038000
:106680007047F8B5C3698B4205460C4636D083681F
:10669000B1EB530F4FEA530632D2B1EB930F4FEAEF
:1066A00093062FD2B1EBD30F4FEAD3062CD2B1EB26
:1066B000131F4FEA131629D2B1EB531F4FEA53169B
:1066C00026D2B1EB931F4FEA931623D2B1EBD31F1F
:1066D0004FEAD31620D21E0A38274022002128462E
:1066E000FFF7C7FF382239462846FFF7C2FF0022CE
:1066F00040212846FFF7BDFFC5E90746286AF8BDD7
:106700000027EAE70827E8E71027E6E71827E4E785
:106710002027E2E72827E0E73027DEE710B54368C7
:1067200089B203F1080422889207FCD59981436855
:1067300003F108010A88D207FCD598891B8980B229
:1067400010BDF8B51F4690F82430082B06460C46BD
:10675000154615D8B7B1CCB114F8011B3046FFF778
:10676000DDFF0DB105F8010B013FF3E75CB134F833
:10677000021B3046FFF7D2FF0DB125F8020B013F97
:10678000002FF3D1F8BD4FF6FF71F2E7FF21E5E7E7
:1067900010B500F1100469B120460AF0CBFF0028C3
:1067A00007DAFEF7EBF900680428F5D07D28F3D06E
:1067B000404210BD20460BF04FF80028F9DAFEF7F2
:1067C000DDF90068F4E70000F8B590F825308B4259
:1067D00004460D462ED004292CD8174B5E5C174B6F
:1067E0005F5C40220021FFF744FF3A4631462046D5
:1067F000FFF73FFF002240212046FFF73AFF042D1C
:106800000CBF1746164620460A464FF0000114BF3B
:1068100010271026FFF72DFF626893889BB223EAAA
:1068200007033343938020460A464021FFF721FFA8
:1068300084F82550F8BD00BF9F751108A475110894
:10684000F8B590F824308B4204460D4617D008293D
:1068500016D0102913D100274FF4006640220021E2
:106860002046FFF706FF3A4631462046FFF701FF74
:10687000002240212046FFF7FCFE84F82450F8BD9A
:106880004FF400670026E9E770B5EFF3108672B6A3
:10689000032825D1154C257B05BB1548F9F778FD54
:1068A0001448F9F775FD1448F9F772FD4CF6BB4230
:1068B0004FF441712046FFF7DCFE08230F49A38403
:1068C0002046E561FFF7DDFE636807221A8240215A
:1068D0002A462046FFF7CDFE01232373204600E021
:1068E000002016F0010F00D162B670BD58030020E1
:1068F000136808001468080015680800801A06006C
:1069000008B50AF0CFFE002008BD000010B54FF01A
:10691000E0240B49D4F8203D23F07F4343F00043AB
:10692000C4F8203D074B636100220F20FAF7CEFC2C
:1069300007232361BDE810400F20FAF7ABB900BF71
:10694000016910083F90020030BF70474368002083
:106950001960704710B5044620460AF0EBFE002887
:1069600007DAFEF70BF900680428F5D07D28F3D08C
:10697000404210BD70B50F484468A269136813F017
:10698000270515D09B0711D52168D26C29B1237C2E
:106990000E68234492B2197FB047237C227B0133D7
:1069A000DBB29A4223749CBF00232374A3691D6049
:1069B000002070BD9003002010B50C5824EA02049A
:1069C0001C430C5010BD80690B4629B14FF0806309
:1069D00000220421FFF7F0BF4FF08062F9E78069E1
:1069E0000B4621B1802300220421FFF7E5BF80225E
:1069F000FAE780690B4621B1202300220421FFF72A
:106A0000DBBF2022FAE780690B4621B14023002238
:106A10000421FFF7D1BF4022FAE7000043689869DC
:106A20000B4621B1034B00220421FFF7C5BF014AE9
:106A3000FAE700BFE000000480694FF080430022C5
:106A40000821FFF7B9BF08B50AF006FF002803DAEE
:106A5000BDE80840FEF792B808BD000010B54468D4
:106A6000E37B33B9A0680430FFF774FF002806DA2F
:106A700010BD013BDBB2E373002BF9D1F2E7A36851
:106A80001B78012B11D82079FAF7F2F8002220792F
:106A90001146FAF71BFCA37B013B022B05D80848E3
:106AA0004FF480720021F9F7EDFFA26813780BB163
:106AB000013B1370A068BDE810400430FFF7C3BF6E
:106AC0002438024070B54468EFF3108672B6E37B59
:106AD00003BBA0680430FFF73DFF00281ADBA36862
:106AE0001D789DB9A37B013B022B0FD80C484FF4B6
:106AF00080722946F9F7C6FFA37B013B022B05D81C
:106B000007482A464FF48071F9F7BCFFA0680430AB
:106B1000FFF799FF16F0010F00D162B670BD00BFFC
:106B200024380240F8B54468657B04F11C0361B168
:106B3000184600220139AA425ADA10F8016B8E4237
:106B400040D122740122227301E0217425730022B6
:106B5000257B19461346AA4202EB820601DA062A71
:106B600032D16FF04042A0693421FFF725FF267B28
:106B700004F122050622002302EB8201B242A1F1B8
:106B80001E0101DA0C2A25D16FF040423021A069A4
:106B9000FFF712FF267B711E090504F128070C225E
:106BA000002302EB8200B242A0F13C0001DA102A7D
:106BB00017D1A0690B436FF07F422C21FFF7FCFE39
:106BC0000020F8BD0132B6E711F8010BB0400343D5
:106BD0000132C0E715F8010B00FA01F10B43013255
:106BE000CAE717F8015B05FA00F003430132D8E762
:106BF0006FF01200E5E70000F8B54468E67B074651
:106C0000002E69D1616920793246FAF75FFB051ED3
:106C100060DB3846FFF756FF7D68AB6940F6FF72D0
:106C20005A62AB699E622B7FA869042143F400037A
:106C30001F22FFF7C1FE7B6828489A69D0609B69D4
:106C4000274A1A61EB7CA869002B14BF4FF48073AC
:106C500000233246FFF7B0FE3346224AA8690821D6
:106C6000FFF7AAFE6B7B1BB131463846FFF75AFF90
:106C70001D4A1E4BD2F804130B40C2F80433AB7C00
:106C80007868032B06D880691B064FF040720421F8
:106C9000FFF792FEA869012300220821FFF78CFE6E
:106CA0002046FFF7C9FEA0680430FFF753FE051E1B
:106CB00010DBA3681B7813B92079F9F7EBFFA26802
:106CC000137801331370A0680430FFF7BCFEE37B38
:106CD0000133E3732846F8BD0025FBE76DDBB605FD
:106CE0006DDBB62D0208003000200140E0103CFFB3
:106CF000F8B50A29456807460B460BDC002911DB6D
:106D00000139092941D8DFE801F04F1E1E1E1E1E61
:106D1000195A611440F60132914206D040F604320D
:106D200091420DD06FF018040BE06C7C14F001045C
:106D300007D06C7B2CB12846FFF77EFE002400E0D4
:106D40002C7B2046F8BD1478033B21462846032BB4
:106D500003D8DFE803F00508170BFFF754FEEDE753
:106D6000FFF747FEEAE7FFF73AFEE7E7FFF74BFEDC
:106D700021462846FFF73DFE21462846FFF72FFE15
:106D800021462846FFF71FFED8E71478164BD3F8A4
:106D9000042324B142F40002C3F80423CEE722F412
:106DA0000002C3F80423CCE714780F4BD3F8042374
:106DB00014B142F48002EFE722F48002F1E7A869FF
:106DC000012300220821FFF7F7FDB7E7D6B23146CD
:106DD0003846FFF7A7FE041EB3DB0EB100233B8647
:106DE0002846FFF729FEACE700200140012810B536
:106DF0000BD1074CD2B26068102A28BF1022427310
:106E00001C30FFF76FF8204610BD0020FCE700BFE4
:106E100090030020F0B5057A002201466D09104666
:106E20000C260127D3B29D4200D8F0BD4B6806FB6B
:106E300002F403EB040C1B5D13F00F0309D09CF864
:106E40000440E40705D5013B5B0007FA03F3034365
:106E500098B20132E6E76FF01800704704280CD1B1
:106E600024391C299FBF0648C840C04300F00100D8
:106E700088BF012080F0010070470020704700BFEC
:106E80000101111108B50246407A00F007000B46D7
:106E9000FFF7E4FF126908B1985808BD985A80B20C
:106EA000FBE710B50446407A00F007000B46FFF7F9
:106EB000D5FF216908B15A5010BD92B25A52FBE772
:106EC00070B50C46202116460546FFF7DBFF630030
:106ED000A20002F0100203F00403134304F00102C5
:106EE0001343E20002F040021343220102F48072D5
:106EF0001343620102F48062A4011A4304F4805433
:106F000014433EB140EA040228462021FFF7C9FF9E
:106F1000002070BD20EA0402F6E770B50646407A0C
:106F200000F007000C46FFF799FF15461A46034686
:106F30003069204423B12946BDE87040F9F7A2BD6D
:106F4000A9B292B2BDE8704000F023BE70B50D4604
:106F50002C2114460646FFF795FF6B1E00FB04F23A
:106F600002F50042032B4FEA124205D8302101EB13
:106F700085013046FFF795FF002070BD2DE9F041F7
:106F80000F46C3680D4657F8201B9942044615D199
:106F900095F90810481C03D100263046BDE8F08161
:106FA00019B90835BD42F3D1F6E76A68C9B220467F
:106FB000FFF7CCFF06460028F3D0EEE74FF6FE724F
:106FC0004369B3FBF1F6164496423AD9721C3AD0A3
:106FD0004FF6FF72B6FBF2F6B3FBF6F2B2FBF1F23C
:106FE000012A33D9B2F5803F32D2013A2C21204612
:106FF000FFF757FF721E92B228212046FFF751FF7C
:107000002E464FF00C0896F908104B1C23D1012294
:1070100014212046FFF745FF2046FFF7FBFE012223
:1070200001462046FFF74CFF061EB6DB0022012377
:1070300011462046FFF771FF002EAED12B68E360AA
:10704000ABE70126C8E74FF48036C5E70122CDE75C
:107050004FF6FF72CAE711F0FF0115D0207A002326
:1070600040098342D3DA626808FB03FC12F80C2063
:1070700002F00F028A4201D00133F2E77268204623
:10708000FFF764FF0028C2DB0836B742BBD1BEE77A
:1070900070B50446EFF3108672B60025C5602A4627
:1070A0000C21FFF7FEFE2A4620461021FFF7F9FECD
:1070B0002B46294601222046FFF72FFF2046FFF7E7
:1070C000A9FE2A4601462046FFF7FAFE16F0010FF8
:1070D00000D162B670BD000070B50446FFF7D8FF5E
:1070E000237A03F01F03033B0A2B2BD8DFE803F0BE
:1070F0001D06132A2A2A162A2A2A1A0013480421AE
:107100000022F9F7BFFC00250C26237AB5EB531FAC
:107110000EDB002070BD0D480821F1E70C484FF44C
:107120008031EDE709488021EAE708480221E7E7D6
:10713000636806FB0533986810B1C0B2F9F728F907
:107140000135E2E76FF01500E4E700BF4038024088
:10715000443802402DE9F047037A03F01F03033B54
:1071600004460A2B00F2FC80DFE813F047000B0016
:107170003D00FA00FA00FA004000FA00FA00FA00B6
:107180004400794804220021F9F77CFC00250C26F4
:10719000237AB5EB531F33DB2046FFF73BFE00227B
:1071A00001462046FFF78CFE0028C0F2D580002360
:1071B000194601222046FFF7B0FE00212046FFF7C6
:1071C00061FE637A13F0050F82B227D022F07002BD
:1071D000C3F3C20392B2042B00F2BC80DFE803F0D9
:1071E0001E1C3B3E410060480822CCE75F484FF43C
:1071F0008032C8E75C488022C5E75B480222C2E7CC
:10720000636806FB05331A79D10703D5986808B17E
:10721000F9F7BEF80135BBE742F0100242F08002F8
:1072200000212046FFF73DFE00260C27227AF3B20C
:10723000B3EB521F18D3637A03F00703052B01D079
:10724000032B06D14FF40043002244212046FFF7D0
:1072500064FE002080E042F02002DFE742F04002BE
:10726000DCE742F06002D9E7636807FB06F813F831
:1072700008301A0764D07F2B03F00F0A4FEA13156A
:1072800068D8BAF1020F05D8BAF1000F62D04FF0FA
:10729000180907E00AF10D0303F00F03012B59D879
:1072A0004FF01C09494620460AF1FF3AFFF7EAFD74
:1072B000BAF1030F4CD8DFE80AF0024502452B0172
:1072C00020F07B0043F0080343EA000249462046D1
:1072D000FFF7E7FD63680421204613F8085003EB2D
:1072E0000809FFF7CFFD202180462046FFF7CAFDA1
:1072F00099F8043005F00F0513F0020F4FF0020269
:1073000005F1FF3515BF05FA02F3AB009A409A402C
:107310004FEA85054FF0080314BF024320EA02023A
:1073200003FA05F522EA050543460022042120461A
:10733000FFF7F3FD2B46002220212046FFF7EDFD4D
:10734000013673E72B0320F4F64043F40063BBE7F8
:107350000023B9E76FF0150040EAE070BDE8F08760
:107360006FF01500FAE700BF403802404438024091
:1073700003380A289ABF024B53F8200000207047B8
:10738000E875110810B5D0F898321B78012B16D08B
:10739000022B13D14FF08061EFF3108072B6094ACF
:1073A000D2F8203841EA030423EA0103C2F8204856
:1073B000C2F8203810F0010F00D162B610BD4FF0B6
:1073C0000071E9E700300240D0F898329A685369BA
:1073D00019B143F012035361704723F01203FAE727
:1073E00031B9D0F898329A68536923F00103536198
:1073F00070476FF025007047F0B5D0F89852374AC3
:10740000A86883681A40B2F1806F4AD0344A1A40A3
:10741000B2F1006F47D023F06F4323F47E031B0CBF
:107420001B04B3F1805F56D10222120102F5C0762F
:1074300002F5C2778359002383510B88A8685B0546
:107440003350AC688B78385920F4877003F00F0301
:1074500020F00100184338513BBB081D1C46AF68A3
:1074600002F5C471042BCC5133DD052B017808D013
:10747000062B018805D0072B847814BF016841EAE8
:107480000441AB6802F5C6720020D150AA68536966
:1074900043F001035361AA68B35843F00103B350AA
:1074A000F0BD0022C1E70122BFE7012B0C7901D119
:1074B000481DD4E7022B8C8801D1881DCFE78F7936
:1074C000032B13BF4C68C81D44EA074401F10800B0
:1074D000C5E70021D5E76FF00F00E1E701000004E8
:1074E00000010008D0F898329B6898680B4B034065
:1074F000B3F1806F0FD00A4B0340B3F1006F0AD095
:1075000020F06F4020F47E00000C000400F1704376
:107510005842584170470120704700BF01000004E5
:1075200000010008D0F898329B6898680B4B034024
:10753000B3F1806F0FD10A4B0340B3F1006F0AD152
:1075400020F06F4020F47E00000C000400F1704336
:107550005842584170470020704700BF01000004A6
:10756000000100088268136843F00103136082B0D1
:107570004FF6FF730193019B3BB9019B002B0CBF9E
:107580006FF06D00002002B0704783685B68DB0716
:10759000F3D4019B013BEDE78268136823F00103FC
:1075A000136082B04FF6FF730193019B3BB9019BBF
:1075B000002B0CBF6FF06D00002002B07047836895
:1075C0005B68DB07F3D5019B013BEDE72DE9F74F46
:1075D000A1F5D8510239D0F8984215460A2900F28F
:1075E000A180DFE801F006209F9F9F9F5D669F823C
:1075F0009100A368DB69C3F301620132C3F3025156
:10760000AA71C3F3034201320131C3F309032A71A2
:1076100001330A4402FB03336971454AB2FBF3F3B9
:107620002B60002039E092F8049092F805B01168C0
:10763000A3683F4FB7FBF1FA09EB0B0101F1010819
:10764000DB690193C24570D320469679FFF78AFF24
:10765000002822DB731E3748019EA2680BF1FF3B16
:107660001B0643EA0B5309F1FF39064043EA09437D
:107670000AEB58013343B1FBF8F1481E0343D361D1
:107680002046FFF789FF002807DB2B796A7913442E
:1076900003FB0111B7FBF1F1216103B0BDE8F08FED
:1076A000A368DA692B7823F0030343EA92732B7003
:1076B000B7E7A3681278DB69D1074CBF43F080437A
:1076C00023F08043204692074CBF43F0004123F053
:1076D0000041FFF747FF0028DFDBA368D9612046A0
:1076E00003B0BDE8F04FFFF757BF2046FFF73AFF62
:1076F0000028D2D1A2681368012D0CBF43F01003FB
:1077000023F010031360EAE72046FFF72BFF002861
:10771000C3D1A2681368012D0CBF43F0400323F0CE
:107720004003EFE76FF01800B7E76FF01500B4E71C
:1077300080DE800200FC80FC38B5D0F89842054617
:107740006078F9F795FAA078F9F792FAE078F9F706
:107750008FFA2079F9F78CFA002211466078F9F750
:10776000B5FD00221146A078F9F7B0FD00221146C0
:10777000E078F9F7ABFD002220791146F9F7A6FD74
:107780002846BDE83840FFF7FDBD30B5D2F8984235
:107790001046A26853685B0785B002D4002005B08C
:1077A00030BD0023CDE90233916911F001031EBF02
:1077B0000C238DF8093004238D0741BF9DF8093053
:1077C00043F030038DF8093004234D0748BF43F0E0
:1077D000400311F0700F06D0CD0627D543F0080303
:1077E00004218DF80A10956805F0043121F08061BC
:1077F00009B143F002039560A26804215160002B97
:10780000CCD0ADF804309DF8063023F03F0343F0B0
:1078100028038DF806309DF8073002AA6FF3410364
:1078200069448DF80730FBF79BFEB8E78D0603D55A
:1078300043F008030221D4E711F0300F02D043F0E7
:107840002003D0E74D0603D543F008031021C8E715
:1078500011F0500F03D043F008030821C1E711F0E5
:10786000600F1EBF0E2143F008038DF80B10BAE71E
:10787000F0B5D0F898528C00AA680C3493B0135924
:1078800013F0030348D0090101F5D8739B5813F096
:10789000040744D15E0DADF804609DF80660C3F3A3
:1078A000400326F0300646EA03138DF806309DF8B3
:1078B000073067F341038DF8073001F5DA739E58FE
:1078C0009DF8063066F303038DF8063001F5DC738E
:1078D00001F5DE719B588DF808301E0A8DF809609D
:1078E0001E0C1B0E8DF80A608DF80B308B588DF82E
:1078F0000C301A0A8DF80D201A0C8DF80E201B0E74
:1079000002AA01A98DF80F30FBF72AFE0346A968E9
:10791000625842F020026250184613B0F0BD6FF07A
:107920002503F4E701211046FFF7A2BF002110460E
:10793000FFF79EBF70B5D2F89852AB689E68F1070A
:10794000144604D501229A602046FBF795FEF20505
:1079500006D5AB684FF480729A602046FBF78CFE28
:10796000F30306D5AB684FF480329A602046FBF7EC
:1079700083FE002070BD000070B5D0F89842A26868
:10798000136823F00203054613602046FFF7EAFD63
:1079900078BBA268136823F0F80343F00403136074
:1079A0002269524BB3FBF2F30D2B10D8581EA3EBF8
:1079B00050035A1EB2EB500F4FEA500105D1012976
:1079C00003D9072901D801391A46012305E00E22FF
:1079D00007330621B3FBF2F30722013A01391205FE
:1079E00042EA0142013B1343A2682046D361FFF7FC
:1079F000D3FD002878DBE1686379012202FA03F302
:107A0000D1F8002242F00102C1F80022E168D1F869
:107A1000002202F47C5242F46062C1F80022E16864
:107A2000D1F81C2222EA0302C1F81C22E168D1F835
:107A30000C221A43C1F80C226279E168D20002F5E7
:107A40001072002656506279E168D20002F5117278
:107A50005650E168D1F8042222EA0302C1F8042258
:107A6000E168D1F8142222EA0302C1F81422E26884
:107A7000D2F81C120B43C2F81C32E2681C49D2F83F
:107A8000003223F00103C2F8003260782A46F9F789
:107A90001DFC002828DB1749A0782A46F9F716FCB8
:107AA000002821DB1449E0782A46F9F70FFC00286A
:107AB0001ADB124920792A46F9F708FC002813DB63
:107AC000D5F898329A68536943F40F43536160784C
:107AD000F9F7E0F8A078F9F7DDF8E078F9F7DAF8E7
:107AE0002079F9F7D7F8304670BD00BF80DE8002FC
:107AF0002D79100825791008357910088B77100832
:107B0000012808B507D10A48F8F742FC0948F8F7F8
:107B10003FFC094808BD022807D10848F8F738FC9F
:107B20000748F8F735FC0748F4E70020F2E700BF04
:107B30003098080031980800080500201C980800BB
:107B40001D980800C0070020704738B5836B0D46AC
:107B5000044611468BB92846FEF7E8FAA063A36BEA
:107B6000A3B11D4425F00705ED1AE363E38B6563BC
:107B700043F48053E383002038BD436BAB42EED027
:107B800000F03AF8A36B002BE9D1E4E74FF0FF30A7
:107B9000F2E710B5EFF3108472B603889BB223EAC4
:107BA00001010A43028014F0010F00D162B610BD3A
:107BB00038B504464518AC4202D014F8010B00B9A0
:107BC00038BDF8F745FFF6E738B5094D2C6809F0E0
:107BD000D3FB30B1074A2B68116819B121671B6FBD
:107BE000136038BD1A6F022004F1700100DFF8E75E
:107BF000F41700207015002010B50446806B20B1EA
:107C0000E38BDB0401D5FEF789FAE38B23F4805381
:107C1000E3830023C4E90E33636310BD38B5836B7F
:107C2000CD1D044625F007057BB1436BAB420ED951
:107C3000C36B2A4618460021FEF762F9E26B2A441C
:107C4000E263626B521B03466263184638BD002331
:107C5000FBE7000000B5074A0346106820B108673B
:107C60001B6F13605DF804FB1A6F0220703100DF98
:107C7000F8E700BF7015002070B5836B05460E460F
:107C8000144623B1C18B01F00301FFF7B5FF344463
:107C900024F00704A41BC5E90E666C63002070BDC8
:107CA00082B00022009244F24C11009B834201D327
:107CB00002B070470192019B8B4203D9009B0133B4
:107CC0000093F2E7019B01330193F4E710B5C36819
:107CD000002104468166C16601674BB9124B1B68DF
:107CE000A3F58063C0E90E334FF48063436310BD96
:107CF000406BA0F14C03E06B18444C222067FEF768
:107D0000FFF8E36B616B226F0B4413606369226FB2
:107D100023F001035364236F4FF080729A64236F42
:107D20006FF006029A62E2E76C6D110810B5826E80
:107D300004460B46EAB91A4A126882421AD1194C13
:107D4000216811B9BDE810401847A1F14C00C2E903
:107D50001A3120604C22FEF7C5F8236803F14C026B
:107D60001A602368104A5A6401225A604FF08072E8
:107D70009A6410BD8166016FC166A1F14C004C226E
:107D80002067FEF7AFF8236F03F14C021A60236FF0
:107D9000054A5A64236F01225A60236FE6E700BF49
:107DA000F417002070150020AD7D100838B5094B80
:107DB0001C68F023E56E83F3118862B6A36E20463B
:107DC0009847EFF3108372B60023A366012029467B
:107DD00000DF38BDF417002037B504460D460020FB
:107DE00001A909F0B1FB019B642B05D0642301A913
:107DF0000020019309F014FB00F012F829462046F8
:107E000000F012FF044609F0E3FA04492246F43078
:107E10000BF074F8012003B030BD00BF507611089C
:107E200010B500F0D3FE002000F0E4F8044600F0A6
:107E3000B1F9204600F0B6F9A3682046BDE810402D
:107E4000184700F27440704770B504460E46154658
:107E5000B2B1D0F864343BB1D0F868040AF0FCFF4A
:107E6000D4F864040AF0F8FFD4F860342B60D4F836
:107E70005C346B60D4F86834AB60D4F86434EB6085
:107E80000023C4F85C64C4F8643470BD38B504469B
:107E9000D0F8645409F09CFA8030854208D109F08A
:107EA00097FA80300AF0D8FF0123C4F85C3438BD5B
:107EB000D4F8640488B10AF0CFFFD4F864040AF05F
:107EC000BFFE4FF0FF33C4F86034C4F85C340023C5
:107ED000C4F86834C4F86434E9E7D4F85C040028D2
:107EE000EFDB0128EDD004F076FDEAE738B50D466A
:107EF0000446FFF7CBFF2B68C4F860346B68C4F806
:107F00005C34AB68C4F86834EB68C4F8643438BDDA
:107F100010B50446FFF7BAFFD4F86C0408B1FEF7B9
:107F2000FDF82046BDE81040FEF7F8B80C4608B54D
:107F3000FFF7EEFF2046FDF740FE000038B5D0F811
:107F4000645404466DB90949D0F85C040AF03CFE5B
:107F5000C4F8640438B1D4F85C34C4F86034C4F8AC
:107F60006804002038BD4FF0FF30FBE7348911086A
:107F70000EB417B50446FFF7E1FF58B906AA0599F4
:107F8000D4F868040192FDF765FD03B0BDE8104028
:107F900003B070474FF0FF30F7E70EB417B5044653
:107FA000FFF7CCFF58B906AA0599D4F864040192EA
:107FB000FDF750FD03B0BDE8104003B070474FF02F
:107FC000FF30F7E770B505460C461646FFF7B6FFDB
:107FD00068B92046D5F86434324601210AF02FFFF3
:107FE0000446D5F864040AF037FF204670BD4FF010
:107FF000FF34FAE738B5054640F2C440FEF7A6F86C
:10800000044628B3134B0360134B8360134BC360C8
:10801000134B4361134B0361134B144A8361144B9D
:108020004362C2610223134A80F82B340262C0F813
:10803000603480F8585409F0CBF90123F430C4F8C7
:108040006804C4F85C3409F0C3F98030C4F86404EF
:10805000204638BD79801008117F1008C57F1008B0
:108060009B7F1008717F1008437E1008497E10081E
:108070002D7F1008ED7E100808B590F85804FFF722
:10808000B9FF08BD2DE9F04F0D4685B011460446F5
:1080900000F0BAF80646E8B1A369204698470746BB
:1080A000002867D03549D4F8308430460AF0A3FD63
:1080B000C4F8300488B92769FCF760FD03683049CB
:1080C00000932A462F4B2046B847304600F0C0F8B0
:1080D000C4F830844FF0FF3548E0DFF8ACB0DFF88B
:1080E000AC90DFF89CA04FF0FF3509F071F98030BB
:1080F0000AF0B2FED4F830040AF017FE00239842CA
:10810000C4F83404A4F838340CDA23690393FCF778
:1081100035FD03680093DDF80CC05B464A465146C6
:108120002046E047D4F83024502138460AF026FE95
:1081300098B194F82B349A0704D4636914493A46E9
:10814000204698473946204601F0C0FC05460028E5
:10815000CBD094F82B34DB07C7D4D4F830040AF022
:108160006FFDC4F83084304600F072F8284605B040
:10817000BDE8F08F4FF0FF35F5E700BF8E851108A1
:108180005C7C1108777611087D76110883761108DA
:10819000C4901108014A0249FFF774BF887611089C
:1081A0009776110838B50446F9F774F9084B1D782D
:1081B00001221A70F9F77EF945B9064A06492046A8
:1081C000FFF760FF022384F82B3438BD0020FCE762
:1081D000DC1D00209F7611089A76110808B5024927
:1081E00043699847002008BDBF7D110808B50448C1
:1081F00008F0BEFF034B002808BF184608BD00BFAB
:1082000000771108F776110870B506460C4609B1DB
:108210000B7823B90C48BDE87040FDF745BE2F2B05
:1082200001D10846F7E7FFF7E1FF08490546204678
:108230000BF05AF808B92846EDE7224629463046A1
:10824000BDE8704000F0D0BBF7761108B276110897
:1082500008B1FDF763BF704701292DE9F3410646D8
:1082600017464CDD5568284928460BF03DF8044672
:10827000002845D0254928460BF036F8044640BB77
:10828000234808F075FF234B002808BF1846FDF768
:108290000BFE80460BF052F9054660B135693F6828
:1082A000FCF76CFC036800931B491C4B3A463046B4
:1082B000A8474FF0FF35B8F1000F02D04046FDF758
:1082C0002DFF14B12046FFF7C3FF284602B0BDE8DA
:1082D000F081134928460BF007F8044638B9FFF738
:1082E00085FFFDF7E1FD80460AF0ACF9D2E72946AB
:1082F0003046FFF789FF4FF000080446CAE7002424
:108300000448A046C6E700BFAF7611085D85110896
:10831000F9761108F77611085C7C1108B47611081B
:10832000B17611082DE9F04F85B0674C0091834676
:1083300017464FF0000A4FF00108009822463946D0
:108340000BF0A6F8431C13D10BF0AFF8D0F8009057
:1083500007EB8907009B994525DBB8F1000F15D085
:10836000DBF814305949584698474FF000080DE0A3
:1083700065280FD06E2810D0452811D0DBF81030BA
:108380003A685349584698474FF0FF38404605B081
:10839000BDE8F08F4FF0010ACFE74FF00008CCE7BF
:1083A0004FF0000AC9E70BF080F803684B4504D092
:1083B000DBF81430474958469847BAF1000F67D0A8
:1083C0003D682C462B780BB9237061E05C2B04D000
:1083D00004F8013B2E46751CF4E76B780D2B05F174
:1083E00001060AD80D2B0ED8DFE803F04D0D0D0D58
:1083F0000D0D0D5C5F0D656B62685C2B39D0782BC1
:108400000AD0302B18D023464FF05C0203F8022B21
:108410006A7862701C46DEE703350023029616F880
:10842000012F0393104601920AF091F8DDE9012132
:10843000039BA8B90E461CE0043500217378303B3D
:10844000D8B20828324606F1010603D904F8011B08
:108450001646C0E7B54203EBC101EFD12A46F5E766
:10846000A2F1300009284FEA031305D8AE420344B5
:10847000D4D104F8013BAEE7104601930AF075F839
:10848000019B5738F2E74FF05C03237000236370C1
:10849000DBF8143057F8042B0F495846984709F178
:1084A000010957E74FF00703E3E74FF00803E0E760
:1084B0004FF00C03DDE74FF00A03DAE74FF00D034E
:1084C000D7E74FF00B03D4E7BA7611081D7E1108E9
:1084D000FD7B11088C881108C49011081346024ACC
:1084E000196800F02BB900BFBE76110838B50446F4
:1084F0004569FFF77BFE034902462046A847002056
:1085000038BD00BFBF7D11082DE9FF474B4B0DF172
:108510000C09164601291A889B78ADF80C200546EF
:108520000C4689F802300DD14549002200F032FB9B
:108530006B694449044628469847E417204604B02E
:10854000BDE8F087022901D0042962D17768384656
:10855000FDF70DFD01280DD836682C69FCF70EFBE0
:10856000036800933849394B32462846A0476FF0DC
:108570001504E3E797F80080B8F12D0F0CD0B8F19F
:108580002B0F09D036682C69FCF7F8FA03680093C2
:108590002F492E4B3246E8E74FF0010A17F8011F2A
:1085A00011F0DF0F1FD10223033C012C43D801330C
:1085B0009C0056F8230000F0F9F9043C07463059B6
:1085C00008F0D6FD38BB31593A46284600F080FA0B
:1085D000041EB3DA634200932F691E4B32681E49B2
:1085E0002846B847AAE74846FDF792FC0028C9D0BC
:1085F000A0EB090395F92B240AFA03F35BB2B8F157
:108600002B0F0CBF134322EA0303DBB285F82B3494
:10861000C4E70123C8E7305901223946F9F7F6FAD1
:10862000041E8BDA36682F69FCF7A8FA03680093FA
:1086300032460A4BD3E7002480E700BFDE761108FC
:10864000DD8110081D7E1108357C11081582110886
:10865000FD7B1108D37611085C7C1108F0761108B7
:1086600073B551680446154600F06EFA031E20DA11
:108670009A1C1ED05B42009326690F4B2A680F4953
:108680002046B0474FF0FF366868F9F72BFB00280B
:108690000CDA26692D68FCF771FA03680093074924
:1086A000074B2A462046B0474FF0FF36304602B00F
:1086B00070BD0026E8E700BFE17611085C7C110878
:1086C000EE761108032973B50546144615D1916855
:1086D00060680122F9F79AFA002816DA24682E69F0
:1086E000FCF74CFA03680093104B224610492846C9
:1086F000B0474FF0FF3002B070BD516800F0DCF9B8
:108700000C49002818BF0146E2E76168284600F0DE
:108710001BFA002807DA831C05D0404200902E691E
:10872000054B2268E2E70020E5E700BFEE7611087E
:108730005C7C110823891108E17611082DE9F74FB7
:1087400004460D4610460121164604F053FCB0F1D4
:1087500000081BDA3A4905223046FDF7B3FB28B979
:108760002769384933462A462046B8472669FCF728
:1087700005FA03680093344B34492A462046B04733
:108780004FF0FF36304603B0BDE8F08F4FF4806005
:10879000FDF7CCFC074648B9404604F01CF92669B1
:1087A000FCF7ECF903680093294BE5E7DFF8A4A098
:1087B00000261EE000932549274B2A462046B04755
:1087C0002AE02BD04FF00009E368ABEB090207EB7E
:1087D00009012046984700282EDAFCF7CFF90368F4
:1087E0002669042B21D12A4651462046B0474FF036
:1087F000FF364FF480623946404604F052FCB0F137
:10880000000BDEDAFCF7BAF903682669042BD1D134
:1088100010492A462046B0474FF0FF36404604F044
:10882000DAF83846FDF77AFCACE7009307490B4BC2
:108830002A462046B047DAE78144CB45C4DCD8E776
:108840009D6E110804771108787611085C7C110878
:1088500035771108327D11088BA711083C77110874
:108860002DE9F74F0646894610460121984604F047
:10887000C1FB071E0FDA3469FCF780F90368009327
:108880001D491E4B4A463046A0474FF0FF34204654
:1088900003B0BDE8F08F0C9B002588F8005003F171
:1088A000FF3BC2465A465146384604F0FAFB041EC6
:1088B00014DAFCF763F90368042B18D03469FCF769
:1088C0005DF9036800930C490D4B4A463046A047BA
:1088D0004FF0FF34384604F07EF8D8E7FAD025444C
:1088E0004FF0000308F80530A244ABEB040B0C9BDF
:1088F000002BD7D1ECE700BF5C7C1108787611081B
:108900008BA711082DE9F341044610460F46154682
:10891000984609F030FE0646D8B917490522284680
:10892000FDF7D0FA28B9266914492B463A46204665
:10893000B0472569FCF722F9036800932046104BE5
:1089400010493A46A8474FF0FF34204602B0BDE830
:10895000F081304609F03DFE024658B1089B294699
:108960002046C0470028F4DA4FF0FF34304609F0C3
:108970001DFEEAE70446F9E79D6E11080477110829
:10898000427711085C7C110810B50446FDF7EFFA38
:1089900000212318E443E218002A03DD13F8012C18
:1089A0002F2A00D010BD03F8011DF4E7F8B50446E6
:1089B000207825462646013468B92846FDF7D7FABF
:1089C00000272C18B44204D014F8010CFDF738FB32
:1089D00030B92846F8BDFDF733FB0028E8D1ECE7B5
:1089E00004F8017DEEE7000073B50D4604460E491C
:1089F000284616460AF078FC283460B90B4A3346FC
:108A00004FF480612046FCF789F9204602B0BDE8AA
:108A10007040FDF749BA064A00962B464FF4806134
:108A20002046FCF77BF9F0E7CD7111084C7711086F
:108A30004A77110870B5D0F86C44D0F870540E46DF
:108A40002544AC4212D2701E611E10F8012F11F89D
:108A5000013F9A42F9D01AB93D2B01D1204670BD91
:108A60002046FDF784FA01300444EAE70024F5E7E4
:108A700070B5D0F86C34D0F870648B4205460C4663
:108A80001E4416D88E4214D90846FDF770FA0130FC
:108A9000631E0444321B002A06DCD5F87034181A11
:108AA000C5F87004002070BD14F8012B03F8012FE5
:108AB000F0E74FF0FF30F6E708B5FFF7BBFF0346DE
:108AC00018B13D21FDF724FA431C184608BD0000EB
:108AD000F8B5D0F86C3405460E46174633B1FFF7AB
:108AE000A9FF014610B12846FFF7C2FF3046FDF747
:108AF0003EFA04463846FDF73AFA0444D5F86C04C9
:108B00000234C0B1D5F870140C442146FDF716FBB1
:108B1000024610B96FF00B00F8BDD5F87034184458
:108B2000C5F86C240749C5F870443B463246FCF74B
:108B3000DEF80020F0E72046FDF7F8FA0028E9D03B
:108B40000246EDE73672110810B50446A8B1FFF7EA
:108B500071FF014688B12046FFF78AFFD4F87014F0
:108B6000D4F86C0400290CDC20B1FDF7D7FA0023FF
:108B7000C4F86C340023C4F87034F8F79BFC002070
:108B800010BDFDF7DBFA10B1C4F86C04F5E76FF027
:108B90000B00F5E72DE9F041D0F86C44D0F8706493
:108BA00005460F4690462644B44202D30020BDE855
:108BB000F081224641462846B8470028F7D1204692
:108BC000FDF7D5F901300444EEE7000010B5114B74
:108BD0001B6886B03F339B09039340230024ADF804
:108BE000103002A90C4B8DF808404FF60870059321
:108BF00009F04AFCA04209DB084A094909480094E7
:108C0000012304F0E7FFC01706B010BD4FF0FF309E
:108C1000FAE700BF780A002068771108507711083A
:108C2000567711085B77110870B5054601200E468E
:108C3000FFF7E0F9334601212A46044602F0D6FF49
:108C4000636A01462046984710B50346002418463B
:108C500013F8012B5C2A00D134B18A4200D114B13F
:108C6000002AF3D1104610BD0124F0E7002302785A
:108C700002B970475C2A00F101010AD14BB90346E1
:108C80005A7803F8012B002AFAD10146012308463D
:108C9000EDE70023FBE790F83B3400EBC30302460B
:108CA00093F840349909032902D113F001000CD044
:108CB00092F83C04024492F83D0483070CD48309E3
:108CC000022B05D0032B04D0012000F001007047D7
:108CD000C04300F00100F8E70020F6E770B5056832
:108CE00095F82934044613B1406803F074FEAB686C
:108CF0002846984704F10C060025A368AB4204DC23
:108D00002046BDE87040FDF709BA56F8040BFDF7A0
:108D100005FA0135F1E700002DE9F04180461746DC
:108D20000C46B9B10846FDF722F906463846FDF76C
:108D30001EF9411C31442046FDF700FA054658B99A
:108D4000D8F81030074A0849404698472546284633
:108D5000BDE8F0810E46E9E70023835539460AF065
:108D600081FAF4E7687B1108907C110838B500F1AE
:108D70000C0281680446006801F0A4F8054620460C
:108D8000FFF7ACFF284638BD10B590F83B240332FE
:108D900000EBC202034692F82804800901280BD197
:108DA000002083F82A0481F0010192F8283461F34D
:108DB000000382F8283410BD022803D1002083F874
:108DC0002A04F2E793F83C241A4492F83D048009FF
:108DD00001280CD1002083F82A0492F83D34C3F313
:108DE0008004614061F3000382F83D34E3E783F8D7
:108DF0002A144842DFE700002DE9F04F89B0884689
:108E0000129F00971168044616461D4602F07CFF2B
:108E1000002808DB14BF01210021204609B0BDE86D
:108E2000F04FFFF7B1BF94F82934A3B139464FF49E
:108E3000DB72284604F0DEF8071E0EDA3668256974
:108E4000FBF79CFE036800935449554B324620467D
:108E5000A8470121E1E74FF0FF3794F82834002BB1
:108E600077D02368204698478346002800F08D80FD
:108E70003C20FDF76BF90546002800F08280C0E930
:108E800000B7C0F8088000F10C0A4FF00009C8458F
:108E90001CDC94F829342BB1DBF81C300022394655
:108EA0005846984702A9002008F04EFBB8B1366832
:108EB0002769FBF763FE036800933A4B3246374954
:108EC0002046B8472846FFF709FFC2E756F82900B1
:108ED000FCF7EAFF09F101094AF8040BD7E7D4F8D7
:108EE0002C34002B0BD0029F4FF00100A7EB03079F
:108EF0001CDA09F0F3FC8742A8BF0746029704A8D2
:108F000009F092FC012104A809F09CFC02A904A824
:108F100009F0A0FC244A2B4604A903A809F0A8FCE8
:108F200050B100902769214B3268C8E709F0E3FC93
:108F30008742B8BF0746E1E7039808F059F9029B5A
:108F400000936569039B326819492046A8470021B0
:108F500063E794F8293423B1E36904AA394620462B
:108F6000984732464146204600F0ACFF94F8293439
:108F700005461BB1236A04A920469847002DE6DA6E
:108F800067E7DBF808305846984794F82934002BF7
:108F90003FF45FAF384603F01EFD5AE75C7C1108D2
:108FA000787611086A7B11086D8D1008787B11089E
:108FB000877B1108F8B500250446061D2F46236857
:108FC0009D4202DB00232360F8BD3068FDF7A6F860
:108FD000013546F8047BF2E72DE9F04FA7B0D1F850
:108FE0000080DFF8AC92059204460E46039398F891
:108FF0000070454608F10108002F00F03382394621
:109000004846FCF785FF0028F1D13E2F0DD16B7843
:109010003E2B05BF023535609E4D9F4D18BFC6F8EB
:109020000080284627B0BDE8F08F232F02D135609D
:109030000546F6E7222F039B954A08BF00230393BA
:10904000964B06BF454699469146A846824603463A
:10905000474618F8011B61BB37600026AB46B04697
:109060008F4958460AF00EF903460BEB030707F148
:10907000010997F800A0002B4DD0BAF1000F33D1B1
:10908000002E65D031465A462046FFF745FE05467C
:10909000FFF7ECFD2E46002EC3D0059B1B680D2B61
:1090A000BFDC059A02EB830201335660059A136018
:1090B000B7E718B102785C2A00D193B15C2903D0DC
:1090C000602903D18AF0010A00230BE0BAF1000FF6
:1090D000FAD14846FFF7B8FD0028F5D007F801ABF4
:1090E000BAE701233846B3E75A1E5A44A2EB030CF1
:1090F000002112F801095C2803D1944581F0010197
:10910000F7D1049351B16649781C0AF0BBF8049B6F
:1091100001300344A9E7BAF1000FB1D0BAF1600FF2
:1091200040F04A81314607F8018B5A462046FFF746
:10913000F3FD514606463846FFF786FD049058B9C0
:10914000584B25691A4658492046A847574DA2E76B
:109150002846FFF78BFD64E7049B83F8008000231B
:10916000099308F011FC524A5249034609A809F034
:1091700069FC002802DB099B0693B3B923694E4AB8
:109180004E4920469847DFF8249100274A46314649
:109190002046FFF7C1FD049B064603F1010917B104
:1091A0003846FCF7BBFFCB465AE7302200210DF1D1
:1091B0005C0A0BA8FCF7A4FE3C2200215046FCF7F9
:1091C0009FFEB4F8283407930DF1280B4FF48073F9
:1091D000A4F8283452460023594620460A97FFF740
:1091E000FBFE814648B32046FFF755FD20B3CDF87E
:1091F0002C9001275946002352462046FFF7ECFEEB
:109200000BAB43F8270018B101370B2F0AA9F2D195
:1092100026AB03EB8703072F43F86C8C04DD23692F
:1092200027494A4620469847262300930BAA069BC7
:1092300039462046FFF7E0FD8146079BA4F8283415
:1092400017A8FFF7B7FEB9F1000F0DD02769FBF79C
:1092500095FC03680093184A1A4B1B492046B847EF
:109260000998FCF75BFF8EE7DDF824A017A95046AC
:1092700004F03EF960B32769FBF780FC03680093B4
:109280000D4A124B10492046B84700272DE000BF79
:10929000B07D1108A97D1108AB7D1108D781110897
:1092A000F67B1108A67B1108007D1108A87D110826
:1092B000937B1108987B1108A57B1108907C1108FD
:1092C000697D1108A87B11085C7C1108AD7B110831
:1092D000DDF874B00BF10100FCF728FF074638B940
:1092E0002369614A614920469847DFF884914DE03F
:1092F0005046012103F07EFEB0F1000A31DAD4F8C5
:109300001090FBF73BFC03680093574A594B5A49AE
:109310002046C8473846FCF701FFB6E74FF48062A5
:1093200007EB0901504603F0BCFE002818DAFBF7F2
:1093300025FC0368D4F81090042B07D14A4A4F4902
:109340002046C847504603F046FBE3E7FBF716FC10
:1093500003680093444A4A4B47492046C847F1E70F
:109360008144CB45DAD8474BB9F1000F08D009F159
:10937000FF3B184617F80B10FCF7CAFD414BC8B964
:1093800007F80980504603F026FBB946099804F017
:109390002DF900280ADAD4F810A0FBF7EFFB0368D8
:1093A0000093314A384B34492046D0470998FCF79E
:1093B000B5FEEBE6D946D7E7BAF1240F7FF4F3AE5A
:1093C000BA4631460AF8018B5A462046FFF7A4FCFC
:1093D0007B787B2B064630D107F1020A7D2150466F
:1093E000FFF732FC18B92569284B294AABE68146BC
:1093F00009F8018B039B13B1039A012313602549DC
:10940000504609F071FFF0B994F82A242248234FFE
:10941000002A18BF074694F82B349B0706D420492E
:10942000D4F814C03B4652462046E04731463A46FF
:109430002046FFF771FC0646B5E65046FCF797FD5F
:109440000AEB0009D6E751462046FFF735FB0746F1
:109450000028E0D1504607F08BFE054F002818BFCA
:109460000746D8E73D46DCE5A57B1108907C11084E
:10947000A87D1108787611085C7C1108327D1108EE
:109480008BA71108B07D1108B27B1108B97B1108B8
:10949000BB7B1108F97B1108FB7B1108AE7D11081D
:1094A000BE7B11082DE9F04FA1B004460D463022D5
:1094B000002105A8FCF724FD3C22002111A8FCF79F
:1094C0001FFD0023A4F8283411AA03A92046039500
:1094D000FFF782FD0546002800F0BE80A54909F08F
:1094E00003FF814630B1A449284609F0FDFE00285B
:1094F00040F08E80002311AA03A92046FFF76CFDDF
:10950000074608B103781BB923692A469B4925E021
:1095100094F83C8404EB080393F83D349B09012B39
:1095200014D094F83B6404EBC60393F84034C3F3BF
:109530008113033303F00303012B07D9D4F830342C
:1095400023B1D4F834A4BAF1000F02DA23692A4611
:109550007AE0012E1DD9236989492A462046984779
:1095600094F8403403F03E03002243F00103A4F8D2
:109570003A2484F84034C4F8442411A8FFF71AFDB3
:1095800001212046FFF700FC0546284621B0BDE832
:10959000F08F0136B9F1000FF6B220460CBF01255D
:1095A0000225FFF778FBF21C002304EBC20284F8CB
:1095B0003A3484F83B6440EA851392F82804B4F8FE
:1095C000381404EBC60623F03E0300F03E0051447D
:1095D000034382F828343D4686F84184C6F8441493
:1095E0006849284609F080FE0746002840F032818D
:1095F000034611AA03A92046FFF7EEFC054618B161
:109600000378002B40F0898023695E4A5B49A8E01B
:109610005D49284609F068FE034608BB11AA03A964
:109620002046FFF7D9FC94F83B34033304EBC30323
:10963000054693F82814C1F38112033202F00302A5
:10964000012A03D92369504A504987E741F0C001F4
:1096500083F828140028C3D10023C4F82C3455E122
:109660004B49284609F040FE0346002846D111AA7E
:1096700003A92046FFF7B0FC024610B12369444A13
:1096800044E794F83B04C31C04EBC30393F8281489
:109690008D09032D02D023693D4AD5E718B9236906
:1096A0003B4A3C495AE7C80723D5D3F82C14D4F8D1
:1096B0003004FCF7D0FC002809DA2569FBF75EFAD4
:1096C00003680093324A344B34492046A8470123AB
:1096D00084F83A3494F83B34DA1C04EBC202013BC0
:1096E00092F828146FF3871182F8281484F83B3419
:1096F000B2E741F0010183F82814EBE794F83B341A
:1097000004EBC30393F84034C3F38113033303F032
:109710000303012B3FF664AF18E7214909F0E4FD8C
:10972000034668B911AA03A92046FFF755FC054670
:1097300000283FF469AF0378002B3FF465AF0127A1
:1097400094F83C64A31993F83D349B09012B03D191
:1097500023690C4A0D4904E0012E23D92369094AE3
:10976000074920469847B4F83C3403F46053A4F802
:109770003C3402E7C77B1108CD7B1108FD7B110843
:10978000CC7C1108DC7B1108D37B1108A87C110864
:1097900068A51108E77C1108D67B11085C7C1108CC
:1097A000ECAC11082046FFF776FA0136F6B284F8E1
:1097B0003C6480F0010326445B0096F83D2443F0AE
:1097C000400343EA870323F0380302F038021343CF
:1097D00086F83D340023C4F82C34002D00F0968028
:1097E000AD49284609F080FD0346002840F0A780D7
:1097F0000A22C4F82C2403A911AA2046FFF7ECFB87
:109800000546002800F08280A44909F06DFD064657
:10981000002840F09480034611AA03A92046FFF7D0
:10982000DBFB0746002800F08A80324604A9FCF7DB
:10983000C7F9C4F82C041430272805D8049B9F428C
:1098400002D01B78002B72D02369934A944920469A
:10985000984792E69349284609F046FD0346B0B979
:1098600011AA03A92046FFF7B7FB94F83C24224431
:10987000054692F83D349909012902D02369894AA5
:1098800068E7022161F3871382F83D34A2E7864935
:10989000284609F029FD0346A8B911AA03A92046C4
:1098A000FFF79AFB94F83C342344054693F83D2493
:1098B0009109022902D023697B4A4BE742F0C0029A
:1098C00083F83D2486E77949284609F00DFD0346D3
:1098D00008BB11AA03A92046FFF77EFB10B123693C
:1098E000724A93E694F83C34E21892F83D247F2AB9
:1098F00002D823696D4A2DE71BB923696C4A6D496B
:109900002FE7013B84F83C34C4F82C0411A8FFF77E
:1099100051FB002539E694F83C34234493F83D3458
:109920009B09012B7FF456AF23692A4612E711AA3F
:1099300003A92046FFF750FB05460028E6D0204645
:10994000FFF7A9F90028E1D0DFF86CA10595012601
:109950004FF0000904AB11AA03A92046CDF81090DE
:10996000FFF73AFB20AB03EB860307464FEA860876
:1099700043F86C0C00286ED0049BE3B105AB98440F
:1099800058F8047BBB4617F8011BA1B15046FCF701
:10999000BFFA0028F6D08BF800900136BB4617F8C6
:1099A000011B21B15046FCF7B3FA0028F6D10B2E6B
:1099B000C8F800B0E4D101360A2ECBDD771E20AB0B
:1099C00003EB87033D4953F86C0C09F08DFC18B983
:1099D000012384F828343E46022E58DDA6F1020900
:1099E00020AB03EB8903364953F86C7C384609F009
:1099F0007BFCA8BB012394F8298484F8293420AB8C
:109A000003EB8606204656F8701CFEF7FDFB4E461B
:109A100007464FF0260920AB03EB86030022072EF2
:109A200043F86C2C04DD236926492A4620469847D2
:109A3000CDF800903B4605AA31462046FFF7DCF9F9
:109A4000054627B13846FEF703FC84F8298411A89F
:109A5000FFF7B0FA99E5012EB0D180468146DAE7EA
:109A60001949384609F040FC88B9012394F8298443
:109A700084F8293420AB03EB8606204656F8701C88
:109A8000FEF7C2FB4E4607464FF01609C3E74FF0FC
:109A90000008C1464746BEE7EC7B1108F17B110880
:109AA000FD7B1108DF7B1108E47B1108E97B1108BD
:109AB000DC7B1108E77C1108B07D1108F47B1108EC
:109AC000A97D1108697D1108AB7D11082DE9F843C6
:109AD0000027DFF87C8080F83A7405460E460C4675
:109AE0008946A31BA5F838344146204609F0CAFB35
:109AF000235C22181BB10A2B01D0232B05D1494628
:109B00002846BDE8F843FFF7CDBC3B2B02F101042A
:109B10000CD1177049462846FFF7C4FC98B9A146F6
:109B200095F83A34002BDCD000200CE022212046AE
:109B3000FFF78AF848B9074B2C6907491A462846A7
:109B4000A0474FF0FF30BDE8F883441CE8E700BFB2
:109B5000867D1108D7811108007D110890F83B34EB
:109B6000033300EBC30393F828249209032A09D195
:109B700093F8292480F83C2493F828246FF30002FA
:109B800083F828240020704708B503490369126848
:109B900098474FF0FF3008BD747C110800207047D3
:109BA0004FF0FF30704708B50021436A9847000026
:109BB00010B4CB680A6844691BB1A446034910BCC1
:109BC00060472346024910BC184700BFB47D110806
:109BD000BD7D110870B50E4E04460D46306830B993
:109BE00023690C492A462046BDE87040184729469B
:109BF00009F07AFB50B9636907492A46204698471D
:109C000031462046BDE87040FFF7D2BF1036E5E789
:109C10005C821108747C1108C37D110801292DE9AB
:109C2000F74F04460E46174640F3D08090495068DF
:109C300009F05AFB0546002800F014810122002398
:109C400057F82250002B00F0BF80636989492046F5
:109C50009847636988492046984763698749204641
:109C60009847636986492046984763698549204635
:109C70009847636984492046984763698349204629
:109C80009847636980492046984763698049204620
:109C90009847636979492046984763697D4920461A
:109CA000984763697C49204698476369764920460E
:109CB0009847636979492046984763696F49204608
:109CC00098476369764920469847636972492046F8
:109CD000984763696C492046984763696F492046F5
:109CE00098473DB129462046FFF774FF002003B096
:109CF000BDE8F08F63696B496B4D20469847294654
:109D00002046FFF755FF55F8103F002BF7D10027ED
:109D10003E463D46384608F003FC002834D1002D6D
:109D2000E4D00236502E63696049204696BF502722
:109D30000127B7FBF6F79847013D4FF000083D4477
:109D4000B5FBF7F54545D1D0636959492046984799
:109D5000C1464FF0000A484608F0E2FB834638B19E
:109D6000DBF80C30E3B90AF1010A5745A944F2D1F6
:109D7000636950492046984708F10108E2E74E49D7
:109D80002046904701375CE0C3683BB10068FCF7B0
:109D9000EEF8864205F1010538BF06460137B9E7FE
:109DA000DBF800206369454920469847DBF800004E
:109DB000FCF7DDF883465E45D5D963693E49204608
:109DC00098470BF1010BF6E7002D8BD13C4920465B
:109DD000FFF700FF6369374920469847002635465C
:109DE000314B53F82600FCF7C2F80436854238BFE1
:109DF0000546B82EF4D10235502D94BF50260126C9
:109E00004FF0000998BFB6FBF5F606F12D08B8FB38
:109E1000F6F86369264920469847CA464FF0000B7A
:109E2000BAF12D0F676914D81F4B24494FEA0A1263
:109E300020469A580192B847019A1046FCF797F8C5
:109E40000746BD4262699AD80BF1010B5E45C244D8
:109E5000E6D163691749204609F101099847C845C9
:109E6000D7D154E7022E3FF4F0AE02220123E7E6F9
:109E7000CD7D1108D07D1108E47D11081F7E1108E9
:109E8000237E11082F7E1108377E1108507E11089D
:109E9000587E11085F7E11086E7E1108747E1108CD
:109EA0007D7E11088C7E11085C821108A97E110844
:109EB0008B8811081D7E11088C881108C490110828
:109EC000A47E11082DE9F041144DD2F8008004461B
:109ED0000E461746286808B9114B17E0414609F0AD
:109EE00003FAC8B92B7AB34208DD23690D4942460B
:109EF000204698474FF0FF30BDE8F0816B7AB342BF
:109F000003DA236908494246F2E76B683A4631466C
:109F10002046BDE8F04118471035DBE75C821108A8
:109F2000899B1008357C1108697D11082DE9F04FD7
:109F300091B001A9054603F0E9FA041E4EDB039B2C
:109F400003F47043B3F5804F284603D003F04EFB73
:109F5000044643E008F00FFB0746002842D028469D
:109F6000FCF705F8064630B1431EEA5C2F2A02D101
:109F70000022EA541E46DFF87480DFF87490DFF8A0
:109F800074A0384608F025FB834650B9384608F0DF
:109F90000DFB041E22DB05F806B0284603F0C6F9C7
:109FA000D6E70BF1010B4146584609F09DF9002810
:109FB000E7D04946584609F097F90028E1D05B46BA
:109FC0005246C6F58071A819FAF7A8FE2846FFF791
:109FD000ADFF041ED5DA384608F0E8FA204611B085
:109FE000BDE8F08F4FF0FF34F8E700BFB2761108FC
:109FF000B17611084C77110810B50749044609F0ED
:10A0000073F938B10549204609F06EF9B0FA80F0CD
:10A01000400910BD0120FCE7B2761108B1761108A5
:10A020002DE9F0439E0795B00546884614461F4625
:10A030006FD0DAB10132FEF7D7FC05A9814603F0F3
:10A0400057FA06464846FCF769F8AEB12C69FAF7AC
:10A0500095FD03680093484A484B49492846A04764
:10A060004FF0FF34204615B0BDE8F08305A9404607
:10A0700003F03EFA0646E8E7B90743D5414B1868B6
:10A0800059681A899B7A02AE03C6B3703280079E64
:10A0900006F47043B3F5C04F4FD162238DF80830FA
:10A0A000F20544BF72238DF80930330644BF77238D
:10A0B0008DF80A30700644BF78238DF80B30B10656
:10A0C00044BF72238DF80C30F20644BF77238DF81D
:10A0D0000D30330744BF78238DF80E30700744BF2E
:10A0E00072238DF80F30B10744BF77238DF81030FD
:10A0F000F20744BF78238DF8113023496B6902AA17
:10A1000028469847FB0704D56B690B9A1F492846D8
:10A1100098476B6954B3671C1B493A4628469847D1
:10A1200023786E69042B1CD13846FFF765FF04467F
:10A13000B8B917492846B04794E7B3F5005F01D195
:10A140006323ABE7B3F5804F01D16423A6E7B3F5F2
:10A15000A04F01D16D23A1E7B3F5004FA0D03F235D
:10A160009CE70C492846B04700247BE70A49424651
:10A170002846984776E700BF90801108AD7B11080C
:10A180005C7C110854851108C39011084C85110896
:10A19000518511081D7E1108BE7D1108F7B51F46B7
:10A1A0001378042B05460E4626D1541C2046FFF793
:10A1B00023FF08BB224631462846FEF715FC6B6993
:10A1C0000E4902460646284698470D4B0D49009712
:10A1D00032462846FEF796FB044638B90A4B094931
:10A1E000009732462846FEF78DFB04463046FBF7C3
:10A1F00095FF204603B0F0BD0024FAE75F85110803
:10A2000021A01008908011089DA11008F8B50646FD
:10A2100050680F46144608F0EFF9022F05460FDD8F
:10A22000FBF7A5FEA76804463846FBF7A0FE241AF4
:10A23000002C05DD3946281909F056F800B92855D3
:10A24000736903492A46304698470020F8BD00BF8D
:10A25000BF7D110810B50446506808F0F3F9636932
:10A260000249024620469847002010BDBF7D1108D4
:10A270002DE9F047DFF84C90054688461646002445
:10A280000127474500DA14B12046BDE8F08756F8AB
:10A2900027102846FDF7B8FF824640B92B6932687F
:10A2A0004946284698474FF0FF340137E9E7024610
:10A2B00031682846FEF742FA04465046FDF7C8FFCB
:10A2C000F3E700BF907C11081346024A1968FEF7B5
:10A2D00035BA00BFA16D11082DE9F04F516895B056
:10A2E00004461546FDF790FF814650B923692A6858
:10A2F0006849204698474FF0FF37384615B0BDE80B
:10A30000F08F012102F076FE031E029310DA266917
:10A310002D68FAF733FC036800935F495F4B2A46C8
:10A320002046B0474FF0FF374846FDF791FFE4E77E
:10A33000A9682046FDF768FF064650B923692A68D8
:10A340005449204698474FF0FF37029802F043FBEC
:10A35000EAE705A903F0CCF8074600283CD1079BA3
:10A3600003F47043B3F5804F2CD13046FEF70CFB5D
:10A37000686808F041F9314602462046FEF734FB92
:10A38000804640B923692A684249204698473046AA
:10A39000FDF75EFFD9E73046FDF75AFF46464FF01E
:10A3A000260A4946304608F09FFFC0B923692A684B
:10A3B0003B4920469847B8F1000FE8D04046FBF7EC
:10A3C000ADFEC2E7B3F5004F0CBF4FF0260A4FF0C9
:10A3D000020A4FF00008E4E74FF0260AF9E7514679
:10A3E0004FF4DB72304602F005FEB0F1000A25DAC8
:10A3F0002D68D4F810A0FAF7C1FB03680093264932
:10A40000264B2A462046D047D5E72D68FAF7B6FBFB
:10A4100003680093234B20492A462046D84725E06D
:10A420005A465046039103F015F9002822DB0399A0
:10A43000ABEB000BBBF1000F0144F1DC04F1280190
:10A44000029803914FF4806202F02BFEB0F1000BF2
:10A450001ED00399E4DAFAF791FB0368D4F810B040
:10A46000042BD2D12A6810492046D847504602F022
:10A47000B2FAA0E7FAF782FB0368D4F810B0042B15
:10A48000F0D02D68FAF77AFB03680093074BC2E718
:10A490005F46EBE7907C11085C7C11087876110828
:10A4A000527D11088BA71108327D11083C771108E5
:10A4B0002DE9F04F4FF00009DFF83CA1DFF83CB187
:10A4C00093B005460E4690464F46524641463046AA
:10A4D00008F0DEFF421C044612D1B9F1000F0BD187
:10A4E00008F0E3FF03680133B34221DA2B69D8F89F
:10A4F0000020434928469847204613B0BDE8F08F16
:10A500006C2C06D0732C07D0522C08D147F00407CE
:10A51000DBE747F00307D8E747F00107D5E72B69EA
:10A52000D8F800205946284698474FF00109CCE753
:10A5300008F0BBFF0368B3420CDBFDF757FE014692
:10A540002846FDF761FE064650B92B69D8F8002071
:10A550002C49CFE708F0A9FF036858F82310EFE76C
:10A56000FBF705FDF243304400211318002B03DDF7
:10A5700010F8013C2F2B15D003A9304602F0B8FF8C
:10A58000002812DAD8F800802F69FAF7F7FA036882
:10A5900000931D491D4B42462846B8473046FDF7FB
:10A5A00057FEA9E700F8011DDFE7059B03F47043A0
:10A5B000B3F5804F07D03B46002231462846FFF7CF
:10A5C0002FFD0446EAE76B69114932462846984751
:10A5D000104B1149009732462846FEF793F904467E
:10A5E0000028DBD17B07D9D50C4B0B4900973246AD
:10A5F0002846FEF787F9E4E764851108FD7B11081A
:10A60000697D1108907C11085C7C1108AD7B1108F4
:10A610005F85110821A01008908011089DA11008E5
:10A620002DE9F347DFF8AC8006460D4614460027B7
:10A6300042462146284608F02BFFB0F1FF3F8246F4
:10A640003CD108F032FF0368AB4233DA08F02DFF4B
:10A650000368304654F82310FDF7D6FD054648B38D
:10A660001D484FF02F08002F18BF28464FF0000953
:10A670002F21FBF74DFC044608B180F8009040F212
:10A68000FF11284602F094FBB0F1000A1BDAFAF73A
:10A6900075FA0368112B00D1AFB93469FAF76EFA75
:10A6A000036800930D490E4B2A463046A0472846C2
:10A6B000FDF7CEFD504602B0BDE8F087BAF1700F4D
:10A6C00008BF0127B4E7002CF1D0204600F8018B29
:10A6D000CEE700BF0DAD1108238911085C7C11087D
:10A6E000A58011082DE9F04F0027DFF8E4A087B01E
:10A6F0000446884615464FF40079BB46354A29463C
:10A70000404608F0C5FE431C064624D1BBF1000FAD
:10A710001DD108F0CAFE026808F1FF339A4240D109
:10A7200008F0C3FE036855F82300FBF742FA032341
:10A73000049003A94FF607708DF80C70ADF81490D3
:10A740008DF8163007F0A0FE002837DB06463046AD
:10A7500007B0BDE8F08F6D2E07D0732E15D03A2EBE
:10A7600023691BD12A681C490AE008F09AFE006898
:10A77000FBF71FFA0746FF28C0D923692A6851460C
:10A78000204698474FF0010BB8E708F08AFE0068B2
:10A79000FBF70FFAB7F5804F8146EDE72A680F49BE
:10A7A000EEE708F082FE0E4907680B4863692A68E5
:10A7B0004745A8BF014620469847C8E74042009059
:10A7C0002769084B2A6808492046B847BFE700BFF9
:10A7D000187C110868851108357C1108FD7B11086B
:10A7E000697D11086E8511085C7C11082DE9F7431D
:10A7F000516804461546FDF707FD074650B9236921
:10A800002A681849204698474FF0FF36304603B073
:10A81000BDE8F083A9682046FDF7F6FC804650B9F4
:10A8200023692A680F49204698474FF0FF3638467B
:10A83000FDF70EFDEAE70146384602F03FFC061E32
:10A840000BDA2D68D4F81090FAF798F903680093A2
:10A850000549064B2A462046C8474046FDF7F8FC06
:10A86000E5E700BF907C11085C7C11088685110823
:10A870002DE9F04155681B49C2B0064628461746E7
:10A8800008F032FD044600B9BD6829463046FDF7A0
:10A89000BBFC054610B3F4B901464FF4807202A820
:10A8A000FBF749FB02A8FFF741FB002804460BDA3F
:10A8B0003F68D6F81080FAF761F9036800930A49F7
:10A8C0000A4B3A463046C0472846FDF7C1FC2046B1
:10A8D00042B0BDE8F08102F089FEE6E74FF0FF34B8
:10A8E000F5E700BF8D8511085C7C1108B27B11086B
:10A8F0002DE9F341516806461746FDF785FC0546EC
:10A90000B0B102F013FD041E0BDA3F68D6F81080D8
:10A91000FAF734F9036800930749084B3A46304682
:10A92000C0472846FDF794FC204602B0BDE8F08100
:10A930004FF0FF34F8E700BF5C7C110889811108F3
:10A94000D2E90012FDF79EBB2DE9F04F5168C5B06A
:10A9500004461546FDF758FC804650B923692A681D
:10A960004249204698474FF0FF36304645B0BDE893
:10A97000F08FA9682046FDF747FC814650B923694E
:10A980002A683A49204698474FF0FF364046FDF77F
:10A990005FFCEAE70121404602F02CFBB0F1000A1F
:10A9A00010DA26692D68FAF7E9F803680093304950
:10A9B000304B2A462046B0474FF0FF364846FDF759
:10A9C00047FCE3E70121484602F014FBB0F1000B1D
:10A9D00010DA26692D68FAF7D1F803680093244944
:10A9E000244B2A462046B0474FF0FF36504601F030
:10A9F000F2FFE3E70023802204A95046039302F00C
:10AA000050FB8022074624A9584602F04AFB002F3B
:10AA1000039B0DDA2D682669FAF7B0F803680093F6
:10AA20001349154B2A462046B0474FF0FF3619E030
:10AA30000028EFDB8742D4BFDB191B18874205D003
:10AA400025690E491A462046A847EEE73A4624A94A
:10AA500004A8039308F030FC039B06460028EFD1BE
:10AA60007F2FC8DC584601F0B6FFBFE7357C1108E0
:10AA70005C7C1108787611088BA711089085110865
:10AA80002DE9F043434993B005465068164608F057
:10AA90002BFC044650B12B6932683F492846984741
:10AAA0004FF0FF34204613B0BDE8F083024602A900
:10AAB000B068FBF7BFF8029B1B788046002BEAD1F9
:10AAC000F1682846FDF7A0FB074618B92B693268E4
:10AAD0003249E3E703A902F00BFD00283BDAFAF75D
:10AAE0004DF80368022B31D14FF4DB722621384632
:10AAF00002F080FAB0F100090DDA36682C69FAF735
:10AB00003DF803680093264B324626492846A04765
:10AB10004FF0FF3416E0B8F1000F10D0414602F0BC
:10AB2000F1FE041E0BDA3668D5F81080FAF726F825
:10AB3000036800931B491C4B32462846C0474846D1
:10AB400001F049FF3846FDF783FBABE700932C6922
:10AB5000134B3268D9E7059B03F47043B3F5004FFC
:10AB600005D02B6932680C4928469847D0E7414602
:10AB7000384608F021FD041EE4DA3668D5F8108066
:10AB8000F9F7FCFF036800930649084B3246284654
:10AB9000C047D7E7A8851108FD7B1108907C1108F4
:10ABA000AD7B11085C7C1108AB851108AC851108E0
:10ABB00037B50023C56903830446238BE28A6068A6
:10ABC000D21A294602F06DFA031E0BDA20680E4AEB
:10ABD0000E495B42009304690D4BA0474FF0FF30D4
:10ABE00003B030BD228BE18A1A4492B29142228393
:10ABF0001D4401D9002BE0D1237D002A08BF43F07A
:10AC0000010323750020EBE7078611085C7C11081F
:10AC10008BA711082DE9F04F8DB0044603919046A3
:10AC200000211C2205A8FBF76BF94FF40073ADF867
:10AC3000263000254FF0FF33DFF83CA2DFF83CB2AE
:10AC40000494079301272E46039B9F4213DB0EB10A
:10AC5000002D67D123698A4A8A49204698474FF0D8
:10AC6000FF34002E6BD115B12846FDF7F1FA2046CE
:10AC70000DB0BDE8F08F58F827908349032248466D
:10AC8000FBF720F960B916B13046FBF747FA58F8E0
:10AC9000271020460331FDF7B7FA06460137D3E700
:10ACA000032251464846FBF70DF958B915B128461D
:10ACB000FBF734FA58F8271020460331FDF7A4FAC1
:10ACC0000546EBE7032259464846FBF7FBF830B947
:10ACD00009F10300FAF76DFFADF82600DEE76B49D6
:10ACE00006224846FBF7EEF828B909F10600FAF704
:10ACF00060FF0790D2E7664905224846FBF7E2F875
:10AD000028B909F10500FAF754FF0890C6E7614930
:10AD100006224846FBF7D6F80028BFD101238DF85C
:10AD20002530BBE7BDF82600FBF700FA0B9050B9C1
:10AD30002369534A5849204698474FF0FF3430461C
:10AD4000FDF786FA8FE70121304602F053F900281B
:10AD5000059021DB9DF82530002B14BF27212621EB
:10AD60004FF4D272284602F045F9002806901FDA07
:10AD7000049C2769F9F702FF036800932046474BBC
:10AD80003F4A4749B8474FF0FF34059801F023FE8A
:10AD90000B98FBF7C3F9D2E7049C2769F9F7EEFE9D
:10ADA00003680093364A3D4B3D492046B847C4E707
:10ADB000089B23BB00279DF8243013B9079B9F42B3
:10ADC00033D39DF82540B4B10899059811B1BDF869
:10ADD00026305943002201F0DEFF041E66DA049F8C
:10ADE000D7F81080F9F7CAFE03680093244A2D4B68
:10ADF0002B493846C047069801F0EDFDC5E7BDF880
:10AE0000261005980022594301F0C5FF0130D1DA20
:10AE10002769F9F7B3FE03680093194A214B2049CB
:10AE20002046B8474FF0FF34E5E704A8FFF7C0FE1F
:10AE3000041EE0DB9DF82440002CBCD1DDF82C8002
:10AE4000BDF828200698121B414602F003FC031EA1
:10AE500008DA04980A4A12495B4200930469124BCB
:10AE6000A047DFE71C449844BDF82830A4B2A342B1
:10AE7000E6D801379FE700BFB9851108BD851108E5
:10AE800007861108357C1108B5851108C1851108A0
:10AE9000C885110800861108907C11087876110881
:10AEA0005C7C1108CE8511083C77110800270698B4
:10AEB0008DF824703A46394601F06DFF041E8EDB92
:10AEC000BDF82600FBF732F980460028AAD09DF88D
:10AED0002490B9F1000F20D1079BBB421DD904A8D3
:10AEE000FFF766FE041E44DBBDF8282006984146A5
:10AEF00002F0D7F8BDF828309842044611D0049FDC
:10AF0000D7F81090F9F73AFE036800932A4A2B4BC2
:10AF10002B493846C847002C2BDB4046FBF7FEF890
:10AF200069E7024641460B9808F0C6F9002840D070
:10AF3000049824494369DFF890A03A4698474C4664
:10AF4000DFF88890BDF8282004989442436918DB04
:10AF50003A461F491D4FDFF8709098470024BDF80E
:10AF6000282004989442436917DB184998474FF00A
:10AF7000FF34049800940769164B0F4A1049B847EC
:10AF8000CBE7210701D14946984704980B9A4369BA
:10AF9000125D514698470134D4E7220701D1394662
:10AFA000984704980B9A4369125D494698470134C3
:10AFB000D5E701378BE700BF078611088BA711087B
:10AFC0005C7C1108D4851108E58511081D7E1108E7
:10AFD000EA851108FD8511082DE9F04F1378042B3F
:10AFE0008DB00546894640F05E81511C8A4621326B
:10AFF00011F8013B2BB1303B092B00F254818A42FE
:10B00000F6D100230B93AC4953464A460BA807F0F0
:10B0100019FD002802DB0B9A002A6BD12C69F9F785
:10B02000ADFD03680093A54AA54BA6492846A04755
:10B03000A54C0694CDE9044427460894A3460794FA
:10B040006B69A2495246284698476B699F495A4600
:10B0500028469847049B0393089B0293059B019302
:10B06000079B9B4900933A46069B6E692846B0476A
:10B0700022466B69974928469847002496490B94C5
:10B0800053464A460BA807F0DDFCA04203DB0B9AAF
:10B09000002A40F0C0802C69F9F770FD0368009326
:10B0A000864A874B87492846A047002485F82840D0
:10B0B00022466B69894928469847002488490B94A1
:10B0C00053464A460BA807F0BDFCA04203DB0B9A8F
:10B0D000002A40F0CF802C69F9F750FD03680093F7
:10B0E000764A774B77492846A0474FF0FF300DB09E
:10B0F000BDE8F08F4FF4806105F1280800914346C8
:10B100006E492846FDF7ACFB04460B98FBF706F8A2
:10B11000002C6D4C0694CDE9044427460894A346C0
:10B1200007948DDB08F101010E4611F8012B0A2A64
:10B1300000F0BE80002AF7D116466A490522404633
:10B14000FAF7C0FE48B908F10C00FDF72FFC079094
:10B15000002E3FF475AFB046E4E76349062240464F
:10B16000FAF7B0FE28B908F10C00FDF71FFC834682
:10B17000EEE75E4906224046FAF7A4FE88B9099038
:10B1800008F10C00FDF712FC2C210890FAF7C0FE24
:10B190000028DDD0099A00F8012BFDF707FC049088
:10B1A000D6E7534906224046FAF78CFE28B908F143
:10B1B0000C00FDF7FBFB0590CAE74E49092240460B
:10B1C000FAF780FE70B908F10C00FDF7EFFB0746B7
:10B1D0000246114601320B78303B092BF9D9002386
:10B1E0000B70B5E744490A224046FAF76BFE28B9CE
:10B1F00008F11200FDF7DAFB0690A9E73F490822A3
:10B200004046FAF75FFE0028A2D108F10C00FDF7D6
:10B21000CDFB04469CE74FF4806305F128072749DE
:10B22000009328463B46FDF71BFB06460B98FAF7B2
:10B2300075FF002EFFF63CAFDFF8C4B0A0467A1CC5
:10B24000164612F8013B0A2B2FD0002BF8D11E46D0
:10B250000A2259463846FAF735FE024628B9014611
:10B2600007F10C00FAF7E6FC0446002E3FF420AF8D
:10B270003746E4E74FF4806305F128070F49009350
:10B2800028463B46FDF7ECFA06460B98FAF746FFD0
:10B29000002EFFF62AAF38466E69FDF787FB194985
:10B2A00002462846B047002021E706F8018BCFE789
:10B2B000002206F8012B40E70A8611087181110867
:10B2C000178611085C7C1108238911082086110853
:10B2D00025861108428611084886110854861108EF
:10B2E0005B86110830881108F98711082988110830
:10B2F000F2871108008811080A88110815881108BA
:10B300001E881108BF7D110873B516460446002239
:10B31000706801A9FAF754FC054628B1019B7268D0
:10B320009A4201D01B7843B123693268064920460E
:10B3300098474FF0FF3002B070BD02466369034981
:10B3400020469847A847F6E7FD7B11086986110853
:10B3500030B5194D4369194A044685B029469847C6
:10B360006369174A294620469847164B0393164BA4
:10B370000293164B0193164B00936569154B164AC1
:10B3800016492046A8476369154A1649204698473A
:10B390006369154A1549204698476369144A154957
:10B3A0002046984700230093134A144B1449204623
:10B3B000FDF7A8FA05B030BD208611087586110882
:10B3C000798611088A8611089086110896861108D8
:10B3D0009A8611087F86110886861108258611082D
:10B3E0009F86110842861108A7861108AD861108AC
:10B3F000B2861108BF7D11089D6E1108D9AF1008E3
:10B400007181110803297FB50546144618D150688B
:10B4100003782D2B0ED14378303B092B0AD800221C
:10B4200003A90130FAF7CCFB0646A0680378303B4D
:10B43000092B0DD92B69226817492846984727E020
:10B440000229F7D150680378303B092BF2D80C263B
:10B4500003A90022FAF7B4FB314606F051FAC8B14D
:10B46000F9F78CFB03682E69032B0AD0162BE1D069
:10B470002468F9F783FB036800930849084B2246C8
:10B4800004E0A36800932268064B07492846B047AA
:10B490004FF0FF3004B070BDFD7B11085C7C1108DB
:10B4A00079801108BA861108197D110873B51546FF
:10B4B00006460022686801A9FAF782FB28B1019BC1
:10B4C0006A689A4201D01C7844B133692A680549F8
:10B4D000304698474FF0FF3002B070BD07F0EAFFEA
:10B4E0002046F9E7FD7B110873B515460646002294
:10B4F000686801A9FAF764FB28B1019B6A689A425F
:10B5000001D01C7844B133692A6805493046984710
:10B510004FF0FF3002B070BD07F0E8FF2046F9E7BA
:10B52000FD7B11082DE9F04F0129D7B0044674DCEA
:10B53000002007F0E3FE079007A807F0F5FE036878
:10B540000093D0E90132656963492046A847012389
:10B5500005934FF0000A08A806F05EF862695F499B
:10B56000089F5F4DB7FBF5FB204690475D4A05FB02
:10B570001B754FF4616697424FF03C08B5FBF6F936
:10B5800006FB1956B6FBF8F80BD957485749584AE5
:10B59000874294BF0B461346564967695A46204670
:10B5A000B8476769BAF1000F00F08F80B5F5616F99
:10B5B00009D34F4A4D4B5049B5F5E15F28BF1346BB
:10B5C00020464A46B8474A4A484B65694B49772E58
:10B5D00088BF134620464246A847059BBBB1DDE91C
:10B5E00009250B9E6427B0B2A9B293B27843794380
:10B5F000000C090C2D0C7B43360C03900191009537
:10B600003F49656902961B0C120C2046A8476369E6
:10B610003C492046984700252AE056683A4930467A
:10B6200007F062FE00284CD03849304607F05CFE37
:10B63000054608BB08A805F0EFFF07A807F05EFE67
:10B64000DDE9073207A89B1A079307F06DFE016832
:10B650006669D0E9043203914168029181680191E1
:10B66000C168009101332A4902F26C722046B0474A
:10B67000284657B0BDE8F08F2649304607F034FE23
:10B6800020B16369244932462046984763692349BB
:10B6900020469847636922492046984763692149B3
:10B6A00020469847636920492046984763691F49A7
:10B6B0002046984763691E49204698474FF0FF355A
:10B6C000D6E705904FF0010A45E71A4943464A4636
:10B6D0002046B84781E700BFBF8611088D87110853
:10B6E000805101007F510100FFA20200238911084F
:10B6F000C5901108918711089D871108AA87110824
:10B70000C28711081D7E1108CF861108A88511086F
:10B71000D2861108F1861108F486110812871108E3
:10B720001A8711082C8711083687110858871108C5
:10B7300078871108B78711081346024A1968FCF781
:10B74000FDBF00BF36881108F0B587B0044602A9D6
:10B750000120164605F0B2FC00280FDA256936688C
:10B76000F9F70CFA036800931F49204B3246204634
:10B77000A8474FF0FF35284607B0F0BD7168B4F810
:10B7800028742046FEF7A2F9051E12DB04A9012049
:10B7900005F094FC051E0FDA25693668F9F7EEF915
:10B7A000036800931049114B32462046A8474FF0DA
:10B7B000FF35A4F82874DEE7029B049A03986669B3
:10B7C000D21A059B9842C2BF0949C9180591059B29
:10B7D0000849A3EB0003C8BF02F1FF32B3FBF1F34A
:10B7E00020460549B047E4E75C7C1108448811080D
:10B7F00000CA9A3BA0860100528811082DE9F04F3B
:10B800004FF0000B4C4EDFF834A1A5B00546894639
:10B8100090465C4632464146484607F039FE431C96
:10B8200007461AD1BBF1000F13D1012C02A838BF73
:10B83000012406F039FF00283EDAD8F800602C69B0
:10B84000F9F79CF9036800933D493E4B3246284680
:10B85000A047384625B0BDE8F08F613F152F20D8AE
:10B86000DFE807F0281F1F1F1F1F1F1F1C1F1F1FA0
:10B87000141F0B171F0E0B1F1F1144F00104C9E703
:10B8800044F00404C6E744F00804C3E744F010049D
:10B89000C0E73D2CBED044F04004BBE744F0200498
:10B8A000B8E72B69D8F800205146284698474FF052
:10B8B000010BAFE73D24ADE7DFF88C90DFF88CA0FB
:10B8C0005E4601220123B340234216D024EA03043A
:10B8D000062E24D8DFE806F02A23042D1A1D2000A6
:10B8E0000DF13D0B1AB96B695146284698475A46E7
:10B8F0006B6949462846984700220136002CE1D161
:10B900006B691349284698472746A2E70DF17B0B40
:10B91000E8E7DFF840B0E5E7DFF83CB0E2E72B69A5
:10B92000D8F8002005492846984792E70DF1080B02
:10B93000D8E70DF1520BD5E76B881108FD7B110894
:10B940005C7C1108F6811108C49011088C881108DC
:10B950001D7E110862881108758811082DE9F04FC5
:10B960001746A3B00A461D4625494369DFF894905F
:10B97000DFF894A0064698470024AC4202DB23B0CF
:10B98000BDE8F08F2149224602A8F9F7B0F9A34695
:10B9900004F110085D4502A829DDFAF7E8FA02ABC8
:10B9A00017F80B2051461844F9F7A1F90BF1010BD8
:10B9B000C345EFD1DFF858B0A5420FDD3A5D0192E3
:10B9C00002A8FAF7D4FA019AA2F120035F2B02AB86
:10B9D00028BF2E2259461844F9F789F90134444505
:10B9E000EAD173690B4902AA30469847C5E7FAF7CE
:10B9F000BEFA02AB49461844FAF795FAD6E700BFFB
:10BA00005F8511088A881108848811087D881108CB
:10BA10001D891108BF7D110873B514460546102213
:10BA2000606801A9FAF706F923681B7806461BB976
:10BA30004FF0FF3002B070BD019B1A78002AF7D199
:10BA4000A06801A9FAF7BCF8226812780346002A18
:10BA5000EED0019A1478002CEAD10028E8DB2846C1
:10BA600002493246FFF77AFF2046E3E78E88110845
:10BA70002DE9F04F8DB0CDE9022106460121506835
:10BA800001F0B8FAB0F100090FDA3469F9F776F885
:10BA9000036800934D4B4E4A4E493046A0474FF045
:10BAA000FF3420460DB0BDE8F08F4FF48060FAF708
:10BAB0003DFB8046002842D1484600F08CFF3469A7
:10BAC000F9F75CF803680093434BE4E7029B4349B2
:10BAD00053F8257005223846FAF7F4F918BB781D9B
:10BAE000FAF767F882460135039B9D42EEDB00279B
:10BAF0004FF480624146484601F0D3FA051E26DA2B
:10BB0000F9F73CF8036834690093314A344B314902
:10BB10003046A0474FF0FF34484600F05CFF4046F7
:10BB2000FAF7FCFABDE7062259463846FAF7CAF991
:10BB30000028D8D1B81DFAF73CF80446D3E7DFF85F
:10BB4000A4B002256FF070444FF0000ACCE73BD060
:10BB5000574521DA2F44BA45CADA4FEAEA73CDE9EC
:10BB600000A3029B204A5B68A7EB0A0BA3454FF09A
:10BB7000200104A8A8BFA346F9F7D0F8A7EB0A0351
:10BB8000EA1A42445B4604A93046FFF7E7FEA345A4
:10BB90001ADAA4EB0B04ABE7FB17CDE90073029BA9
:10BBA000114A5B68A542A8BF2546202104A8F9F7E1
:10BBB000B5F82B46424604A93046FFF7CFFEA54212
:10BBC0002F4401DA641B93E70024A5E77876110877
:10BBD000418011085C7C110835771108C88511086F
:10BBE0008BA71108C1851108978811082DE9F34129
:10BBF000044690461E4641B1D0F864143848F9F71F
:10BC0000FBFED4F8640407F027F9B8F1010F28DC33
:10BC1000344F04F27446D4F864143846F9F7ECFE55
:10BC2000D4F8640407F018F905F0D2FB054605F0D6
:10BC3000CFFB05F10C0200F180035021304600F0EB
:10BC4000ABFB013042D1D4F86844F8F797FF0368A2
:10BC50000093254A254B2649204607F04FF9002539
:10BC60000BE077682349384607F03EFB054640B9AC
:10BC700063693268204920469847284602B0BDE8EB
:10BC8000F0811E49384607F02FFB80B9B8F1020F4A
:10BC900006D0B168204602B0BDE8F041FDF716BFFE
:10BCA000236932681649204698470125E5E73B7825
:10BCB00031682D2B03D10A4623691249F3E73A462E
:10BCC000204602B0BDE8F041FCF7DCB93146204621
:10BCD000FDF7FCFED4F8640407F0BEF89BE700BF54
:10BCE0008B7D11089D7D1108D7881108CE88110819
:10BCF0005C7C1108F1861108A3881108CB88110813
:10BD0000357C1108527D1108F0B585B016460D46F8
:10BD10001F460446F5F7BEFB31460A9B3A462846C5
:10BD200000F0EEFB061E0FDB03A905F00DFC039BE4
:10BD3000084900932A46334667692046B847F5F715
:10BD4000B9FB002005B0F0BDF5F7B4FB4FF0FF30B4
:10BD5000F8E700BF877B110838B50129156804464C
:10BD60000BDD0749506807F0BFFA30B9054A29468C
:10BD70002046BDE83840FCF7E1BC034AF7E700BFC6
:10BD8000F1861108E3881108F28811082DE9F04FB7
:10BD9000012985B004468846164634DC4F4A31688E
:10BDA00005B0BDE8F04FFCF7C9BC6F2F23D0742F4E
:10BDB00009D03A2F236923D1326829462046984773
:10BDC0004FF0010903E007F06CFBD0F800A0444AF3
:10BDD0003146404607F05CFB431C0746E5D1B9F10C
:10BDE000000F3CD107F061FB0368434514DB236976
:10BDF00032683C4931E007F054FB03680393E6E7FF
:10BE000032685946DAE74FF00009DFF8DCB0354D0B
:10BE1000CDF80C90CA46DAE707F047FB036856F8FE
:10BE2000235007F042FB03680133036007F03DFB3A
:10BE3000036843454CDA07F038FB036856F823B033
:10BE400007F033FB03680133036007F02EFB036840
:10BE5000434508DA23693268244920469847384622
:10BE600005B0BDE8F08FBAF1000FC0D035B129465A
:10BE70002046FCF7C9F905460028F0D0594620466F
:10BE8000FCF7C2F98046B8B1039B0093014600233A
:10BE90005246284601F09EFE071E0BDA3668D4F89B
:10BEA0001090F8F76BFE036800931149114B32466E
:10BEB0002046C84715B907E0002DD0D02846FCF72A
:10BEC000C7F9B8F1000FCAD04046FCF7C1F9C6E780
:10BED000BAF1000F8BD0AB464D46CFE7028911086F
:10BEE00011891108357C1108FD7B1108697D110845
:10BEF0005C7C11080B8911082DE9F3415168064655
:10BF00001746FCF781F90546B8B1002101F0D1FED2
:10BF1000041E0BDA3F68D6F81080F8F72FFE03688E
:10BF200000930749074B3A463046C0472846FCF77E
:10BF30008FF9204602B0BDE8F0814FF0FF34F8E7FA
:10BF40005C7C11080C8211082DE9F04FDFF8B880F5
:10BF5000DFF8B890DFF8B8A085B004468B461646E7
:10BF600001255D4503DB002005B0BDE8F08F56F8E4
:10BF7000252013785C2B44D153786E3B0A2B21D8B3
:10BF8000DFE803F03420202039203C202020060068
:10BF9000971C002110223846F9F74CFE0A21039025
:10BFA0003846F9F7ECFF0628039A0DDD130E0193CE
:10BFB000C2F30743009367691649C2F3072320467B
:10BFC000D2B2B8470135CCE7022807DDC2F3072318
:10BFD00067691149D2B22046B847F3E70028F1DD7E
:10BFE00063690E49D2B220469847EBE763690C4972
:10BFF00020469847E6E763695146F9E76369494691
:10C00000F6E763694146EEE7C490110822891108FA
:10C0100020891108178911081B8911081D89110829
:10C020001D7E11082DE9F04FDFF8A092DFF8A0A2E5
:10C0300093B007460E4615462C68A649204607F0E1
:10C0400053F978B9012E40F374812A1D711E3846C8
:10C05000FFF7E8FFB0FA80F040094442204613B0F1
:10C06000BDE8F08F23782D2B40F0A780012E40F300
:10C0700060819949204607F037F9D5F804B030B906
:10C080009BF80040B4FA84F46409644212E09349D6
:10C09000204607F029F928B99BF80040003C18BF5A
:10C0A0000124F2E759463846FCF7AEF80446F8B9E1
:10C0B0004FF0FF344FF00208012C00F03A81B045F8
:10C0C000CCDA55F8282086490192104607F00CF981
:10C0D0004FEA880B019A002840F02281002C40F0A2
:10C0E0002D8108F101030BF1040BF61A5D44A3E75F
:10C0F00003A901F0FDF983462046FCF7A9F8BBF13E
:10C10000000FD5D1D5F800B07649584607F0ECF8C5
:10C1100040B9059C04F47044B4F5C04418BF4FF016
:10C12000FF34C7E77049584607F0DEF828B9059C88
:10C1300004F47044B4F50054F0E76C49584607F035
:10C14000D3F828B9059C04F47044B4F58044E5E7BD
:10C150006749584607F0C8F804460028AAD0654940
:10C16000584607F0C1F828B9059C04F47044B4F5AA
:10C170000044D3E76049584607F0B6F838B9059B44
:10C1800013F4927F0CBF4FF0FF34002492E75B4919
:10C19000584607F0A9F828B9099C002CCCBF002408
:10C1A000012472E75649584607F09EF818B9059BD6
:10C1B00013F0920FE6E701247CE7022E40F3B980EA
:10C1C000D5F804B04946584607F08EF820B15146DC
:10C1D000584607F089F850B9A968204607F084F856
:10C1E000003818BF012044424FF0030864E7454976
:10C1F000584607F079F838B9A968204607F074F86E
:10C20000B0FA80F04009EEE7002203A92046F9F7D2
:10C21000D7FC2B681B7883460BB90124E4E7039B0A
:10C220001A78002AF9D1A86803A9F9F7C9FCAB6804
:10C230001B780446002BF0D0039B1B78002BECD11D
:10C24000D5F804803049404607F04EF828B9BBEBDA
:10C25000040418BF4FF0FF34C6E72C49404607F0EE
:10C2600043F828B9A3454FF0FF34A8BF0024BBE72B
:10C270002749404607F038F828B9A3454FF0FF3466
:10C28000C8BF0024B0E72349404607F02DF828B97D
:10C29000A3454FF0FF34D8BF0024A5E71E49404610
:10C2A00007F022F828B9A3454FF0FF34B8BF0024A7
:10C2B0009AE71A49404607F017F80028ADD1A34580
:10C2C0004FF0FF3418BF00248EE700BF3A891108F1
:10C2D00036891108ECAC1108248911082789110846
:10C2E000548911082A891108CB881108F17B11089B
:10C2F0002D891108308911088D851108A88511082C
:10C3000033891108398911083C89110840891108BD
:10C3100044891108488911084C891108508911086D
:10C320000849104606F0E0FF18B9002C7FF4D9AE9A
:10C3300094E63B69044A0549384698474FF0FF3474
:10C340008CE600BF57891108FE721108527D110852
:10C3500004320139FFF766BE70B501F18043013B3D
:10C3600004460E4652F823000949154606F0BCFF64
:10C3700030B92A1DB11E2046BDE87040FFF752BEFD
:10C3800023692A680349204698474FF0FF3070BD63
:10C39000D67E1108527D11089B69926900F02EB873
:10C3A000006901F057B913B504468DF807102069EC
:10C3B00001220DF1070101F04DF9002803DAF8F729
:10C3C000DDFB0368042BF2D002B010BD13B50446A8
:10C3D000E06801220DF1070100F063FE002803D19F
:10C3E0004FF0FF3002B010BD05DAF8F7C7FB036865
:10C3F000042BEDD0F4E79DF80700F3E710B586B005
:10C40000074C0492074A0292074A03920A460146E1
:10C4100001A80194059300F009F806B010BD00BF13
:10C42000CDC31008A7C31008A1C31008012A2DE925
:10C43000F84F06460F46904604DC00240C70204658
:10C44000BDE8F88F83682D49DFF8B0900322984744
:10C450000025AA46336830469847431C04460DD150
:10C46000002DECD000237B552C46E8E74FF0000A66
:10C47000F0E74FF0010AEDE75D46EBE7BAF1000F98
:10C4800009D05B28F2D1BAF1020F0CBF4FF0000ABD
:10C490004FF0020ADEE7082801D07F280CD1002DDA
:10C4A000E4D07368304608219847B36803224946B0
:10C4B0003046013D9847CDE71B28DAD00A2808D13D
:10C4C0006C1C0A21002379553B5530467368984708
:10C4D000B5E70D28F4D0C0B206F030F80028B9D185
:10C4E0007C5505F1010B73682146304602359847AB
:10C4F0004545C1DB07F80BA05C46A0E75A89110847
:10C500002DE9F04188B00E461746984605F0F5FF34
:10C51000002806DA0224F8F731FB04604FF0FF34FC
:10C5200048E005F0FDFF05460028F3D004A806F01A
:10C5300061FA04460028EED102A806F057FA044634
:10C540000028E8D16B68039303A904A806F073FAE6
:10C55000044630BBA96804A806F071FA044600BB83
:10C56000042104A806F064FA0446D0B96FB928681B
:10C57000E968D6B90023CDE9006302AA04AB05F04F
:10C5800087FA041E13DA64420BE04FF4D27300936F
:10C590003A464346012102A806F0FAF9044600286B
:10C5A000E5D002A806F017FAB5E70436E2E702A8DC
:10C5B00006F011FA204608B0BDE8F08100F018BA84
:10C5C00010B50446204605F0B5F8002807DAF8F75C
:10C5D000D5FA00680428F5D07D28F3D0404210BD7C
:10C5E000F8B5037B8B4204460E4623D2CB00FF2BCB
:10C5F00022D800698900F9F7A1FD074668B1257BBB
:10C600008020F9F7A3FD47F8250070B9237B013D91
:10C610009D4205DA3846F9F781FD6FF016000AE011
:10C6200057F82500F9F77AFDF0E70135B542E7D371
:10C63000276126730020F8BD6FF01700FBE708B5EF
:10C6400005F00AF9002803DABDE80840F8F796BAC1
:10C6500008BD10B5012200210446F8F7C6FA0028EB
:10C6600003DABDE81040F8F789BA20460121BDE899
:10C670001040F8F7EEBAF8B5057B0446013D0BD241
:10C680002069F9F74BFD2046F5F7F3FC002813DA93
:10C69000BDE8F840F8F772BAAF0070262369D859A0
:10C6A0003044103E00F0EAFA16F1100FF6D123697B
:10C6B000D859F9F733FDE1E7F8BD2DE9F74FDDF87B
:10C6C00030B0019117461E469DF83490054604F09F
:10C6D0004BFE8246FFF774FF041E46DBBBF1000FE2
:10C6E00059469AF80C20B8BF0BF10701C9108A42CD
:10C6F000884609DC01315046FFF772FF041E03DA59
:10C700005046FFF79CFF30E0DBF1000202F0070229
:10C71000DAF810300BF0070458BF544253F82820C1
:10C720004FEA880002EB041291684FEA041C11BB27
:10C73000019B1360DAF81020125862445760DAF84F
:10C740001020125862449560DAF810201258944470
:10C750005046CCF80C60FFF772FFB9F1000F02D021
:10C76000284600F081F904EBC804204603B0BDE878
:10C77000F08FD846D2E70134082C02F11002D3D151
:10C780009AF80C2008F1010B5A454FF00004F0DC38
:10C7900008F102015046FFF723FF041EB0DBDAF870
:10C7A0001030019A53F82B301A60DAF8103053F831
:10C7B0002B305F60DAF8103053F82B309D60DAF8D8
:10C7C000103053F82B305046DE60FFF738FFB9F1D8
:10C7D000000F02D0284600F047F94FEACB04C4E727
:10C7E0002DE9F04705460E46FFF7EAFE041E06DB7C
:10C7F00000232A7B934205DB2846FFF720FF2046D3
:10C80000BDE8F0879F004FF0000903F101082B6994
:10C81000DB5903EB090ADAF808208AB153F809302A
:10C820005B050DD441463046FFF7DAFE041EE3DB1C
:10C830003369D9595046494400F036FA041EDBDB0F
:10C8400009F11009B9F1800FE1D14346D1E7F8B5FC
:10C8500000230B6005460F4604F086FD0646F0B146
:10C86000002D1FDB037BB5EBC30F1BDAFFF7A8FE20
:10C87000041E0FDB3369EA1005F0070553F82200A8
:10C8800000EB05153D60AB6833B12B463B6030468D
:10C89000FFF7D5FE2046F8BD6FF00804F6E76FF00D
:10C8A0000A04F7E76FF00804F4E788422DE9FF4136
:10C8B00007460D461FD004F057FD002F06464EDBFD
:10C8C000037BB7EBC30F4ADA002D48DBFFF778FE96
:10C8D000041E0FDB337BB5EBC30F4FEAE5080EDB1D
:10C8E00008F101013046FFF77BFE041E07DA3046EF
:10C8F000FFF7A5FE2546284604B0BDE8F081326961
:10C9000052F8282005F0070302EB03131A46EC4601
:10C9100003F1100E10685168644603C40832724572
:10C92000A446F7D1102200211846F9F7E9FA326936
:10C93000F910034652F8210007F00707194600EBEB
:10C94000071000F0B1F904463046FFF778FE68465C
:10C9500000F094F914EA240438BF2C46CAE76FF0BB
:10C960000804C7E7F0B585B0044604F0FDFC0546B1
:10C97000FFF726FE002814DB002C0DDB2B7BB4EB2D
:10C98000C30F09DA2B69E21004F0070453F8220000
:10C9900000EB0414A36833B92846FFF750FE6FF08C
:10C9A000080005B0F0BD23466E4604F11007186874
:10C9B0005968324603C20833BB421646F7D11022EB
:10C9C00000212046F9F79CFA2846FFF738FE684612
:10C9D00000F054F9E5E710B5FFF7C4FF041E05DACF
:10C9E000F8F7CCF8644204604FF0FF34204610BDE5
:10C9F00000F070B838B50F4C04F0CEFFE3689842F1
:10CA0000054604D1236901332361002038BD204647
:10CA100004F090FE002807DAF8F7B0F80068042860
:10CA2000F5D07D28F3D040420028EFD10123E56006
:10CA30002361EBE77C0A002008B504F0ADFF09484C
:10CA400003695A1E012B02610AD14FF0FF33C36004
:10CA500004F002FF002803DABDE80840F8F78EB8BA
:10CA600008BD00BF7C0A002038B5044650B1FFF76E
:10CA7000C1FF051E04DBA3890133A381FFF7DCFF9F
:10CA8000284638BD0546FBE710B503460446184660
:10CA900013F8012B2AB9001B2030F9F757FB18B9FE
:10CAA00010BD2F2AF3D1F6E7094A13888382591C57
:10CAB000118000F11C03013C14F8012F12B900226F
:10CAC0001A70EDE72F2AFAD003F8012BF4E700BF24
:10CAD000DE1D002008B50348FFF7D6FF024B1860A3
:10CAE00008BD00BF23891108E01D00202DE9F04199
:10CAF000002313601646027888B0002A45D0CDE99D
:10CB0000010301A8CDE90333CDE905338DF81C30CD
:10CB100000F04CF8002835DADDE90354019F38466F
:10CB200000F036F8037880463846D3B1FFF7ACFF03
:10CB300048B96FF00B04069808B1F9F7EFFA2046F0
:10CB400008B0BDE8F0813DB16B68C0E900436860A2
:10CB5000474604460025E2E7A368C0E90043A06019
:10CB6000F6E7FFF791FF0028E3D035B16B68C0E925
:10CB70000043686030600024DDE7A368C0E900433B
:10CB8000A060F7E76FF01004D5E76FF01504D6E763
:10CB90000346197818461A46013331B12F29F8D1C6
:10CBA0001046013203782F2BFAD07047F8B503688E
:10CBB0001B782F2B054611D004462C4804F0D8FAD8
:10CBC00054F8143B2A4A2B49002818BF0246204635
:10CBD00005F038FF6B69002B41D02B60264B28688D
:10CBE0001C6803782F2B3DD1002637464CB92246CE
:10CBF0006FF00103C5E90004C5E902762A61184611
:10CC0000F8BD04F11B01431E11F801CF13F8012FE9
:10CC1000BCF1000F0FD10AB12F2A17D1FFF7B8FFCF
:10CC20000378BBB1E38903F00F03032B14D0A3688F
:10CC3000264600240BE022B12F2A02D0944505D3CA
:10CC4000E2D900246FF001032246D3E76368274648
:10CC50001C46CBE70246CDE702460023CAE76FF049
:10CC60000B03CCE76FF01503C9E700BFDF90110895
:10CC7000CD7111084A771108E01D002070B5866853
:10CC800005467EB134691CB164680CB1A047044606
:10CC9000304602F0EFFF0023C5E90033C5E9023357
:10CCA000204670BD3446FBE7F0B50D4685B006461C
:10CCB00000283ED08768002F3BD0002939D0884219
:10CCC00035D03846FFF7D0FE041E18DB33680093DA
:10CCD0007368CDE90137002303933B69CBB1FA892F
:10CCE00002F00F02032A0DD1DB6993B16946304689
:10CCF0009847002804460CDA384602F0BBFF20466D
:10CD000005B0F0BDF26803921B6813B168469847FE
:10CD1000EFE72846FFF7B2FF04AC6B461A4603CA9A
:10CD2000A24228606960134605F10805F6D1002487
:10CD3000E5E76FF00804E2E770B5866804460B4645
:10CD400015463EB136692EB136691EB1B04700288E
:10CD50000DDA70BD012D05D0022D0AD025B16FF07E
:10CD60001500F6E762681344002BF8DB6360606827
:10CD7000EFE76FF02500ECE737B50C4601A9154643
:10CD8000FFF765FD002804DB01982A462146FFF7DE
:10CD9000D3FF03B030BD10B5FFF7EEFF041E05DA78
:10CDA000F7F7ECFE644204604FF0FF34204610BDFC
:10CDB00070B588B00D46064605F070FC002325EAE4
:10CDC000000501A8CDE90233CDE9043301960693AD
:10CDD0008DF81C3002F017FF002821DB029805991E
:10CDE00000900B78002B37D0C38903F00F03032B7F
:10CDF00034D1036993B3DB6C93B32A469847002878
:10CE000004DA4442009802F035FF0EE0009802F088
:10CE100031FF069810B1F9F781F9002008B070BD14
:10CE2000FFF7E8FD041E0CDA6442069818B1F9F722
:10CE300075F900230693F7F7A1FE04604FF0FF3069
:10CE4000ECE76A4629463046FFF750FE0446FFF7F6
:10CE5000F3FD002CDDDAE7E71124D3E70624D1E760
:10CE60002624CFE7C389024613F00F0014D01369BC
:10CE70006BB1CA0701D59A6862B111F002000BD0FC
:10CE8000DB68002B14BF00206FF00C0070476FF0C0
:10CE9000050070476FF00C0070472DE9F04705461C
:10CEA00088B092469846002964D012F0060F18BF49
:10CEB000109B01914FF0000701A818BFD3F8009014
:10CEC000069708BF4FF4DB79CDE90277CDE9047707
:10CED0008DF81C7002F097FE041E21DB029E514665
:10CEE0003046FFF7BFFF041E15DB1AF4006FC5E9DB
:10CEF00000A7C5E9026718D00599284600F0A0FCF4
:10CF000010F1150F044604D10599284600F098FC4D
:10CF10000446002C11DA0023AB60304602F0AAFE72
:10CF2000069868B1F9F7FAF80AE0F38903F00F03FD
:10CF3000032B10D133691C6834B90698A0B90024BA
:10CF4000204608B0BDE8F087059929EA0803524653
:10CF50002846A047D4E7012B09D133691B68002B71
:10CF6000EBD028469847CBE7F9F7D8F8E7E76FF01A
:10CF70000504D0E76FF01504E2E770B586B004460B
:10CF80000D46164605F08AFB2146034600962A46C2
:10CF900002A8FFF782FF041E0DDB0023CDE900335A
:10CFA000DDE90212059B0498FFF787FB041E02DAF5
:10CFB00002A8FFF763FE204606B070BD0CB41FB593
:10CFC00006AB53F8042B039300930023FFF765FF90
:10CFD00005B05DF804EB02B070470EB403B503AAC8
:10CFE00052F8041B0192FFF7C8FF02B05DF804EB92
:10CFF00003B070470EB417B505AA52F8041B01928E
:10D00000FFF7BBFF041E05DAF7F7B8FD64420460C2
:10D010004FF0FF34204603B0BDE8104003B0704726
:10D02000F8B506460F4614460025BD4200DA04B99D
:10D03000F8BD56F8250080B14368826843F01803B4
:10D040002340134313F0180F18BF23F00403836029
:10D05000836813B1436903B198470135E5E710B41C
:10D0600003688468DB0706D54CB123693BB19B6834
:10D070002BB110BC18476FF00C0010BC70476FF05C
:10D080000800FAE737B50C4601A91546FFF7DFFBA4
:10D09000002804DB01982A462146FFF7E0FF03B091
:10D0A00030BD10B5FFF7EEFF041E05DAF7F766FD99
:10D0B000644204604FF0FF34204610BD2DE9F04774
:10D0C0000F469EB08146002800F029810378002B8E
:10D0D00000F02581002900F022810B78002B00F060
:10D0E0001E81002501904FF0010A01A8CDE90255EB
:10D0F000CDE9045506958DF81CA002F084FD041EB0
:10D10000C0F28180029EF38903F00F03032B40F0ED
:10D110008C80DDF8148098F80030002B00F08580BA
:10D12000009533695B6D002B68D008A8CDE90875C0
:10D13000CDE90A55CDE90C558DF838A002F063FD14
:10D14000041E37DB099FBE4255D10C9D404629463F
:10D1500006F0CAF8044650B333699B6D002B42D0E9
:10D16000714C4FF0000933690FAA9B6D2946304678
:10D170009847002837DB119B03F47043B3F5804FC9
:10D1800023D1009818B1F8F7C9FFCDF800904046B8
:10D1900005F032FA2A780346AAB12A4621466846A3
:10D1A00005F050FC009D002DDDD16FF00B043846DA
:10D1B00002F060FD0D9808B1F8F7B0FF0098F8B1E3
:10D1C000F8F7ACFF1CE01D46CDE733690FAA9B6D55
:10D1D000414630469847041EE9DB33699B6C13B126
:10D1E00029463046984733692A465B6D41463046AA
:10D1F00098470446DBE76FF01104D8E76FF0250489
:10D20000304602F037FD069818B1F8F787FF002383
:10D210000693002C80F28680F7F7B0FC644204602D
:10D220004FF0FF301EB0BDE8F0870024DFF8F88033
:10D23000089401250FA8CDE90F74CDE91144CDE97B
:10D2400013448DF8545002F0DEFC00283ADB1098AD
:10D250000090864209D1304602F00CFD002414985B
:10D2600008B1F8F75BFF0898A9E7C38903F00F033B
:10D27000032B04D102F0FEFC6FF01104EFE7036909
:10D280000BB18368C3B102F0F5FC089810B1F8F750
:10D2900045FF0894484605F0AFF93A460346414633
:10D2A00008A805F0CFFB089F002F35D01498002860
:10D2B000C0D0F8F733FFBDE7384602F01EFD0098F6
:10D2C00002F0D8FCFFF796FB041EC8DB6A4640F26A
:10D2D000FF113846FFF70AFC00281ADB009BB268F2
:10D2E0009A60F289DA8132691A61B2699A614846B4
:10D2F00002F003FD041E08DA14F1100F05D03846C1
:10D3000002F0FBFCFFF798FBA9E70024B46034604F
:10D31000F8E76FF01004F5E76FF00B049FE76FF08C
:10D32000150479E700207DE74A77110870B588B0C9
:10D330000023CDE90233CDE904330190069306467C
:10D34000012301A88DF81C3002F05DFC041E0CDAEC
:10D350006442069818B1F8F7E1FE00230693F7F748
:10D360000DFC04604FF0FF302FE0029DEA892B692D
:10D3700002F00F02032A0CD163B11B6D3BB3059978
:10D3800028469847002818DA4442284602F072FCE2
:10D39000DFE7F3B9AB68F3B9FFF72CFB041E01DA42
:10D3A0006442F2E7304602F0A8FC0446FFF744FB73
:10D3B000002C02DA14F1100FF2D1284602F05AFCC8
:10D3C000069810B1F8F7AAFE002008B070BD262418
:10D3D000DBE71424D9E72724D7E730B505460C4608
:10D3E00085B03C2200212046F8F78AFDEB8903F046
:10D3F0000F03052B03D14FF4A043A3602EE02B694C
:10D40000002B33D09B6813B14FF49273A3602B6948
:10D41000DB681BB1A36843F09203A360EA89A368A9
:10D4200002F00F02032A00D012B943F48043E4E76C
:10D43000022A18D143F4C043A3602B6973B11B695E
:10D4400063B101A928469847002807DB9DF80430FE
:10D4500023B1BDF90C20029B5343A361AB8AA38087
:10D46000002005B030BD43F40053C6E744F2241356
:10D47000C3E7F0B50E4689B0174698B391B3037869
:10D480009BB30023CDE90233CDE904330190069329
:10D4900001A801238DF81C3002F0B5FB041E11DB3E
:10D4A000029DEB8903F00F03032B12D12B69B3B15B
:10D4B0009B6DA3B1059932462846984704462846F5
:10D4C00002F0D8FB069808B1F8F728FE204609B00C
:10D4D000F0BD3A4631462846FFF77FFFEEE76FF092
:10D4E0002504ECE76FF00D04F0E76FF00104EDE7C1
:10D4F00010B50122FFF7BDFF041E05DAF7F73EFB6A
:10D50000644204604FF0FF34204610BD10B5002285
:10D51000FFF7AFFF041E05DAF7F730FB6442046043
:10D520004FF0FF34204610BD70B588B00023CDE920
:10D530000233CDE90433019006930646012301A886
:10D540008DF81C3002F05FFB041E2ADB029DEB8984
:10D5500003F00F03032B12D12A6982B1936C002BC5
:10D560003ED0059928469847041E17DB284602F04E
:10D5700081FB069888BB0024204608B070BDAA68CD
:10D580008ABB012B13D12B69DB69BBB128469847B5
:10D59000041E03DBFFF72EFA041E12DA284602F0FF
:10D5A00069FB06980028E7D0F8F7B8FDE4E7022BFE
:10D5B00002D12B699B69E8E7002BEBD06FF00504E3
:10D5C000ECE7304602F099FB0446FFF735FA002CF1
:10D5D000CCDA14F1100FE1D1C8E7F8F79FFDCAE7E4
:10D5E0006FF02504DAE76FF02604D7E710B5FFF7F0
:10D5F0009BFF041E06DAF7F7C1FA644204604FF09D
:10D60000FF3010BD0020FCE710B40468A40707D564
:10D6100083684BB11B693BB1DB682BB110BC184769
:10D620006FF00C0010BC70476FF00800FAE737B5D8
:10D6300015460C4659B101A9FFF709F9002804DB8A
:10D6400001982A462146FFF7DFFF03B030BD6FF097
:10D650001500FAE710B5FFF7EAFF041E05DAF7F741
:10D660008DFA644204604FF0FF34204610BD08B5C7
:10D67000B1F5417FC36805D159681046F8F753FCEE
:10D68000002008BD6FF01800FBE770B5C5680646BE
:10D690000C462868002956D0212A54D9C38903F0A2
:10D6A0000F03032B0BD103690A465B6B294698478E
:10D6B000002844DB736801337360222042E0A968CC
:10D6C00000293ED021221C31601CF8F734FC0023D5
:10D6D0002370AB681A6932B1DB8903F00F03022BA8
:10D6E00017D106232370AB689A680AB91B690BB976
:10D6F00004232370FFF77EF9AC686368AB6013B155
:10D700009A8901329A81FFF797F9204602F0B2FA1E
:10D71000D0E7072B01D10923E4E7032B01D1042330
:10D72000E0E7012B01D10223DCE7042B01D1032325
:10D73000D8E7052BD6D0062BD5D10723D2E7831CFB
:10D7400000D1002070BD6FF01500FBE770B5C46814
:10D75000D4E90056EB8903F00F03032B0ED12B699C
:10D760001B6BA3B12146284698470446284602F081
:10D7700081FA3046F8F7D2FC204670BDA06808B1A7
:10D7800002F078FA2046F8F7C9FC0024EEE71C46C0
:10D79000ECE72DE9F04306468BB089461746002A90
:10D7A00048D1D0F80C804468D8F80050EB8903F0D9
:10D7B0000F03032B20D1A1420CDA2B699B6B2BB9F1
:10D7C0006FF0890420460BB0BDE8F083414628463F
:10D7D00098473C462746B94504DC3C46002CF1DB23
:10D7E0007460EFE72B6901AA5B6B414628469847B6
:10D7F000041EE7DB0137EEE7A142B6BFAD68D8F8FB
:10D8000008501446FFF7F6F80DB1A1450FD1D8F82E
:10D810000870C8F8085015B1AB890133AB81FFF728
:10D820000BF9002FDAD0384602F024FAD6E76D68FB
:10D830000134E9E7012A0CBF44686FF01504C1E721
:10D84000F7B58568EB8903F00F03032B06460F46F7
:10D8500019D12B6923B3DC6A14B35B6B03B301AA40
:10D860002846A047041E0BDB019B1D603846019D26
:10D87000F8F71AFB68600D48C6E90205FFF7F4F8EF
:10D88000204603B0F0BD0C20F8F760FC034650B111
:10D8900001900560A8689860FFF7E6F80024E5E7C6
:10D8A0006FF02504ECE76FF00B04E9E7900A002025
:10D8B000C3685968FFF7C4BF10B40468A4070A46D8
:10D8C00013D58368ABB1DC8904F00F04032C04D0BA
:10D8D00010BC4FF4447102F0BDBA1B694BB1DA6859
:10D8E00052B19B6A5BB110BC18476FF0080010BCC6
:10D8F00070476FF01500FAE76FF01D00F7E76FF063
:10D900002500F4E737B50D1E12DB01A9FEF79FFFD6
:10D91000041E05DB01982946FFF7CEFF041E0ADA34
:10D92000F7F72CF9644204604FF0FF3003B030BDCC
:10D930006FF01504F4E70020F8E72DE9F347061E21
:10D940008946144698467CDB12B903F03DFE044636
:10D95000022E18DD01A93046FEF779FF051E04DB13
:10D96000019B986840B96FF00105B8F1000F57D0DE
:10D970000023C8F8003053E04946FFF773FA10B1AE
:10D980006FF00C05F1E7022EA76855DD7420F8F75B
:10D99000DDFB0446002857D007F1580A504603F033
:10D9A000C9FE00280DDAF7F7E9F80568042DF5D06F
:10D9B0007D2DF3D0002D04DD20466D42F8F7AEFB3F
:10D9C000D3E7D7F8C4317BB31C60C7F8C4415046D5
:10D9D00003F042FF002801DAF7F7D0F84FF0FF33E9
:10D9E0000021251DC4E9043101222846F7F7FDF87E
:10D9F00000281CDAF7F7C2F804F12C0304F16C02DA
:10DA0000C4E90823E361A3620C2384F86E30A661A5
:10DA1000A4F86C90B8F1000F19D0C8F800400025A8
:10DA2000284602B0BDE8F087C7F8C041CDE7012124
:10DA30002846F7F70EF9DFE7742404FB0674643414
:10DA4000DAE76FF0080590E76FF00B058DE74546C4
:10DA5000E6E72DE9F34107460E4690461D46FEF7E0
:10DA6000C9FF041E12DB01AA41463846FFF73EF803
:10DA7000041E09DB019BDA891E6122F00F0242F0CD
:10DA80000102DA819D610024FEF7D6FF204602B034
:10DA9000BDE8F08170B58AB00E46194600231546E0
:10DAA00000930446002800F081806A4602F0FAF9EB
:10DAB000002875DB454C00E00834216831B1284668
:10DAC00005F012FC0028F7D165684DB96FF012041B
:10DAD0000098002877D002F0CDF874E0083466E0B2
:10DAE000FEF788FF041EF3DB002303A8CDE904330F
:10DAF000CDE90633039608938DF8243002F083F8BD
:10DB0000002817DB04980190C3891B0704D1EB6B35
:10DB1000CBB96FF0150426E002F0ACF86FF01304F7
:10DB2000FEF78AFF08980028D2D0F8F7F7FA00230A
:10DB30000893CDE701AA40F2FF113046FEF7D6FF69
:10DB4000041EE4DAECE7009810B183890133838185
:10DB5000EB6B0E9902AA9847041E0BDA009B13B1D7
:10DB60009A89013A9A81019802F084F8304602F0CD
:10DB7000C4F8D5E7019AD389156123F00F0343F068
:10DB80000303D381029B9361FEF756FF009808B10F
:10DB900002F070F8089808B1F8F7C0FA002412E013
:10DBA0006946204602F0B9F900288FDA084C21684E
:10DBB00039B1284605F098FB00288FD16568002D03
:10DBC0008ED16FF00E0420460AB070BD8089110816
:10DBD0009089110813B5049C0094FFF75BFF041EA5
:10DBE00005DAF6F7CBFF644204604FF0FF342046BD
:10DBF00002B010BDF0B589B000230F460093064671
:10DC0000002853D0CDE9010301A8CDE90333CDE9C4
:10DC100005338DF81C3001F0F6FF041E27DB029D52
:10DC2000EB8903F00F03032B3BD12B691B6C002BFB
:10DC300037D0FEF7DFFE041E2ADB2B69A8691B6CB8
:10DC40003A4669469847041E28DB25D1EB89AC612A
:10DC500023F00F03EB81AB682C617BB1AB89013BF7
:10DC6000AB81FEF7E9FE009808B102F003F80698D0
:10DC700008B1F8F753FA204609B0F0BD304602F07B
:10DC80003CF80646FEF7D8FE16B116F1100F0BD180
:10DC9000284601F0EFFFE6E76FF00F04FEF7CCFE39
:10DCA000F6E76FF01504F3E73446F1E76FF00D0483
:10DCB000E1E710B5FFF79EFF041E05DAF6F75EFFF9
:10DCC000644204604FF0FF34204610BD38B504466E
:10DCD00003F062FEE3688342054604D12369013301
:10DCE0002361002038BD204603F024FD002807DA18
:10DCF000F6F744FF00680428F5D07D28F3D04042B1
:10DD00000028EFD10123E5602361EBE770B50646FB
:10DD10000C461846154600213C22F8F7F1F806F0AB
:10DD20000702012A03460BD144F26D1282609C6106
:10DD30002C44013C9D8694FBF5F400209C6370BD4F
:10DD400006F0060102290FD1022A0CBF4FF4004150
:10DD50004FF4204132074ABF41F4B67141F4927149
:10DD600041F001018160E2E76FF00100E7E708B5EB
:10DD70000846F8F7D3F9002008BD38B540F2013362
:10DD80009942D0E90205144608D183691B6B8BB117
:10DD900082B12A6813442360002038BDB1F5417F69
:10DDA00008D1114601F042FF05F11901204605F0A6
:10DDB00059FAF1E76FF01800EFE710B5044603F0E9
:10DDC000EBFD23695A1E012B22610BD14FF0FF336B
:10DDD000E360204603F040FD002803DABDE8104070
:10DDE000F6F7CCBE10BD2DE9F04383689D6905F1BF
:10DDF0000C0787B00646384688469146FFF766FF0F
:10DE0000041E36DB284600F006FC044670BB09F011
:10DE10000309B9F1010F3CD142466946284600F09A
:10DE200035FC041E22DB039B03F00703012B33D0D8
:10DE3000022B34D14046F8F79AF81C30F8F786F9EF
:10DE4000814678B3049B8360039B03F00F03037642
:10DE500041461930F8F767F84A466946284600F007
:10DE6000C9FD041E09DA4846F8F758F93846FFF7A5
:10DE7000A4FF204607B0BDE8F0834946284600F0DD
:10DE8000A0FB041EEFDBC6F80C902B6A01332B625B
:10DE9000ECE76FF00C04E9E76FF01404E6E76FF0CD
:10DEA0000504E3E76FF00B04E0E72DE9F74FD0E955
:10DEB0000237D3F8188008F10C0B064658468946FD
:10DEC0009246FFF703FF041E14DB404600F0A3FB5D
:10DED0000446002857D1BD687268AD1A554528BF61
:10DEE0005546824655B95846FFF767FF14EA2404A1
:10DEF00038BF5446204603B0BDE8F08F73683968D8
:10DF00001944B8F80A30B1FBF3F2581E01400091F1
:10DF10003969B5FBF3F3994213D8009989B9494699
:10DF20004046009300F07DFA041EDCDBB8F80A20BE
:10DF3000009B5A4373681344914473609244AD1A32
:10DF4000D0E739464046019200F0BDFA041ECADB14
:10DF50003869F968019AB8F80AC0009B0144891A27
:10DF60000CFB01F1CB1AAB4228BF2B461A46009B93
:10DF700000920CFB0033591A7B6948461944F7F7A5
:10DF8000B1FF009AD6E74FF0000AACE72DE9F04167
:10DF90008B68D3F8188008F10C07054638460E4602
:10DFA000FFF794FE041E1ADB404600F034FB0446E3
:10DFB00090B91C20EC68F8F7B9F80546C8B1236899
:10DFC0000360A36883600146404600F0FAFA041E2D
:10DFD00008DA2846F8F7A2F83846FFF7EEFE2046A2
:10DFE000BDE8F081F560D8F820300133C8F8203062
:10DFF000F2E76FF00B04EFE72DE9F843866906F1CD
:10E000000C0840460F461546FFF760FE041E1CDB59
:10E01000304600F000FB0446A0B905F10109FB6899
:10E02000F3B11968E1B1CE68212215314846F7F7FE
:10E0300082FFFB680433FB6006F00703012B07D166
:10E0400004232B704046FFF7B8FE2046BDE8F88356
:10E05000022B01D10823F4E7032BE0D10A23F0E7D8
:10E060006FF00104EEE72DE9F043D0F8188087B097
:10E07000102089461746F8F769F8054668B308F195
:10E080000C063046FFF722FE041E1FDB404600F060
:10E09000C2FA0446B8B94A466946404600F0F6FA64
:10E0A00000280FDB039B03F00703012B12D1009B19
:10E0B0003046C5E902333D60FFF77FFE204607B0DA
:10E0C000BDE8F08304463046FFF777FE2846F8F7B0
:10E0D00025F8F3E76FF01304F5E76FF00B04EDE7B5
:10E0E0002DE9F041D0E902379D6905F10C0604469F
:10E0F0003046FFF7EBFDB0F1000810DB2B6A013B67
:10E100002B623046FFF759FE2B6B1BB9786908B1BB
:10E11000F8F704F83846F8F701F80023E3604046C2
:10E12000BDE8F0812DE9F843012AD0F80C800646BD
:10E130000D4607D0022A20D032B16FF015042046D8
:10E14000BDE8F88343681D44B368D3F8189009F11B
:10E150000C073846FFF7BAFD041EF0DB484600F016
:10E160005AFA044628B9D8F808309D4294BF756021
:10E1700073603846FFF721FEE1E7D8F80830E2E7A0
:10E180002DE9F041D0E902389D6905F10C073846C8
:10E190000E46FFF79BFD041E10DB284600F03BFAFD
:10E1A000041E08DB6A89D8F8081098F8180033466E
:10E1B000FFF7ACFD04463846FFF7FFFD2046BDE8FB
:10E1C000F081F8B5876907F10C0630460D46FFF778
:10E1D0007DFD041E09DB384600F01DFA044608B92F
:10E1E000AB68EB603046FFF7E8FD2046F8BDF8B5B8
:10E1F000866906F10C0738460D46FFF767FD041ED9
:10E200001ADB304600F007FA041E12DB1C22002144
:10E21000281DF7F775FE47F275232B607389AB60F5
:10E22000B36A7289013B1344B3FBF2F3EB60202322
:10E230006B603846FFF7C1FD2046F8BD2DE9F0417F
:10E24000856905F10C0786B0384688461646FFF703
:10E250003DFD041E17DB284600F0DDF9044678B9C1
:10E2600042466946284600F011FA041E08DBDDE943
:10E2700003016A89334600F00F00FFF747FD0446AB
:10E280003846FFF79AFD204606B0BDE8F08108B594
:10E29000F3F7EFFE002803DABDE80840F6F76EBC9E
:10E2A00008BD2DE9F0410E4690460446A0B300F1AA
:10E2B0000C073846FFF70AFD051E0BDB236A63B126
:10E2C000B8F1000F384614BF6FF025056FF00F0549
:10E2D000FFF773FD2846BDE8F08125685DB1EB8945
:10E2E00003F00F03022B04D12B695B680BB12846A6
:10E2F000984706B13560236B1BB9606B08B1F7F71F
:10E300000DFF606800F0A9F93846FFF7C0FF20460E
:10E31000F7F704FF0025DDE76FF01505DAE7F8B53C
:10E320001746054618B96FF012052846F8BDC3898F
:10E3300003F00F03022B07D03820F7F707FF04463E
:10E3400050B96FF00B05F0E703691B68002BF3D0A1
:10E3500098470028F0D0E6E74FF0FF33002100F1A6
:10E360000C06C0E9063101223046F6F73EFC0028D3
:10E3700018DAF6F703FC2560204600F0C6F8051E03
:10E3800009DB204600F0FCFA051E10DA236B13B9F6
:10E39000606BF7F7C3FE3046FFF779FF2046F7F7CB
:10E3A000BDFEC2E701213046F6F753FCE3E73C60CF
:10E3B0000025BAE710B5446B6218635C50781B0601
:10E3C00043EA0043D0780343907843EA002010BD2D
:10E3D00070B50B6842681C7D0668944228BF1446DD
:10E3E00003F11505224629463046F7F76BFD40B983
:10E3F000335D2F2B00D02BB9285D003818BF0120CA
:10E40000404270BD0120FCE707B50368684603F190
:10E4100015021B7D00920193FFF7DAFF03B05DF850
:10E4200004FB2DE9F0410546006B0F4616461C46DD
:10E4300048B1698903FB01F206FB01013846F7F791
:10E4400051FD002016E02868B0F80EC005690CF0F8
:10E450000F0CBCF1070F0FD1D5F80480B8F1000FF5
:10E460000ED00B46224631462846C0478442E8D0AB
:10E4700000EAE070BDE8F081AD6825B1A847F5E796
:10E480006FF02500F2E76FF01200EFE770B5C26A97
:10E490004389B1FBF3F6B24204460D4606D0016B48
:10E4A00041B15B422B400B444363E6626089013813
:10E4B000284006E0416B01233246FFF7B2FF0028F7
:10E4C000F3DA00B270BD38B5CB6893420C461546FE
:10E4D00003D80A691344AB4206D8036B33B14289AF
:10E4E00005FB02336361E56000200DE0236962688B
:10E4F000691E1944914284BF0132D51A61692A46C6
:10E50000FFF78FFF0028EEDA38BD30B5056885B01B
:10E510000446002D52D0EA89286902F00F02072A2A
:10E52000036928D133B101AA40F20161984720B1B3
:10E5300005B030BD6FF02500FAE7019A029B6281B9
:10E54000B3FBF2F3039A534363624FF0FF33E3628A
:10E55000EB8903F00F03072B1DD1286903691BB357
:10E5600004F1300240F201519847E8B9236BDBB166
:10E570006363E062DCE701A9284698470028D7D109
:10E580009DF8043023B1BDF80C306381029BDBE7BA
:10E590006FF00F00CCE72B695B692BB104F13002FF
:10E5A00040F201512846DFE76089F7F7BFFD0028F8
:10E5B000606314BF00206FF00B00B9E76FF012002A
:10E5C000B6E710B5036B0C463BB10023CB60026B82
:10E5D0004A6101220A61184610BD0A688B684189A8
:10E5E0001344B3FBF1F3636001334189B2FBF1F2F1
:10E5F0009B1A012B28BF01234FF0FF32C4E90323EC
:10E6000040895843F7F792FD0028606114BF00204D
:10E610006FF00B00E0E71FB5037A04466BB10068AA
:10E62000C38903F00F03072B02D1002004B010BDF3
:10E6300003691B6923B9002323726FF01200F5E709
:10E6400001A998470028F6D19DF80430002BF2D09C
:10E650009DF80530002BE8D0EDE738B5C36803F02E
:10E660000703012B04460CD1002504E050F82500D7
:10E67000FFF7F3FF0135A3882068AB42F6DCF7F71C
:10E680004DFD2046BDE83840F7F748BDF0B543687A
:10E690000D46144685B00A4603F1180153F8040BE1
:10E6A00042F8040B8B42F9D114B9002005B0F0BD3B
:10E6B0002378002BF9D01C4F23782F2B1AD02F2131
:10E6C0002046F7F725FC0646B8B92046F7F74FFC79
:10E6D0000028EAD02028A8BF20200390AA88296813
:10E6E0000097042302A8029404F015FC38B96FF0D7
:10E6F0000100DBE7661C3446DEE7001BE8E7036841
:10E700002A4603F1180153F8040B42F8040B8B421C
:10E71000F9D1002EC9D0EB6803F00703012BEAD032
:10E720006FF01300C2E700BFD1E310082DE9F84FE6
:10E7300005460E4692469846FFF7A8FE041E01DAEB
:10E7400020460FE021462846FFF734FE4FF04009EF
:10E7500007464FF0000B31462846FFF797FE011E93
:10E7600002DA0846BDE8F88F2846FFF723FE430784
:10E7700024D0CAF80060BBF1000F05D0314628460E
:10E78000FFF784FE041EDBDB21462846FFF712FE5E
:10E7900027F00F0700F00F000743211DC8F8007095
:10E7A0002846FFF707FE0A9B04F108011860284677
:10E7B000FFF700FE0B9B18600020D3E704312846CA
:10E7C000FFF7F8FDB9F1010906464FF0010BC2D180
:10E7D0006FF02700C6E72DE9F0470746164601F11E
:10E7E0001008002505EB08013846FFF74FFE00280A
:10E7F00023DB796B01EB000999F80F30FBB9484630
:10E80000F7F7B5FB4FF0010A84B22B19202BC4BFD8
:10E81000C5F12004A4B206EB050025442246494672
:10E82000ADB2C8BF4FF0010AF7F75CFB1F2D02D84D
:10E83000BAF1000FD6D000207055BDE8F0874FF038
:10E84000000A1024E1E700002DE9F04F91B00746DF
:10E85000DDF868804046CDE902320D46F7F787FBC8
:10E860001830F7F773FC044620B96FF00B0011B0B5
:10E87000BDE8F08F1B9B039E1860C6608560404614
:10E88000F7F775FB06F007062075414604F1150001
:10E89000F7F749FB012E03D0029B23610020E6E736
:10E8A0002668DFF8D0A0DFF8D0B04FF0000802AB48
:10E8B000019306AB009305AA03AB29463846FFF740
:10E8C00035FF0028D3DB0DF11C094A46294638469E
:10E8D000FFF781FF0028CADB5146484604F004FDDB
:10E8E000002836D05946484604F0FEFC002830D0B7
:10E8F00026B1A28808F1FF339A4210D108F104052D
:10E900002068A900F7F71AFC0028AED0206010227A
:10E9100000EB88000021F7F7F3FA5FFA85F8A38887
:10E9200026685A1CA280039A06EB830602F00703AE
:10E93000012B04BF069B0593CDE90096029B059928
:10E940003846FFF781FF002803DAA388013BA38044
:10E950008DE7039D25F00F050395002DA7D1A18814
:10E96000012905D9054B2068042204F027FB95E70F
:10E9700028467CE7B2761108B176110809E4100840
:10E9800073B500210646FFF781FD041E24DB756B7D
:10E9900016490822284604F08FFC044610BB0821C3
:10E9A0003046FFF707FDB06205F11000F7F7DFFA18
:10E9B000331D00F1200101930D4B009301222346EA
:10E9C00021F00F013046FFF73FFF05B2002D06DAB8
:10E9D0007068FFF742FE2C46204602B070BD01234E
:10E9E0003372F9E76FF01504F6E700BF008A1108EB
:10E9F000238911088B68097D20330B4423F00F0312
:10EA00001360002070478B897F2B05DC9A1DC0683E
:10EA100041F8220001338B817047C3681B685B6833
:10EA20009B681847C3681B685B68DB6803B11847BD
:10EA3000184670476FF018007047C3681B685B6822
:10EA40001B6918470B7A13B10B691BB9CB8A4B8131
:10EA5000002070470023FAE70020704710B50C46ED
:10EA60001822002104F10800F7F74AFA024A20238D
:10EA7000C4E90023002010BD50524F4310B50B468F
:10EA8000C4683C2200211846F7F73AFA48F22412EB
:10EA9000826022685268D26812B148F2B61282606F
:10EAA000002010BD2DE9F84FDFF85C9006468B463C
:10EAB000174698466FF001040025144B1B78AB42B3
:10EAC0001CDD0C2303FB05FAD9F80030002253F8B3
:10EAD0000A00594603F08CFE98B9D9F80030534427
:10EAE0003A465B6859461C6830464346A047044690
:10EAF00038B9D9F80030F268534413602046BDE8B5
:10EB0000F88F0135D9E700BFE41D0020E81D002083
:10EB10002DE9F14F0F7A0C461646002F65D14D892D
:10EB20008B899D424DD3ED1A524B93F800A0524B66
:10EB3000D3F800904FF00C0BAA4505D86FF00107F1
:10EB4000384601B0BDE8F08F0BFB05F309EB030776
:10EB500059F8038008F1FF3212F8013F2F2B00D043
:10EB6000CBB9227D2AB1D4F818124046F7F7AAF99A
:10EB7000B8B14249404604F085FB2075C0B2421C42
:10EB8000C4F818824146701CF7F7D5F93B7A022B7E
:10EB900009D104200FE02A2B03D05B2B01D03F2B9F
:10EBA000DAD10135C8E74046F7F7E1F9237D834222
:10EBB00014BF042008203070A3891D4465810027FC
:10EBC000BEE7AB1D51F823804046F3F73BFE00281B
:10EBD000B4D03046042300F8013B294A43462121A2
:10EBE000013500F049F96581AAE70B69002B39D19D
:10EBF000204B4A8919788A42A0D2E38A99429DD94A
:10EC00001D49657D09680C204243434351F8028049
:10EC1000C9582A464046F7F755F9074600288DD1CE
:10EC2000013545441549284604F02CFBA5612075A3
:10EC3000C2B22946701CF7F77EF9237DF25C2A2ABE
:10EC40000DD0334400225A70237DEB5C2F2B0CBF78
:10EC500004230823337063890133638170E7013B28
:10EC60002375EAE75B68DB691146204601B0BDE821
:10EC7000F04F1847E81D0020E41D0020CD71110859
:10EC8000E285110808B50846F7F748FA002008BDE4
:10EC900010B50446C068F7F741FA0020E06010BDE7
:10ECA0002DE9F14F15460C463C2200212846F7F786
:10ECB00027F90CB1237833B944F22413AB60002058
:10ECC00001B0BDE8F08F2046F7F751F9DFF85CA0FE
:10ECD000DFF85C80074600264FF00C0B9AF80030F6
:10ECE0009E4202DB6FF00100EAE7D8F800300BFB30
:10ECF00006F9002253F80900214603F079FDD8F8FF
:10ED0000003048B999442946D9F804305B6A204656
:10ED100001B0BDE8F04F184753F809003A462146C4
:10ED2000F7F7D0F80028C7D00136D7E7E81D002054
:10ED3000E41D00202DE9F04715460C4609B10B787B
:10ED4000ABB94FF40770F7F701FA044618B96FF042
:10ED50000B00BDE8F0870146294802F003FC0020C3
:10ED6000284BC4F81832207520612C60F1E7084662
:10ED7000F7F7FDF8DFF89090DFF890A080460026C6
:10ED800099F800309E4231DA0C27DAF800307743E8
:10ED90000022D859214603F02BFDDAF8003068B97B
:10EDA0003B4429465B6820465B6998470028D0D1E0
:10EDB000DAF800302A681F441761CAE7D85942467A
:10EDC0002146F7F77FF80746C0B91C20F7F7BEF9D0
:10EDD0000028BCD001220272B2B24281C282094A2A
:10EDE00080F81580826107750761286099F8003006
:10EDF0009E4214BF00206FF00100AAE70136BFE772
:10EE000007EA100823891108E81D0020E41D0020EE
:10EE100010B5084C23685BB99020F7F787F920609C
:10EE200030B190220449F7F75DF8044B0C221A70B8
:10EE300010BD00BFE41D0020408A1108E81D00201D
:10EE400008B5FFF7E5FF002008BD70B5064610467F
:10EE5000049A15688D424FF0000403D96D1A1560AD
:10EE6000204670BD14604C1B9C4228BF1C462246A5
:10EE70007119F7F737F8F3E70CB413B504AB0C4688
:10EE800053F8042B019303F01CFE013CA04228BF61
:10EE9000204602B0BDE8104002B070470346002093
:10EEA0005881704708B5C3689868F3F7CBFC002811
:10EEB00014BF6FF015006FF0120008BD2DE9F84384
:10EEC000DFF844800546002758F8046BD6F8009018
:10EED0004846F7F74CF82946044602464846F6F7F6
:10EEE000F1FF48B92B5D5BB12F2B05D12C44637822
:10EEF00013B9737A042B03D00137072FE4D100260E
:10EF00003046BDE8F88300BF788D110873B5002343
:10EF10000D4604221D4901930446F6F7D3FFD0B9EC
:10EF2000043402F039FD019400281CDBF3F78AFC5D
:10EF3000C8B13C2200212846F6F7E2FF019C267862
:10EF400026B11349204604F0CFF980B944F22413C6
:10EF5000AB60002009E00A2201A92046F6F76AFE0C
:10EF6000019B002BE0D16FF0010002B070BD2F2E8D
:10EF7000F9D1601C0190FFF7A1FF0028F3D0437A7C
:10EF8000082BE3D148F22413E2E700BF2A8A1108D4
:10EF9000CD71110870B546898389B34204460D4688
:10EFA00002D86FF0010070BD8069F3F74BFC0028B8
:10EFB000F7D063691B7A1BB1042BF2D1084B00E038
:10EFC000084B53F8263028465A7A00F8012B0136B0
:10EFD00059682122F6F7AFFF66810020E3E700BF02
:10EFE000448D11085C8D110808B5F7F797F80020DB
:10EFF00008BD10B50446C068F7F790F80020E0603F
:10F0000010BD0000F7B500230F4604222A490193E2
:10F010000446F6F757FF50B902F0BEFC043405462B
:10F020000194019B53B96FF0010003B0F0BD0A22B7
:10F0300001A92046F6F7FEFD0546F2E71B780BB165
:10F040002F2BF0D1002DEEDB2846F3F7FBFB002839
:10F05000E9D01C20F7F77AF8044648B3019E3378CC
:10F06000FBB11649304604F03FF9D0B1701C019055
:10F07000FFF724FF18B92046F7F750F8D3E7437A93
:10F08000042B05D02046F7F749F86FF01300CCE7C2
:10F09000022323720323A3816061A56100203C60E9
:10F0A000C3E7012323720423A381054B6361F4E7C3
:10F0B0006FF00B00B9E700BF2A8A1108CD71110863
:10F0C0006C8D110873B50D46064600231E49019349
:10F0D00004222846F6F7F6FE50B902F05DFC04352E
:10F0E00004460195019B53B96FF0010002B070BD59
:10F0F0000A2201A92846F6F79DFD0446F2E71A7890
:10F100002F2AF1D10133002C0193EDDB2046F3F7D8
:10F1100099FB0028E8D00198FFF7D0FE05460028AB
:10F12000E2D0437A082B09D14FF48670F7F70EF836
:10F1300038B1C0E90154F0600020D7E76FF0140047
:10F14000D4E76FF00B00D1E72A8A110870B5C668C2
:10F150004FF486700D46F6F7E9FF044638B14FF4D8
:10F1600086723146F6F7BEFEEC60002070BD6FF08F
:10F170000B00FBE770B588B003AA044600261346CF
:10F18000084611F8015B3D2D00D04DBB3D2D4FF0E1
:10F190000001117008BF421C206818BF134A00927A
:10F1A0004FF48071124A0C30FFF766FE2346014689
:10F1B00053F8080B626800930C302369FFF745FE93
:10F1C000626863690244626022690344101A206124
:10F1D000E0686361834234BF0020012008B070BD45
:10F1E0000F2EDCBF02F8015B0136C9E72389110845
:10F1F000C07B11082DE9F04FC568CBB00E460490D6
:10F20000A8689346F3F71EFB0746002800F0048326
:10F210006B681B7A013B062B00F20183DFE813F0D9
:10F220000700F4004B01FF02C0016D02EB02049BDA
:10F23000C34A5B680A930C3500F1740300934FF4E2
:10F240008071C04B2846FFF717FE0DF128080146D4
:10F25000CDF800805B4632462846FFF7F6FD834531
:10F26000044640F2C380FB8BB74A03F00303064415
:10F2700052F823300093B54AB54BABEB00094FF47D
:10F2800080712846FFF7F8FDCDF8008001464B4617
:10F2900032462846FFF7D9FD0444A34540F2A68034
:10F2A000BB68002B00F0AD805B68AA4A009306445F
:10F2B000A94BA9EB00094FF480712846FFF7DCFD4C
:10F2C000CDF8008001464B4632462846FFF7BDFD8B
:10F2D0000444A34540F28A803A7FA04B53F8223081
:10F2E00000939A4A9E4B0644A9EB00094FF48071A3
:10F2F0002846FFF7C1FDCDF8008001464B46324657
:10F300002846FFF7A2FD0444A3456FD9FB8B13F0F9
:10F31000040F14BF4E222D2213F0100F14BF5021E2
:10F320002D2113F4006F14BF50232D23CDE90113B9
:10F3300006448C4B0092A9EB00098B4A4FF4807174
:10F340002846FFF799FDCDF8008001464B4632462E
:10F350002846FFF77AFD0444A34547D93B7C7D4A04
:10F3600000930644814BA9EB00094FF480712846B5
:10F37000FFF782FDCDF8008001464B463246284615
:10F38000FFF763FD0444A34530D9FB8B784AC3F3F0
:10F390004113064452F8233000936C4A754BA9EB95
:10F3A00000094FF480712846FFF766FDCDF8008014
:10F3B00001464B4632462846FFF747FD0444A34525
:10F3C000824613D97B6C6C4A00934FF480716B4B6F
:10F3D0002846FFF751FDCDF800800146A9EB0A034E
:10F3E00006EB0A022846FFF730FD0444002C04DD3A
:10F3F000049B049A5B682344536020464BB0BDE8ED
:10F40000F08F4FF0FF3350E7049B0DF128095B6844
:10F41000C9F8003000F174084046F6F7A8FD0C3535
:10F420000446024641462846F6F75CFD2146CDF8E3
:10F4300000905B4632462846FFF707FD83450446A9
:10F44000D4D9FB8B03F00303012B0644ABEB00087C
:10F450000DD1D7F898304A4A4FF480712846FFF70B
:10F460000BFD0146CDF8009043463246BAE7BB6833
:10F47000DFF810A19B6ADF6857F8043F33B9424AAE
:10F480004FF480712846FFF7F7FCEAE752464FF445
:10F4900080712846FFF7F0FC434601463246CDF81E
:10F4A00000902846FFF7D1FC0444A3450644A8EB8E
:10F4B0000008E1D89AE7049B344A5B680A93836B9F
:10F4C00000930C35324B4FF480712846FFF7D4FC83
:10F4D0000DF128090146CDF800905B4632462846DA
:10F4E000FFF7B3FC8345044680D9FB6B274A0093A2
:10F4F0000644284BABEB000A4FF480712846FFF717
:10F50000BBFCCDF800900146534632462846FFF733
:10F510009CFC0444A34580467FF668AF7B6B1E4A83
:10F5200000934FF480711D4B2846FFF7A5FCCDF8E2
:10F5300000900146AAEB080306EB080252E700BF61
:10F54000368B1108308B1108E08D1108488B11089B
:10F55000428B1108588B1108518B1108B08D11087E
:10F56000618B1108688B11086F8B11087C8B110857
:10F57000948D1108868B11089A8B1108918B1108B4
:10F5800070861108C39011081D7E1108B28B1108F6
:10F59000A68B1108BB8B1108D18B1108C68B1108E3
:10F5A000049BD0F808905B680A93D9F804309D4A10
:10F5B00000930C359C4B4FF480712846FFF75CFCA0
:10F5C0000DF128080146CDF800805B4632462846FA
:10F5D000FFF73BFC834504467FF608AFD9F80830B7
:10F5E000904A00930644914BABEB00074FF48071B7
:10F5F0002846FFF741FCCDF8008001463B463246E5
:10F600002846FFF722FC0444A3457FF6EFAE99F8A5
:10F610000C30874A00930644864B3F1A4FF48071A2
:10F620002846FFF729FCCDF8008001463B463246CC
:10F630002846FFF70AFC0444A3457FF6D7AE99F8A5
:10F640000D30784A009306447B4BA7EB000A4FF439
:10F6500080712846FFF710FCCDF800800146534624
:10F6600032462846FFF7F1FB0444A3457FF6BEAEC1
:10F67000724A0644AAEB000A4FF480712846FFF74D
:10F68000FBFBCDF800800146534632462846FFF783
:10F69000DCFB0444A3457FF6A9AEAAEB00070644B1
:10F6A0004FF0000A99F80D309A450ADB4FF480714B
:10F6B000634A2846FFF7E0FBCDF8008001463B4651
:10F6C000D3E6D9F810305F4A53F82A304FF48071EE
:10F6D0002846FFF7D1FB3B4601463246CDF8008075
:10F6E0002846FFF7B2FB0444A3450644A7EB0007F6
:10F6F0007FF67CAE0AF1010AD4E783680693049B87
:10F70000514A5B680993514B0293514B01930C355D
:10F71000504B00934FF480714F4B2846FFF7ACFBE2
:10F7200009AC014600945B4632462846FFF78DFB44
:10F73000834504467FF65AAE06EB0009ABEB000AA0
:10F740000027069B93F850309F42BFF64FAE069BB2
:10F750005B6D53F82760FB0007934FF00008B36818
:10F76000002B3FD0DB8903F00F03092B3AD00AAA04
:10F770004FF44171304600F06DFB0028BCBF002300
:10F780008DF828303368019373680093079B334AE0
:10F7900043444FF480712846FFF76EFB09AB0146E6
:10F7A0004A46009328465346FFF74FFB2C4A0590E4
:10F7B0008144AAEB000A0AAB4FF480712846FFF798
:10F7C0005BFB09AB014600934A4653462846FFF7C8
:10F7D0003CFB059B03441C44A3458144AAEB000A5F
:10F7E0007FF604AE08F10108B8F1080F06F1100623
:10F7F000B5D10137A5E7049B80685B681949CDF84E
:10F8000038B0CDE90C3B0AAA0023CDE90A560F9384
:10F8100001F0DAFC0F9CE9E56FF01204EDE56FF002
:10F820001504EAE5588B1108DB8B1108E68B1108EB
:10F83000EE8B1108688B1108FB8B1108048C1108E2
:10F840001D7E1108E1851108138C1108278C110801
:10F850002C8C1108338C1108108C1108378C11086E
:10F86000BE7D110875F1100808B50B463C22002139
:10F870001846F6F745FB48F224128260002008BDC6
:10F88000F8B5C46818200D46F6F750FC024670B172
:10F890002346064604F1180718685968344603C41D
:10F8A0000833BB422646F7D1EA600020F8BD6FF06E
:10F8B0000B00FBE72DE9FF41C568436804460E468F
:10F8C000174605F108087BB9104B186800F0BCFE1C
:10F8D0000F4B002201F05CF80E4ACDE90001102127
:10F8E0004046FFF7C9FA68606368039303AB00936F
:10F8F00069683B4632464046FFF7A7FA0028C2BF78
:10F9000063681B18636004B0BDE8F081C41D00206B
:10F9100000408F40188E110810B50446C068F6F7F5
:10F92000FDFB0020E06010BD02F00302012A10B5CB
:10F93000044606D11820F6F709FC28B1E060002043
:10F9400010BD6FF00C00FBE76FF00B00F8E708B597
:10F950000B463C2200211846F6F7D2FA48F2241250
:10F960008260002008BD70B5C66858200D46F6F7C5
:10F97000DDFB044630B158223146F6F7B3FAEC60AD
:10F98000002070BD6FF00B00FBE700002DE9F04395
:10F99000C668436885B008360546884691465021BA
:10F9A000114A03933046FFF767FA03AF4B4601460F
:10F9B000424600973046FFF748FA0C4A0446804416
:10F9C000A9EB000950213046FFF756FA4B46014695
:10F9D000009742463046FFF738FA6B6820440344EC
:10F9E0006B6005B0BDE8F083488E11085C8E11088D
:10F9F0002DE9F04F8FB0436807932A4BC6680593F3
:10FA0000294B0493294B0393294B0293294B0193D0
:10FA10000836294B00938846284BDFF8A4B01446DB
:10FA20005021284A05463046FFF726FA07AF01461F
:10FA30002346009742463046FFF707FA224BD3F899
:10FA400000908246B9F1000F06D16B6850465344CE
:10FA50006B600FB0BDE8F08F0CB38044241A08A986
:10FA6000D9F8040004F096F8099B05930A9B0493C7
:10FA70000B9B03930D9B02930C9B0193089B00939C
:10FA8000D9F800305A4650213046FFF7F5F9009773
:10FA90000146234642463046FFF7D7F98244D9F85B
:10FAA0000890CFE7B08E1108B68E1108BC8E1108F1
:10FAB0008D911108B78E1108C48E11082389110881
:10FAC000CA8E1108948E1108EC1D002010B5044652
:10FAD000C068F6F723FB0020E06010BD10B50446B7
:10FAE0005820F6F733FB10B1E060002010BD6FF036
:10FAF0000B00FBE770B50B78662B084B1C681546AE
:10FB000014BF4FF0FF366FF001060CB9284670BDE8
:10FB10006068314604F0A8F8A468F6E7EC1D002000
:10FB200003681BB1024B1A6882601860704700BFFF
:10FB3000EC1D002008B50B463C2200211846F6F7C4
:10FB4000DFF948F224128260002008BD70B5C66853
:10FB500088200D46F6F7EAFA044630B1882231468D
:10FB6000F6F7C0F9EC60002070BD6FF00B00FBE70A
:10FB70002DE9F041C5684368A6B004460E46174615
:10FB800005F108087BB904A802F08EFD0DF15A03B7
:10FB900001930DF1450300930C4A04AB80214046CC
:10FBA000FFF76AF968606368039303AB00936968C1
:10FBB0003B4632464046FFF748F90028C2BF63681B
:10FBC0001B18636026B0BDE8F08100BF408F1108AC
:10FBD00010B50446C068F6F7A1FA0020E06010BD39
:10FBE00002F00302012A10B5044606D18820F6F778
:10FBF000ADFA28B1E060002010BD6FF00C00FBE70B
:10FC00006FF00B00F8E738B50546FCF7F3FE041E6D
:10FC10000ADB2846FCF7CAFF041EA1BF6A68938965
:10FC200001339381FCF708FF204638BD38B5044600
:10FC30000D46C9B110B90870002038BD0068FFF743
:10FC4000F5FF0028F9DB04F11C01284603F00AFB4C
:10FC5000A06820B9E38903F00F03032BEDD1044919
:10FC6000284603F0FFFAE7E76FF01500E5E700BF6D
:10FC7000CD71110810B50446C8B1FCF7BBFE0028D1
:10FC8000FBDBB4F90C304BB9E389DB060BD5FCF791
:10FC9000D3FE2046BDE8104000F098BA013B1BB2ED
:10FCA000002BA381F0DDBDE81040FCF7C5BE10BD00
:10FCB00010B5044688B0D0B100240190012301A8FA
:10FCC000CDE90244CDE9044406948DF81C30FCF7DC
:10FCD0006DFFA04207DBDDE90242636852B1536069
:10FCE0000023C4E90033069808B1F6F717FA204656
:10FCF00008B010BD049A9360F2E710B5FFF7D8FF83
:10FD000068B1B0F90C4034B1C28942F01002C2812E
:10FD10006FF00F0010BD00F059FA2046FAE76FF0BF
:10FD20000100F7E72DE9FF418768166805460C4694
:10FD3000002F66D03B6940F20D38002B64D05B6920
:10FD4000002B61D03246984744450DDCB4F5417F25
:10FD50000EDBA4F54174092C0AD8DFE804F02C0965
:10FD600009090909090C1C2440F20F539C4234D0A4
:10FD700004B0BDE8F08110B110F1190FF8D12B6873
:10FD800036B1326822B143F040032B600020EFE728
:10FD900023F04003F9E710B110F1190FE8D12B68F7
:10FDA00043F48063F1E710B110F1190FE0D12B6833
:10FDB00023F48063E9E710F1190FD9D1FB8903F02F
:10FDC0000F03032B02D16FF01800D1E731463846FC
:10FDD00004B0BDE8F041FFF729BF10F1190FC7D1FA
:10FDE0003B69002BEFD05B69002BECD001AA40F2FD
:10FDF0000C51284698470028BADBBDF90C303380F7
:10FE0000B6E76FF00800B3E744451DDCB4F5417F69
:10FE1000D9DBA4F54174092CD5D801A353F824F0FB
:10FE2000BDFD1008C7FD1008C7FD1008C7FD10086C
:10FE3000C7FD1008C7FD1008C7FD10087FFD10089A
:10FE40009FFD1008AFFD100840F20F539C42C7D031
:10FE5000B9E700BF0EB403B503AA52F8041B019220
:10FE6000FFF760FF02B05DF804EB03B070470EB41B
:10FE700017B56946FCF7EBFC041E07DB06AA0599DB
:10FE800000980192FFF74EFF041E05DAF4F776FEA4
:10FE9000644204604FF0FF34204603B0BDE81040D8
:10FEA00003B0704730B589B00023019001A8CDE9B7
:10FEB0000233CDE904330D46144606938DF81C3009
:10FEC000FFF7A1FE002823DB0298C38903F00F038C
:10FED000022B10D10369C3B19A68B2B1DB680BB9C8
:10FEE000EB0712D520600698A8B1F6F717F90024A1
:10FEF000204609B030BD6FF00E04FFF7BBFE069838
:10FF00000028F5D0F6F70AF9F2E76FF00C04F4E7F1
:10FF10006FF00104F3E70446EAE76FF01200704760
:10FF200008B50B463C2200211846F5F7E9FF48F2D8
:10FF300024128260002008BD70B5C66848200D46B6
:10FF4000F6F7F4F8044630B148223146F5F7CAFF17
:10FF5000EC60002070BD6FF00B00FBE710B588B0BF
:10FF6000C36804920446002005900790581DCDE90F
:10FF700000014021CDE90212626806921B79022B32
:10FF80000DD8084A694652F8230000F067F9059831
:10FF9000002802DD63680344636008B010BD6FF0A1
:10FFA0001500FAE7489011080EB43FB5054607ABB7
:10FFB000044653F8042B816855F8180B039302F09C
:10FFC00080FD236900950146D4E90002FEF73DFF5C
:10FFD0006369034463616368034463602369181AB7
:10FFE000206104B0BDE8304003B070472DE9F04314
:10FFF000137F87B007460D4614462BB92949104692
:020000040811E1
:10000000FFF7D2FF01232377284600F0C9F8D5E98E
:100010000213024668694B434143581A002542F2D5
:100020000E76B34235D8C3F3090CBCF1000F00D1F2
:100030007BBB1D4E42F20E7E16F805C000257145B1
:100040002AD8C1F30908B8F1000F00D121BB16F876
:1000500005E042F20E780025404520D8C0F309099A
:10006000B9F1000F00D1D0B90391715DCDF800C096
:10007000CDE90101CDE904E720460C49FFF794FFE3
:100080006069E368984234BF0020012007B0BDE8F2
:10009000F08301359B0AC4E70135890ACFE70135B2
:1000A000800AD9E77C8F110854901108B28F11088B
:1000B0007FB5137F06460D4614464BB910460E49D0
:1000C000FFF772FF0D492046FFF76EFF01232377EC
:1000D000EB686A690A49CDE901269A1A009220461E
:1000E000AA68FFF761FF6069E368984234BF0020A7
:1000F000012004B070BD00BFD38F1108E68F110836
:100100001B90110838B505460846144600F048F81B
:10011000064903462A462046FFF746FF6069E36822
:10012000984234BF0020012038BD00BF379011082D
:1001300010B50446C068F5F7F1FF0020E06010BD7F
:1001400070B502F00304012C06460D4619D1114981
:10015000284603F0C9F890B10F49284603F0C4F8C7
:1001600028B10E49284603F0BFF868B90224482098
:10017000F5F7ECFF58B10471F060002070BD044643
:10018000F5E76FF00C00F9E76FF00100F6E76FF0AC
:100190000B00F3E708891108F8881108E9881108AD
:1001A000036847F27522934206D00449044A054881
:1001B0008B4208BF104670470348704750524F4368
:1001C000966E1108849011085077110810B50446F6
:1001D00050B14068FFF7FAFFA068FFF7F7FF20462D
:1001E000BDE81040F5F79ABF10BD00002DE9F041C1
:1001F000C38903F00F03032B88B004460D4617464E
:1002000028D1006908B3406CF8B10846F5F7AFFE95
:1002100004F11C0806464046F5F7A9FE01303044BB
:10022000B0F5807F16DC0C494246A819F4F75FFD53
:10023000236969465B6C2046984748B9D7E9003284
:100240006946284698470023AB5508B0BDE8F081C1
:100250000020F8E70020F8E74C77110807B5CDE952
:1002600000016946024800F03FF803B05DF804FB66
:10027000ED0111082DE9F0471A4E0446884601F1B8
:10028000080500270CB9204627E0D8E900322946A6
:100290002046984708BBA3680BB96468F2E7284674
:1002A000F5F765FE04F11C0A81465046F5F75FFE3E
:1002B00001304844B0F5807F11DC09F10800524656
:1002C00031464044F4F713FDA0684146FFF7D2FFE2
:1002D000C14489F808700028DFD0BDE8F0876FF0CE
:1002E0002300FAE74C77110870B506464FF4847086
:1002F0000C46F5F71BFF0546A8B10023C0E90064D2
:100300000372FCF777FB041E08DB084B1B682946C9
:100310009868FFF7AFFF0446FCF78EFB2846F5F719
:10032000FDFE204670BD6FF00B04FAE7E01D0020D3
:1003300000F01EB838B50D4604462F21284602F0BD
:10034000AFFF00B1451C284602F0D7F8031E09DBB9
:1003500002F0E6F840B1C368236083682362436813
:1003600023770023184638BD6FF00103FAE7000039
:10037000014800F003B800BFB00A002010B50446E1
:1003800048B1F1F787F8054B1A6822601C60F1F755
:1003900091F8002010BD6FF01500FBE7F01D002064
:1003A000024882F00101EFF7DFBF00BF0F680800CD
:1003B00008B50348F0F7C2F880F00100C0B208BDEC
:1003C0000F68080081F0004102E000BF83F00043A5
:1003D00030B54FEA41044FEA430594EA050F08BFE0
:1003E00090EA020F1FBF54EA000C55EA020C7FEAA4
:1003F000645C7FEA655C00F0E2804FEA5454D4EB21
:100400005555B8BF6D420CDD2C4480EA020281EAEA
:10041000030382EA000083EA010180EA020281EA22
:100420000303362D88BF30BD11F0004F4FEA013174
:100430004FF4801C4CEA113102D0404261EB410183
:1004400013F0004F4FEA03334CEA133302D0524209
:1004500063EB430394EA050F00F0A780A4F10104C5
:10046000D5F1200E0DDB02FA0EFC22FA05F28018FF
:1004700041F1000103FA0EF2801843FA05F35941E5
:100480000EE0A5F120050EF1200E012A03FA0EFC64
:1004900028BF4CF0020C43FA05F3C01851EBE3718E
:1004A00001F0004507D54FF0000EDCF1000C7EEBAB
:1004B00000006EEB0101B1F5801F1BD3B1F5001FE9
:1004C0000CD349085FEA30004FEA3C0C04F1010408
:1004D0004FEA445212F5800F80F09A80BCF1004F31
:1004E00008BF5FEA500C50F1000041EB045141EAB3
:1004F000050130BD5FEA4C0C404141EB0101013C7C
:1005000028BFB1F5801FE9D291F0000F04BF01466A
:100510000020B1FA81F308BF2033A3F10B03B3F13C
:1005200020020CDA0C3208DD02F1140CC2F10C02CC
:1005300001FA0CF021FA02F10CE002F11402D8BF2A
:10054000C2F1200C01FA02F120FA0CFCDCBF41EAF6
:100550000C019040E41AA2BF01EB0451294330BDC5
:100560006FEA04041F3C1CDA0C340EDC04F11404A2
:10057000C4F1200220FA04F001FA02F340EA030079
:1005800021FA04F345EA030130BDC4F10C04C4F1BF
:10059000200220FA02F001FA04F340EA030029469F
:1005A00030BD21FA04F0294630BD94F0000F83F4E9
:1005B000801306BF81F480110134013D4EE77FEACC
:1005C000645C18BF7FEA655C29D094EA050F08BF18
:1005D00090EA020F05D054EA000C04BF19461046F9
:1005E00030BD91EA030F1EBF0021002030BD5FEA3D
:1005F000545C05D14000494128BF41F0004130BD65
:1006000014F580043CBF01F5801130BD01F00045B8
:1006100045F0FE4141F470014FF0000030BD7FEA2B
:10062000645C1ABF194610467FEA655C1CBF0B4626
:10063000024650EA013406BF52EA033591EA030F3D
:1006400041F4002130BD00BF90F0000F04BF002135
:10065000704730B54FF4806404F132044FF0000568
:100660004FF0000150E700BF90F0000F04BF0021E1
:10067000704730B54FF4806404F1320410F0004547
:1006800048BF40424FF000013EE700BF42004FEA42
:10069000E2014FEA31014FEA02701FBF12F07F43BF
:1006A00093F07F4F81F06051704732F07F4208BF76
:1006B000704793F07F4F04BF41F40021704730B57D
:1006C0004FF4607401F0004521F000411CE700BFC9
:1006D00050EA010208BF704730B54FF000050AE04C
:1006E00050EA010208BF704730B511F0004502D54D
:1006F000404261EB41014FF4806404F132045FEA4F
:10070000915C3FF4D8AE4FF003025FEADC0C18BFF7
:1007100003325FEADC0C18BF033202EBDC02C2F1E9
:10072000200300FA03FC20FA02F001FA03FE40EA7B
:100730000E0021FA02F11444BDE600BF70B54FF07F
:10074000FF0C4CF4E06C1CEA11541DBF1CEA13555D
:1007500094EA0C0F95EA0C0F00F0DEF82C4481EAC5
:10076000030621EA4C5123EA4C5350EA013518BFE5
:1007700052EA033541F4801143F4801338D0A0FBD2
:1007800002CE4FF00005E1FB02E506F00042E0FB7F
:1007900003E54FF00006E1FB03569CF0000F18BF85
:1007A0004EF0010EA4F1FF04B6F5007F64F540742D
:1007B00004D25FEA4E0E6D4146EB060642EAC621C0
:1007C00041EA55514FEAC52040EA5E504FEACE2E2D
:1007D000B4F1FD0C88BFBCF5E06F1ED8BEF1004F30
:1007E00008BF5FEA500E50F1000041EB045170BDAC
:1007F00006F0004646EA010140EA020081EA0301F0
:10080000B4EB5C04C2BFD4EB0C0541EA045170BDEB
:1008100041F480114FF0000E013C00F3AB8014F165
:10082000360FDEBF002001F0004170BDC4F10004AE
:10083000203C35DA0C341BDC04F11404C4F120052F
:1008400000FA05F320FA04F001FA05F240EA02008A
:1008500001F0004221F0004110EBD37021FA04F6C0
:1008600042EB06015EEA430E08BF20EAD37070BD7A
:10087000C4F10C04C4F1200500FA04F320FA05F0D9
:1008800001FA04F240EA020001F0004110EBD370DB
:1008900041F100015EEA430E08BF20EAD37070BD4B
:1008A000C4F1200500FA05F24EEA020E20FA04F324
:1008B00001FA05F243EA020321FA04F001F00041D3
:1008C00021FA04F220EA020000EBD3705EEA430E44
:1008D00008BF20EAD37070BD94F0000F0FD101F073
:1008E0000046400041EB010111F4801F08BF013CAC
:1008F000F7D041EA060195F0000F18BF704703F0EA
:100900000046520043EB030313F4801F08BF013D70
:10091000F7D043EA0603704794EA0C0F0CEA13552C
:1009200018BF95EA0C0F0CD050EA410618BF52EAE6
:100930004306D1D181EA030101F000414FF00000EC
:1009400070BD50EA410606BF1046194652EA4306FA
:1009500019D094EA0C0F02D150EA013613D195EA6E
:100960000C0F05D152EA03361CBF104619460AD1B6
:1009700081EA030101F0004141F0FE4141F47001C0
:100980004FF0000070BD41F0FE4141F4780170BDB0
:1009900070B54FF0FF0C4CF4E06C1CEA11541DBF15
:1009A0001CEA135594EA0C0F95EA0C0F00F0A7F817
:1009B000A4EB050481EA030E52EA03354FEA013144
:1009C00000F088804FEA03334FF0805545EA131357
:1009D00043EA12634FEA022245EA111545EA10651F
:1009E0004FEA00260EF000419D4208BF964244F1B6
:1009F000FD0404F5407402D25B084FEA3202B61AD5
:100A000065EB03055B084FEA32024FF480104FF4A8
:100A1000002CB6EB020E75EB030E22BFB61A75461C
:100A200040EA0C005B084FEA3202B6EB020E75EBAF
:100A3000030E22BFB61A754640EA5C005B084FEA17
:100A40003202B6EB020E75EB030E22BFB61A7546E4
:100A500040EA9C005B084FEA3202B6EB020E75EBEF
:100A6000030E22BFB61A754640EADC0055EA060EB0
:100A700018D04FEA051545EA16754FEA06164FEAF3
:100A8000C30343EA52734FEAC2025FEA1C1CC0D19F
:100A900011F4801F0BD141EA00014FF000004FF02C
:100AA000004CB6E711F4801F04BF01430020B4F1ED
:100AB000FD0C88BFBCF5E06F3FF6AFAEB5EB030CA5
:100AC00004BFB6EB020C5FEA500C50F1000041EBA2
:100AD000045170BD0EF0004E4EEA113114EB5C046F
:100AE000C2BFD4EB0C0541EA045170BD41F4801142
:100AF0004FF0000E013C90E645EA060E8DE60CEA4A
:100B0000135594EA0C0F08BF95EA0C0F3FF43BAF66
:100B100094EA0C0F0AD150EA01347FF434AF95EA1D
:100B20000C0F7FF425AF104619462CE795EA0C0F01
:100B300006D152EA03353FF4FDAE1046194622E7CE
:100B400050EA410618BF52EA43067FF4C5AE50EAA8
:100B500041047FF40DAF52EA43057FF4EBAE12E798
:100B60004FF0FF3C06E000BF4FF0010C02E000BF79
:100B70004FF0010C4DF804CD4FEA410C7FEA6C5C5C
:100B80004FEA430C18BF7FEA6C5C1BD001B050EAFF
:100B9000410C0CBF52EA430C91EA030F02BF90EAEA
:100BA000020F0020704710F1000F91EA030F58BFA9
:100BB000994208BF90422CBFD8176FEAE37040F00B
:100BC000010070474FEA410C7FEA6C5C02D150EAA9
:100BD000013C07D14FEA430C7FEA6C5CD6D152EA64
:100BE000033CD3D05DF8040B704700BF8446104629
:100BF00062468C461946634600E000BF01B5FFF728
:100C0000B7FF002848BF10F1000F01BD4DF808EDF7
:100C1000FFF7F4FF0CBF012000205DF808FB00BFC8
:100C20004DF808EDFFF7EAFF34BF012000205DF822
:100C300008FB00BF4DF808EDFFF7E0FF94BF01206F
:100C400000205DF808FB00BF4DF808EDFFF7CEFF70
:100C500094BF012000205DF808FB00BF4DF808EDAF
:100C6000FFF7C4FF34BF012000205DF808FB00BF80
:100C70004FEA410C7FEA6C5C02D150EA013C0AD198
:100C80004FEA430C7FEA6C5C02D152EA033C02D18A
:100C90004FF0000070474FF0010070477BB972B908
:100CA0000029BEBF00204FF0004106E008BF002829
:100CB0001CBF6FF000414FF0FF3000F0DDB9ADF127
:100CC000080C6DE904CE002909DB002B1ADB00F0CB
:100CD0006BF8DDF804E0DDE9022304B07047404220
:100CE00061EB4101002B1BDB00F05EF8DDF804E056
:100CF000DDE9022304B0404261EB4101524263EB63
:100D000043037047524263EB430300F04DF8DDF8B4
:100D100004E0DDE9022304B0404261EB4101704789
:100D2000524263EB430300F03FF8DDF804E0DDE9F5
:100D3000022304B0524263EB4303704753B94AB9EC
:100D4000002908BF00281CBF4FF0FF314FF0FF30D3
:100D500000F092B9ADF1080C6DE904CE00F024F872
:100D6000DDF804E0DDE9022304B07047D0B50C4B98
:100D7000002206460F46FFF7E1FC00F07FF904462B
:100D8000FFF762FC074B0022FFF7D8FC02460B4638
:100D900030463946FFF71AFB00F070F92146D0BD06
:100DA0000000F03D0000F0412DE9F047089E0D469F
:100DB00004468846002B4DD18A42944668D9B2FA3F
:100DC00082F252B101FA02F3C2F1200120FA01F1DC
:100DD0000CFA02FC41EA030894404FEA1C45210C3E
:100DE000B8FBF5FE1FFA8CF705FB1E8341EA0343AF
:100DF0000EFB07F199420BD91CEB03030EF1FF30F8
:100E000080F01E81994240F21B81AEF1020E6344D4
:100E10005B1AA4B2B3FBF5F005FB103344EA0344BC
:100E200000FB07F7A7420AD91CEB040400F1FF33CB
:100E300080F00881A74240F2058164440238E41B37
:100E400040EA0E4000211EB1D4400023C6E9004311
:100E5000BDE8F0878B4208D9002E00F0EE8000211B
:100E6000C6E900050846BDE8F087B3FA83F100291A
:100E70004AD1AB4202D3824200F2F980841A65EB78
:100E8000030301209846002EE2D0C6E90048DFE7C0
:100E900002B9FFDEB2FA82F2002A40F09180A1EBA3
:100EA0000C054FEA1C471FFA8CFE0121B5FBF7F336
:100EB00007FB1350250C45EA00450EFB03F0A84242
:100EC00008D91CEB050503F1FF3802D2A84200F255
:100ED000CB8043462D1AA4B2B5FBF7F007FB1055A3
:100EE00044EA05440EFB00FEA64508D91CEB0404A9
:100EF00000F1FF3502D2A64500F2BB802846A4EBE4
:100F00000E0440EA03409EE7C1F120078B4022FA1D
:100F100007FC4CEA030C20FA07F405FA01F31C4322
:100F2000FD404FEA1C4900FA01F3B5FBF9F8200C2B
:100F30001FFA8CFE09FB185540EA054508FB0EF028
:100F4000A84202FA01F20BD91CEB050508F1FF3AA1
:100F500080F08880A84240F28580A8F102086544AC
:100F60002D1AA4B2B5FBF9F009FB105544EA05456A
:100F700000FB0EFEAE4508D91CEB050500F1FF3461
:100F80006CD2AE456AD90238654440EA0840A0FBFD
:100F90000294A5EB0E05A542C846A64656D353D0EB
:100FA0005EB1B3EB080265EB0E0505FA07F722FA0E
:100FB00001F3CD401F43C6E900750021BDE8F0876D
:100FC000C2F1200320FA03F10CFA02FC25FA03F324
:100FD00095400D434FEA1C471FFA8CFEB3FBF7F117
:100FE00007FB11302B0C43EA004301FB0EF0984243
:100FF00004FA02F408D91CEB030301F1FF382FD2E5
:1010000098422DD9023963441B1AADB2B3FBF7F0F5
:1010100007FB103345EA034500FB0EF3AB4208D94A
:101020001CEB050500F1FF3816D2AB4214D902388B
:101030006544ED1A40EA014138E73146304607E79A
:101040008646E5E61846FAE64B45A9D2B9EB020812
:1010500064EB0C0E0138A3E74046EAE7204694E72C
:101060004146D1E7D0467BE7023B654432E708467C
:1010700009E76444023842E7704700BF4A0011D2D2
:1010800012F5001211D20DD56FF47873B3EB6252E2
:101090000ED44FEAC12343F0004343EA505323FAEE
:1010A00002F070474FF00000704750EA013002D163
:1010B0004FF0FF3070474FF000007047431E012B88
:1010C00037B50D460CD8084600F040F80446002C11
:1010D0002FDAF3F753FD644204604FF0FF3428E049
:1010E000002829D1684600F031F804460028EED1E6
:1010F000EFF3108172B6124A009B106852680344E5
:101100000093019B1344019311F0010F00D162B6CB
:101110000C4A019B934208DD0B48009A93FBF0F1C7
:101120000A4400FB113300920193009B2B60019B4A
:101130006B60204603B030BD6FF01504C9E700BFF7
:10114000BC1D0020FFC99A3B00CA9A3B064B1B6896
:101150004FF47A71B3FBF1F2026001FB1233034AE0
:101160005343436000207047C41D002040420F00DD
:1011700038B5044618B3F0F78DF9124B1B689D681B
:101180008DB121462846F1F752FA041E0CDBEB6BB9
:101190003D2153F82400F4F7BBFE68B1441CF0F77E
:1011A00089F9204638BD2C46F0F784F9F3F7E6FCC0
:1011B000644204600024F4E76FF01504F4E76FF074
:1011C0001504F3E7F4170020F8B5C36B04460E4688
:1011D00017465BB90020F8BD3846B04704350028F3
:1011E000F9D1E36B59590029F6D1F3E70025F8E767
:1011F00070B5184B1B689C68054604F11406304610
:1012000000F098FA002807DB2946204600F0A3F8F2
:10121000014648B916240DE0F3F7B0FC0368042B2F
:10122000EDD07D2BEBD0EFE7837963B1204600F062
:101230001DF80024304600F00FFB002801DAF3F718
:101240009DFC204670BD4479002CE3D101234371FD
:10125000F0E700BFF417002008B500F0FDFA002801
:1012600003DABDE80840F3F789BC08BD70B50C4649
:101270008E68016A002339B18D680A68AE4210D1C8
:10128000A3B98AB9C0E9083304F11800F0F7EAFEFF
:1012900004F10C00F0F7E6FE2046BDE87040F4F7DC
:1012A0003DBF0B461146E6E70262EDE702B9436235
:1012B0001A60E9E7F7B504460F4600F05FFB054604
:1012C00000F11406304600F035FA00280CDB214608
:1012D000284600F040F8044670B93046FFF7BCFFDE
:1012E0004FF0FF3003B0F0BDF3F748FC0368042B68
:1012F000E8D07D2BE6D0EAE74762012300F10C0736
:10130000837101A93846F3F783FC014630B1637954
:10131000E3B121462846FFF7A9FF17E0019A002A0A
:10132000F5DA183401322046F3F758FC384600F05D
:10133000F6FC18B901A93846F3F76AFC019B002BAB
:1013400001DA0028F2D0204600F0ECF93046FFF731
:1013500083FF0020C6E7006A10B183688B4200D18A
:1013600070470068F8E70000024B1B68986800B1FE
:1013700044307047F4170020F0B5134D134C2A6821
:1013800023680020022603271BB9C4E90033F0BDFF
:101390001268B2B193F810C0117C8C45F8D951682D
:1013A000D3F800C0C3E9002139B9536016772B6028
:1013B0001F7701201A466346E6E70B6053601E77ED
:1013C000F8E75368FFDE00BFF4170020E81700209D
:1013D000024B1B6898685830704700BFF417002014
:1013E00038B504460D46B1B1F0F754F80B4B186808
:1013F00034B1C368A34203D02046F1F723FA38B1D1
:10140000296800F01BF80446F0F754F8204638BD70
:101410006FF00204F8E76FF01504F7E7F417002007
:1014200010B5FFF7DDFF041E05DAF3F7A7FB6442F2
:1014300004604FF0FF34204610BD00004B1EFE2B11
:101440002DE9F04104460D4652D8EFF3108672B6EE
:10145000037F022B15D0032B29D103681B7C9942F3
:1014600044DC254C256800F003F918B120682946B2
:10147000F6F7F0FB16F0010F00D162B60020BDE8D0
:10148000F0811D4FD7F8008098F81030994206DDA2
:1014900000F0EEF80028EDD038684146E8E700217A
:1014A00000F04AFC25742046F0F73EFDE2E71349C0
:1014B00001EBC30251F833101279100744BF236CBB
:1014C000C918D307EDB211D5D4E9003252B90B6077
:1014D00053B94A600023C4E9003325742046F0F76D
:1014E00047FDC7E71360F3E75A60F3E72574C1E7E8
:1014F0006FF01500C3E700BFF41700207C711108DE
:1015000038B505460C46C9B10E4B1B6810B1DA68F8
:10151000824204D11B7C23600024204638BDEFF7B3
:10152000B9FF2846F1F78EF928B1037C2360002427
:10153000EFF7C0FFF1E76FF00204F9E76FF0150471
:10154000EBE700BFF417002010B5FFF7D9FF041E2A
:1015500005DAF3F713FB644204604FF0FF342046D2
:1015600010BD00002DE9F84305460E46EFF3108745
:1015700072B6DFF83080DFF830900024D8F8003001
:10158000A34205DC17F0010F00D162B6BDE8F88375
:10159000D9F8003053F8240008B13146A847013487
:1015A000ECE700BFE0170020F0170020054B1B6898
:1015B0002BB1D8680028CCBF002001207047012043
:1015C000704700BFF4170020014B1868704700BF38
:1015D000F417002038B50F4B0C461D6870B1F1F7B9
:1015E00031F9A0B1EB8B03F00303022B07D0AA68FB
:1015F00083689A4203D06FF00C0007E02846436BE3
:101600002360836B6360C36BA360002038BD6FF001
:101610000100FBE7F417002010B5044686B038B986
:10162000F3F7ACFA162303604FF0FF3006B010BD9D
:101630004FF49C720021F4F763FC684602F052FB01
:101640002369009A13442361059A63691344636113
:10165000064B1B684FF47A7203F5FA73B3FBF2F38F
:1016600023600123238563630020DFE7C41D00207E
:1016700070B50E460021054600F05EFB2E74044650
:101680002846F0F751FC84EA00058442EDB204D00C
:10169000034B1B680BB1FFF76FFE284670BD00BF00
:1016A000E817002008B5F0F75BFABDE8084000F045
:1016B000C1BA00002DE9F041DFF864800446D8F893
:1016C0000050EFF3108672B603881BB2002B03881C
:1016D00003F1FF331BB2038007DD0020286416F0FE
:1016E000010F00D162B6BDE8F081002328646B844D
:1016F0000121284600F020FB052307462B77211DFA
:101700002846F0F735FC27B1D8F800002946F6F74F
:10171000A1FAB5F922000028E1D04042DFE700BF7E
:10172000F417002010B504462046FFF7C3FF031D41
:10173000FAD010BD10B530B9F3F720FA16230360C4
:101740004FF0FF3010BDFFF7B5FF041E04DAF3F7CA
:1017500015FA64420460F3E70020F3E70B4B1968C5
:10176000EFF3108272B603881BB2002BC1BF03884F
:1017700003F1FF331BB20380C6BF002008646FF083
:101780000A0012F0010F00D162B67047F417002072
:101790002DE9F041114B07461D680E46EFF3108806
:1017A00072B6FFF7DBFF044680B17EB100F0F4F8BB
:1017B000243503460A4A3146284600F0D9F938460E
:1017C000FFF778FF04462846F0F79AF918F0010F62
:1017D00000D162B62046BDE8F08100BFF4170020BA
:1017E000E517110810B5EFF3108472B6F1F72AF877
:1017F00028B1037F052B02D16E21F1F743F814F0D5
:10180000010F00D162B610BD70B5EFF3108572B64E
:10181000038801331BB2002B038015DC043001F078
:101820004FF8044680B10B4B1E68C36A13B12430D5
:10183000F0F766F9002323642046F0F775FB18B132
:1018400031462046F6F706FA15F0010F00D162B6D0
:10185000002070BDF417002010B538B9F3F78EF9E9
:10186000162303604FF0FF34204610BDFFF7CCFF76
:10187000041EF9DAF3F782F964420460F2E770B506
:1018800005460C46EFF706FEEFF3108672B62B887E
:101890001A040AD42B881B040FD516F0010F00D1AF
:1018A00062B6EFF707FE002070BD002CF2DD28467F
:1018B000013CFFF7A9FF24B2E9E72C80EDE737B53B
:1018C000041E0D4616DB1F2917D8EFF7E3FD002392
:1018D0000422204669468DF800508DF801308DF8BD
:1018E00002200193F0F7DEFD0446EFF7E3FD20460A
:1018F00003B030BD6FF02504F9E76FF01504F6E78B
:1019000010B5FFF7DCFF041E05DAF3F737F9644280
:1019100004604FF0FF34204610BD07B50B78012B53
:101920000FD14B788DF8003000238DF802304B68D2
:101930008DF8012069460193F0F7B4FD03B05DF81E
:1019400004FB002B0CBF00206FF02500F6E7000021
:1019500007B568B1084AB0FBF2F302FB130000932D
:101960004FF47A73584301900021684600F05CFA06
:1019700003B05DF804FB00BF40420F0008B5F0F76C
:1019800061FF00B1806808BD024B186808B1836828
:1019900058687047F4170020054B186830B1037F72
:1019A000032B01D1C06870476FF00200704700BF81
:1019B000F417002008B5074B1D68C4B2284600F094
:1019C0006FF928460022214600F0D2FA204602F0A4
:1019D0006FFA00BFF41700202DE9F0411C4686B0D5
:1019E00006460F469046EFF755FDCCB1D4E90232DA
:1019F000617800250D9802900C98CDE9008038465A
:101A0000EFF70FFE002816DB18BF306014B1214637
:101A100000F0D9FAEFF74EFD284606B0BDE8F08198
:101A200005A92046FFF76CFD051EF3DB059922464C
:101A30004FF40063DEE70546ECE7000013B50B4CFE
:101A4000D4E9021000F0E3FA48B96369019323690D
:101A50000093D4E90612E3686068FFF7BDFF2060D9
:101A60000348FFF7D1FE002002B010BD001E002089
:101A7000F41D002008B50548FFF7EEFE002803DA44
:101A8000BDE80840F3F77AB808BD00BFC00A0020DF
:101A90002DE9F04F87B01F464FF0FF33DDE910BA54
:101AA00081468846059316460AB1136893B917B163
:101AB0003B789B060ED4CDE900BA3B4642464946E8
:101AC00005A8FFF789FF041E00DB059C204607B030
:101AD000BDE8F08F214D2846FFF72CFE002817DBCC
:101AE0001F4D26232B6005AB6B60E6B904A90020CF
:101AF000C5E90267C5E904BAC5E90698FFF700FD24
:101B0000041E4FF0000210DA6A60FFF7B3FFDDE752
:101B1000F3F734F80468042CDDD07D2CDBD0002CE6
:101B2000DEDD6442D2E73668E0E70E4B0093CDE994
:101B3000012204990C484FF48063EFF772FD041EF4
:101B400009DB0A48FFF7EEFD041E04DB2C68002CBD
:101B5000D4BF059C644200236B60D6E7C00A002016
:101B6000001E00203D1A110891901108F41D00205C
:101B70002DE9F8430D4616469846044600283DD008
:101B8000002A3BD0002939DBEFF3108972B6836855
:101B90000BB1EFF7B5FF264BC4E901861E6801358E
:101BA0002EB926601A6832BB1C605C6038E0304693
:101BB00032460021D768C91904D5D2F800C0BCF15B
:101BC000000F0AD1A9421CDCD2F800C0BCF1000F02
:101BD00006D16D1AC4F800C0E4E710466246E9E792
:101BE000DCF80C00014410466246EBE7104A21463F
:101BF00000F053FE14E05A681460D6E76FF0150049
:101C000014E0D2F80CC0A1EB0C016D1AACEB05018D
:101C10009642D160EAD126601A6802B95C601C6005
:101C2000E56019F0010F00D162B60020BDE8F8832D
:101C3000CC1D002038B50D4C236843B1DA68013A59
:101C4000DA600025236813B1DB68002B00DD38BDA6
:101C50002046F2F79DFF23681BB1DA68C1680A4489
:101C6000DA608368856040689847EBE7CC1D002008
:101C7000814210B504460DD0F0F7E4FD50B1C38B9E
:101C800023F0040203F00303012BC283204603D197
:101C900000F016F8002010BD00F03CF9FAE7000053
:101CA00010B50446EFF7F6FBE2680449A068F0F7C8
:101CB0003BFF0446EFF7FEFB204610BD711C1108E8
:101CC00070B5044608B9032070BDF0F7BBFD0646A9
:101CD0000028F8D000F0D7F9054690B90A4B1B68E8
:101CE000B34203D14FF0FF3000F0D0FD4FF0FF3191
:101CF0002046FFF7DFFA29462046BDE8704000F095
:101D0000D9B90020E0E700BFF417002008B519B9E1
:101D1000FFF708FD404208BD00F034F8FAE708B5C7
:101D200028B1FFF771FD002803DA404208BD1620F4
:101D3000FCE70020FAE7000038B54368CBB9036838
:101D400003221A770124D0E90032A2B90B4D2B608F
:101D500003B90A4B5A600023C0E900330377084BEC
:101D60001B6823B119B1FFF707FB0443E4B2204617
:101D700038BD0024E7E71360EAE700BFF41700204E
:101D8000E81700200A46002100F042B82DE9F74389
:101D90001C4B07461D6889469046EFF3108672B6C5
:101DA000FFF7DCFC044688B1D8F80420164B9A42B1
:101DB00025D801AA4146484600F0C8F928B9019C37
:101DC000002C0BDC6FF06D0400E0444216F0010FB4
:101DD00000D162B6204603B0BDE8F083FFF7DCFD1A
:101DE000243503462146094A2846FFF7C1FE3846F6
:101DF000FFF760FC04462846EFF782FEE6E76FF047
:101E00001504E3E7F4170020FFC99A3BE517110812
:101E100070B504460D461646324629462046FFF761
:101E2000B5FF031DF8D070BD2DE9F7430E460546FA
:101E3000002836D042681C4B9A4232D8EFF3108704
:101E400072B6DFF868906846D9F8008000F09CFD13
:101E50002A460021684600F035FA10F10B0F0446BF
:101E600008D117F0010F00D162B60024204603B05C
:101E7000BDE8F08386B101A9284600F04DFDD9F8F0
:101E800000300198A3EB0802904286BFC01A40447C
:101E90000020314600F032FD17F0010F00D162B68C
:101EA000E4E76FF01504E1E7FFC99A3BC41D002089
:101EB0007FB51D46CB07144625D5EFF3108672B6C5
:101EC00002A9FFF7FBF8002808DA16F0010F00D18D
:101ED00062B64FF0FF34204604B070BD6A4602A9D6
:101EE000204600F033FD29466846FFF79DFF044673
:101EF00016F0010F00D162B6002CECDAF2F73EFECC
:101F000064420460E5E729461046FFF78DFF04466A
:101F1000F2E7000038B5154B04461D6800B9EC68BF
:101F20002046F0F78FFCC8B1EB8B03F00303022BC4
:101F300004D0C38B03F00303022B12D0EB68A3423F
:101F400002D10020F3F739FE00F09DF8014658B9A0
:101F5000204600F0AFF800EAE07038BD6FF00200F4
:101F6000FBE76FF00C00F8E70020F6E7F41700201D
:101F700010B5C38B1B05044615D43AB9806828B147
:101F8000437B012B02D1583000F07CFF204600F04B
:101F90000BF82046EFF71EFF2046F0F730F9E38BF1
:101FA00043F40063E38310BD10B5044600F009F963
:101FB000204600F0B9F8204600F048F92046BDE878
:101FC000104000F0EFB837B50B7803F0080213F0BB
:101FD000040305460C4613D04B7801933AB1A1781F
:101FE00001AA284600F00BF9002003B030BD01A97A
:101FF000FFF7F6F90028F8DB23781B07F4D5EEE7A6
:10200000002AF1D001A91846FFF77AFAF2E770B575
:102010000D4638B103789B0604D5011D002203202C
:10202000F0F738F86DB32B79022B08D0032B12D0C0
:10203000012B24D1A868FAF795FC002405E0D5E926
:102040000201FAF732FC00EAE0742D680DB1002CB1
:10205000E9D0204670BDD5E9031205F11400FAF766
:10206000BCFF041EF1DBA9688C42E6D0FAF71DFC28
:1020700000EAE0762046FAF775FC3446E5E71624D8
:10208000E3E72C46E5E70246EFF3108172B6C38B17
:1020900013F0040008D043F01003D38311F0010FB4
:1020A00000D162B60120704711F0010F00D162B675
:1020B00070470000F8B50E46EFF3108772B6F0F7E0
:1020C000C1FB044638B3027F164B53F8325003EB82
:1020D000C2031B791B0744BF036CED18D0E9003025
:1020E000A8B92B60ABB968600021C4E9001117F0F2
:1020F000010F00D162B620463246FFF739FFE18B6F
:10210000204601F00301BDE8F840EFF77FBF036010
:10211000E8E75860E8E717F0010F00D162B66FF00A
:102120000200F8BD7C7111082430EFF7E9BC0268A9
:102130000B689A4204D306D840684B68C01A7047AF
:102140004FF0FF3070470120704700007FB50E460A
:1021500069461546FEF7B2FF044640B96946304667
:10216000FFF7E5FF002805DA4FF0FF332B6020462C
:1021700004B070BD019B7468009AE41A336803943C
:102180009B1A002C029304DA054A013B2244039275
:102190000293294602A800F0BFFB0446E7E700BF10
:1021A00000CA9A3B027F036C072A03D15A8A013A7C
:1021B0005A827047082A02BF1A8A02F1FF321A8235
:1021C000704738B50446EFF765F90025636E1BB913
:1021D000BDE83840EFF76EB9EFF3108372B6606E6A
:1021E00002686266056013F0010F00D162B6037DDC
:1021F00043F0020303750430FFF791FDE6E7012980
:1022000038B515461CD108B9FFF7C6FBF0F71AFB25
:102210000446C0B1EFF73EF9EFF3108272B6E38BDC
:1022200023F06003E38312F0010F00D162B6204671
:102230002968FFF703F90446EFF73CF9204638BD5B
:102240006FF01504FAE76FF00204F7E7EFF310817F
:1022500072B6037F052B04D1026C138801331BB2C5
:10226000138011F0010F00D162B6704738B5037FBB
:10227000062B044621D1114B1D6840F2FF23A0F824
:102280005C306E2380F85E3000230366D0E90032B4
:102290008AB90B490B6003B9094B5A600023C4E9A2
:1022A00000332046EFF740FE38B129462046BDE80E
:1022B0003840F5F7CFBC1360EDE738BDF4170020C8
:1022C000001800202DE9F347DFF834910646D9F8CD
:1022D00000400D469246EFF3108872B6076820461C
:1022E000F0F7AFFB074001979FB101A8EFF778FF28
:1022F00001462046EFF730FF1DB143682B6083682D
:102300006B600479EFF746FF18F0010F00D162B659
:1023100051E0BAF1000F52D0DAF804303948DAF857
:1023200000E0DFF8E4C0394A18184FEAE37141F1E0
:1023300000010023EEFB0C01FEF700FD011E34DD61
:102340003368334AA36404F1240A23465046FFF756
:102350000FFC01212046FFF7EFFC062323772D4BCE
:10236000276019685A686260E9B91C605C6020B136
:10237000D9F800002146F5F76DFC5046EFF7C0FB99
:1023800094F85C1000231F29A36433D83046F2F779
:1023900093FC002831D01DB1E36D2B60236E6B6080
:1023A00094F85C40B0E71460E0E718F0010F00D14A
:1023B00062B66FF00A04204602B0BDE8F0873368C9
:1023C000A36401212046FFF7B7FC06232377114BB6
:1023D000C4F800A019685A68626049B91C605C6062
:1023E0000028CDD0D9F800002146F5F733FCC7E727
:1023F0001460F4E76FF00A0486E76FF0030483E7E4
:10240000F41700203F420F0000CA9A3B40420F00E1
:102410006D2211080018002010B5FFF753FF041EAD
:1024200005DAF2F7ABFB644204604FF0FF3420465C
:1024300010BD000070B588B004A80D46164600F027
:10244000FFFE0F4B1B780020032BCDE9020002D9C1
:1024500002A9FEF733FE039B0A494FF47A7204A8DF
:1024600093FBF2F3029A0093002300F0F8FA32682B
:102470000446294604A8F2F79AFC204408B070BD2F
:10248000E4170020A490110813B500F17F4000F17B
:10249000FF100C460A2828D8DFE800F00627272777
:1024A0002727151D27272D00084603F0F3FE0028D7
:1024B000044605DAF2F762FB644204604FF0FF3431
:1024C000204602B010BD99B18B7A0A8920784968FC
:1024D00004F0D6FAEBE759B100220B8900924A6862
:1024E0002078C96804F094FAE1E76FF01804E1E796
:1024F0006FF01504DEE70024E2E738B50546002456
:10250000204601F06CF818B96FF00104204638BD80
:10251000294600F0E9FE0028F8D00134F0E7000079
:10252000044B1B688342C6BF034B03EB0010002023
:10253000704700BF40921108449211081F2804DD23
:10254000A0F17F0358425841704701207047A0F125
:102550003003092B07D920F02000413805288CBF13
:1025600000200120704701207047A0F14103192B82
:1025700098BF2030704738B505462820F3F7D6FDC0
:10258000044628B9F2F7FAFA0C230360204638BD56
:1025900040F601412846FAF72DFD002804DA2046CE
:1025A000F3F7BCFD0024F1E72060EFE738B50446FF
:1025B00038B9F2F7E3FA092303604FF0FF352846F4
:1025C00038BD0068FAF707FA05462046F3F7A6FD7E
:1025D000F5E710B5044628B9F2F7D0FA09230360ED
:1025E000204610BD54F8040B22222146FAF759FD6B
:1025F0000028D8BF0024F3E710B50446C8B103781B
:10260000BBB1F3F7B4FC0021204410F8012C2F2AB1
:1026100000F1FF3307D02F21204600F041FE00B12A
:10262000441C204610BD001B012804DD197018460B
:10263000EBE7024CF5E7024CF3E700BFB276110876
:10264000CD71110810B5044610B3037803B3F3F746
:102650008EFC0021204410F8012C2F2A00F1FF33BA
:102660000DD02F21204600F01BFE88B10022A04291
:1026700008D000F8012903782F2BF8D003E0001BC5
:10268000012802DC034C204610BD19701846E2E711
:10269000014CF8E7CD711108B276110808B500F0C9
:1026A000D5FEC06B08BD000037B50446152213499E
:1026B000F3F741FC202104F1150000F02FFF002367
:1026C000054684F834300E49152204F13500F3F73D
:1026D00032FC0C4B01930C4B00930C4A0C4B292100
:1026E00004F14A00F2F71AFB0A49152204F17300BB
:1026F000F3F721FC284603B030BD00BFB2901108AB
:10270000B8901108C7901108D0901108BE90110818
:10271000BC901108747B11082DE9F0410346064670
:10272000884615469A1B904505DC2878003818BF66
:102730000120BDE8F0811A783F2A03D12A78C2B976
:102740000120F6E75B2A2FD129780029F8D01A78E2
:102750005D2AF5D0002AF3D05878814203F10102B6
:102760000AD111785D29134602F1010201D0002936
:10277000F7D101330135D5E7A0B154782D2C03F101
:102780000203E4D1814202F10203E0D392788A424B
:10279000DDD31A4612F8011B5D29EAD00029E8D0E2
:1027A0001346F6E71346D2E72A2A1BD15A782A2A7B
:1027B00012D128469C1CF3F7DAFBA61B0746A8EBB0
:1027C0000608002FBCDBEA1941462046FFF7A4FFAC
:1027D0000028AED0013FF4E7044928465C1C00F015
:1027E00051FDEAE729789142C3D0A9E7CD711108DC
:1027F00070B504460E467C212046F3F789FB05465A
:1028000048B92046F3F7B3FB324601462046BDE8FF
:102810007040FFF781BF011B32462046FFF77CFF67
:1028200008B16C1CE7E770BD034638B1044A03CA1F
:102830001860106898605960002070470C2070473D
:1028400010AD110820B1012902D14170002070475C
:102850001620704720B119B10B6803700020704733
:102860001620704708B503460846984700F00EF852
:1028700007B5009313460A460146034803F04EFD90
:1028800003B05DF804FB00BF65281108044608B5D5
:1028900000F0E1FD204603F02FFE136813B15368EA
:1028A000834209D100230B60136813B91160516092
:1028B000704753681960FAE703680B60016070475E
:1028C0000346006830B10168002221B9C3E9002243
:1028D000C0E90022704719604A60F9E7013803280F
:1028E00008B506D9F2F74AF9162303604FF0FF3016
:1028F00008BDFF20FCE70120704700004FF47A720A
:1029000090FBF2F302FB13000B60024B584348604C
:102910000020704740420F0010B5034640681A6817
:10292000074B0C46C117E2FB0301064B064AC018D1
:1029300041F100010023FEF7B1F92060002010BD35
:1029400000CA9A3B3F420F0040420F0030B50D686D
:102950000468AC4212D340684B6801D183420DDA5F
:102960008342A4EB0505C1BF064C2418E31A05F108
:10297000FF35D8BFC31AC2E9005330BD00231D463E
:10298000F9E700BF00CA9A3B034600201860704771
:102990002DE9F84307461046894615469846F3F751
:1029A000E6FA06461830F3F7D1FB044688B1032354
:1029B0000371089B0361C0E90298721C2946143018
:1029C000F3F7B9FA3846214600F00FFE0020BDE8C3
:1029D000F8830C20FBE738B50446006808B920608E
:1029E00038BD0568F3F79AFB2846F7E70346002051
:1029F0001860704737B500240470054601A92046C9
:102A0000FEF7A2FDA04204DAF2F7B8F8006803B0BE
:102A100030BD019B6B70204603F008FF0028F3DBFC
:102A20004FF40063A870C5E902346C602046EEE7FD
:102A30000170002070470B68437000207047816070
:102A4000002070470EB403B503AA52F8041B01928C
:102A500000F012F802B05DF804EB03B070470EB45A
:102A600003B503AA52F8041B0192F2F7A0F902B0D1
:102A70005DF804EB03B07047F0B58DB014460D4619
:102A8000074602A80192F3F79DF92246294602A8BB
:102A9000F2F78DF9029E01363046F3F747FB044604
:102AA00060B10146324606A8F3F774F9019A294647
:102AB00006A8F2F77CF93C600DB0F0BD4FF0FF3096
:102AC000FAE730B5144687B01D460A4651B10146B3
:102AD0006846F3F75FF92A4621466846F2F767F938
:102AE00007B030BD6846F3F76DF9F4E7411E0020EA
:102AF00008B5034611F8012F02B908BD782A08D895
:102B0000712A0DD8622A4FD020D82B2A37D0612ABB
:102B10002FD0F2F733F8162303604FF0FF30ECE7C5
:102B2000723A062AF5D80FF2080C5CF822F000BFC2
:102B30005B2B1108132B1108BD2B1108132B110847
:102B4000132B1108672B1108B32B1108652AE0D14C
:102B5000002BDED040F48060CCE7002BD9D140F2CE
:102B600001100123C6E7002BD3D14FF49370022349
:102B7000C0E7002BCDD14FF48B700423BAE7022BB2
:102B800008D0042B0BD0012BC3D100F4A16040F07E
:102B90000300AFE700F4A16040F02700AAE700F4CB
:102BA000A16040F01700A5E7002BB2D020F48070A0
:102BB000A0E7002BADD040F008009BE7002BA8D089
:102BC00040F4807096E700BF37B5044600250846FC
:102BD0000195FFF78BFF011E0ADB204601AB2A4659
:102BE000FAF7ABFE041E03DAF1F7C8FF6442046093
:102BF000019803B030BD73B5064600240846019421
:102C0000FFF774FF051E19DB30464FF4DB722946CF
:102C1000FAF7F0F9061E0EDB294601AB2246FAF759
:102C20008CFE051E07DA3046F9F7D5FEF1F7A6FF50
:102C30006D4205600194019802B070BD2046FBE72B
:102C4000F8B5064600286ED0B0F86C4014F00204C7
:102C50005CD00121F2F75BFE0446F1F78FFF0768B5
:102C6000FEF7B6FB0C30864248D0FEF7B1FB803051
:102C7000864243D0FEF7ACFBF43086423ED0FEF7EE
:102C8000A7FB05462846FEF755FD002840DBD5F892
:102C90006801002203466BB1B342196840D18342F8
:102CA00014BF1160C5F86811D5F86C11994201D1B3
:102CB000C5F86C212846FEF7CFFD002801DAF1F7B0
:102CC0005DFFB069002807DBF9F785FE05461CB9F2
:102CD000F1F754FF07682C46301DEFF7CAF90028BA
:102CE00001DAF1F74BFFF06928B196F86E301B0757
:102CF00001D4F3F713FA3046F3F710FA24B1F1F7E1
:102D00003DFF4FF0FF3407602046F8BD1627A7E7C8
:102D1000F1F734FF0368042BB4D07D2BB2D0B6E7B3
:102D20001A460B46B7E71627E9E700F000B870B57A
:102D3000044638B9F1F722FF092303604FF0FF364C
:102D4000304670BD806901220021FAF724F8431C47
:102D50000646F5D02046F2F7F8FEE369656A5BB1F6
:102D6000A26A934208D094F86F30551B1D44204648
:102D7000F2F709FF761BE3E75D1BF8E7002907B5CB
:102D80004FF0000306DB0093012300F015F803B0B9
:102D90005DF804FB1846FAE738B5044659B144F625
:102DA0000105204600F02EFC431C0E2BF9D825FA15
:102DB00003F3DB07F5D538BD2DE9F04705469DF84F
:102DC00020800F46994616461AB900252846BDE8C8
:102DD000F0870028F9D09369002BF6DB002421B995
:102DE00041461046FFF7D8FFEFE7012905D10470EF
:102DF00041463046FFF7D0FFE8E700F1FF3A3046A2
:102E000000F000FC0A2801D00D280AD1B9F1000F0A
:102E100002D00A232B55013400232B55D6E71C463C
:102E2000EDE7431C02D1002CF6D1CEE7631C02343F
:102E3000A7420AF8010FF2D80022EA54D8E710B5E9
:102E40000C46114661431A46F2F7ECFC0028D4BF49
:102E50000020B0FBF4F010BD10B568B9FEF7B8FA69
:102E600000F010F8002804460ADAF1F787FE644201
:102E700004604FF0FF3010BD0121F2F748FDF1E78B
:102E80000020F8E770B50446B0B32046FEF752FCC8
:102E900000281BDB012104F10C00F2F738FD0121B1
:102EA00004F18000F2F733FD012104F1F400F2F7A0
:102EB0002EFDD4F86851002685B92046FEF7CCFCDB
:102EC000002801DAF1F75AFE304670BDF1F756FEE0
:102ED0000368042BD9D07D2BD7D0DBE7B5F86C3055
:102EE0009B0707D501212846F2F711FD36EA200697
:102EF00028BF06462D68DFE70646E5E70EB403B5B2
:102F000003AA52F8041B0192F2F7A4FD02B05DF887
:102F100004EB03B070472DE9F843089E81460F4645
:102F2000144698461CB925462846BDE8F88365082E
:102F300008FB057529464846B0470028F4D0C4BFB1
:102F400004F1FF3405EB08076408EBE7022B10B52A
:102F50000AD09208013A03680C6840F8044B002A32
:102F600041F8043BF6DC10BD02440C78037800F80D
:102F7000014B01F8013B131A002BF6DCF3E7F8B51F
:102F80000C46154607461E46984700282946204607
:102F90000ADAB047002805DB29463846B047002842
:102FA0000ADB3C462046F8BDB0470028FADC29463B
:102FB0003846B0470028F4DB2C46F3E72DE9F04F04
:102FC00085B0064600911446019346EA04039B0728
:102FD0000ED1271F18BF0127009B062B06EB040B01
:102FE00028D804FB03655D450BD805B0BDE8F08F1C
:102FF0000227F1E73B46224649464046FFF7A6FF37
:1030000013E0D84612E0A8EB0409019B414648466C
:10301000984700280CDD002FECD1D8F80030D9F803
:103020000020C8F80020C9F80030C8464645EAD359
:10303000A344D8E7009B4FEA53085D1E072B04FB0F
:10304000086804FB05652CD0282B4DD94FEAD3091D
:1030500004FB09F94FEA4903029306EB4902019B7D
:1030600006EB09013046FFF78AFFC9F1000308EBC0
:103070000902414603938246019BA8EB0900FFF732
:103080007EFF0399019B804602982A466918281AF8
:10309000FFF775FF02464146019B5046FFF76FFF61
:1030A000804627BB3368D8F800203260C8F800306B
:1030B000D846AA46D9460023A84534D802933146BB
:1030C000019B404698470028029B3FDC0AD1AFB9DC
:1030D000D9F80030D8F80020C9F80020C8F800302E
:1030E000A1440123A044E7E72A46B246D3E73B4682
:1030F000224641463046FFF729FFD9E73B462246A4
:1031000041464846FFF722FFEAE709D1BFB92B68DD
:10311000DAF800202A60CAF80030AAEB040A01237A
:10312000029DA84512D9009A04FB02620092002B6E
:1031300042D1009B5B457FF658AF5D4638E03B4689
:10314000224651462846FFF701FFE6E70393314642
:10315000019B284698472B1B00280293039BD4DA37
:1031600037B13B46224629464046FFF7EFFE05E0D1
:10317000D8F800302A68C8F800202B60029DB0E71C
:103180003B46224641462846FFF7E0FE0FE0A5EB0E
:103190000408019B29464046984700280ADD002F75
:1031A000EED12B68D8F800202A60C8F800304546D8
:1031B000AE42ECD3A344BCE7A9EB0602A8EB090B93
:1031C0005A45A8BF5A46002A05DD3B46A8EB020136
:1031D0003046FFF7BBFE009BA3EB0A02121BAAEBD3
:1031E0000505AA4228BF2A46002A05DD00993B466C
:1031F000891A4046FFF7AAFEA34506D9BBFBF4F1A6
:10320000019B22463046FFF7D9FEA5427FF6EDAE80
:10321000009B5E1BB5FBF4F30093D6E60D2938B591
:1032200004460D4607D0284603F04AFC031E03DB84
:1032300023680133236038BD0433F4D0FBE700007A
:10324000034B4360034BC36000230360704700BF20
:103250001D321108DD5D100818B1B0FA80F0C0F120
:103260002000704738B505460C46F2F780FE611E17
:103270002B1811F8012F12B91A70284638BD03F81F
:10328000012BF6E770B506460D460024315D19B1F5
:103290002846F2F73DFE08B1204670BD0134F5E73F
:1032A00010B5034600201C4613F8012B8A4208BFC4
:1032B0002046002AF7D110BD0244904201F1FF31AF
:1032C00006D1002070474FF0FF300CE001200AE0EB
:1032D00010B5047811F8013F9C42F4D3F6D80130C0
:1032E0009042F6D1002010BD431E13F8012F11F8B3
:1032F000010B101A01D1002AF7D1704713B504460B
:1033000069460020FDF7DAFE20B9009804B120607C
:1033100002B010BD4FF0FF30FAE70000014900F0A5
:1033200005B800BF201E0020FFF7F8BF2DE9F04FC1
:10333000444B0568B5FBF3F64FF4616203FB16538B
:1033400085B0B3FBF2FB02FB1B333C220C46B3FB04
:10335000F2F102FB113301933B4BB5FBF3F540F265
:10336000B55303FB1566AD0005F2B2700091F2F79C
:1033700045FE40F26D17002815BF4FF0010A4FF0CF
:10338000000A4FF4B7733B469E4245D205F2B2792C
:103390000B23002707EB03084FEA680808F1010236
:1033A0001046514603930292F2F71CFE8642DDE975
:1033B000022343D251464046F2F714FE86423FD2E2
:1033C00008F1FF339F42E5DB51463846F2F70AFE2B
:1033D000009B6360361A019B2360701C46354A4689
:1033E000791CC4E90475C4E902B000F0B0F9A06129
:1033F00048462569F2F702FE011E18BF0121284642
:10340000F2F7F0FD002306442046C4E90833E661E4
:10341000A36205B0BDE8F08F05F2B370F61AF2F7BB
:10342000EDFD05F10108002815BF4FF0010A4FF02E
:10343000000A4FF4B7733B464546A5E71746C1E778
:103440004746C1E780510100801F860708B5F2F7A3
:10345000EBFD006808BD2DE9F041FFF7F7FF0546D9
:10346000F2F7E2FD00242F7C4FF00108061D143511
:1034700008FA04F31F4206D056F8240018B155F894
:10348000243003B198470134042CF1D1BDE8F08118
:1034900007B50023CDE9003300F0EFF903B05DF884
:1034A00004FB08B500F09EFA08BD08B500F09AFAD2
:1034B000083008BD1FB5044610B9002004B010BD87
:1034C0000021009002AB6A4608460191FEF7F0FC2D
:1034D0000028F2DA02988442F0D9034B039A9A4208
:1034E000C8BF0130EAE700BFFF64CD1D07B578B162
:1034F000094AB0FBF2F302FB130000934FF47A7316
:103500005843002301906A4619461846FEF7D0FC3E
:1035100003B05DF804FB00BF40420F0010B50A463F
:10352000EFF3108472B60449F2F705FD14F0010FB1
:1035300000D162B6002010BD4C1E002030B591B005
:1035400001A90546F9F7D4FF041E2BDB039B03F406
:103550007043B3F5804F06D0F1F710FB14230360DE
:103560004FF0FF341EE02846002100F05BF80546CE
:103570000028F5D0EDF78EFF0C48FDF7F9FD0C495A
:103580000122002818BF01460A48EEF73FFB01223E
:1035900029460648EEF73AFB04462846F2F7BEFDF8
:1035A000EDF788FF204611B030BD00BFDF90110855
:1035B000CD711108DC90110838B50C460221F9F7DD
:1035C00019FD051E08DB2146FAF79CF9044628463A
:1035D000F9F701FA204638BD4FF0FF34FAE708B595
:1035E000FEF79EFF00B1006808BD0368002223B902
:1035F00032B1116000230B6070471A461B68F6E772
:103600000160F7E707B5024601210DF1070000F060
:1036100025FA0028CCBF9DF807004FF0FF3003B01B
:103620005DF804FB2DE9F04F0D4691B0064628B930
:10363000F1F7A4FA16230360002710E004781CB900
:10364000F1F79CFA0223F6E769B94FF48070F2F7BC
:103650006DFD074648BBF1F791FA0C23036038462D
:1036600011B0BDE8F08F00272F2C20D04FF48071CF
:10367000284600F0BDF9002842D02846F2F777FC32
:10368000012814D92C184FF02F0B4FF0000A337873
:103690002F2B0ED08BB9A54202BF2C462F2304F846
:1036A000013B002323702F46D9E70546DCE72C4673
:1036B000E9E706F101084646E9E7B046C14618F8D1
:1036C000012F2F2A01D0002AF8D12E2B0ED1A8EBE2
:1036D0000603012BEFD072782E2A07D1022B05D1D9
:1036E000A542E8D014F8013D2F2BFAE7631B013304
:1036F00043449B1BFF2B07DDF1F740FA24230360B3
:103700003846F2F70BFD97E709F102092046A8EBCE
:1037100006023146A9EB0606344400F801BBF2F775
:10372000E1FB84F800A001A92846F9F7EFFE01307B
:10373000E6D098F800302F2BBDD1039B03F47043E3
:10374000B3F5804FB7D0F1F719FA1423D7E7022960
:10375000DCBF02F1FF320C31002A02EB00031046FD
:10376000B8BFD01C03EBA0036FF0630092FBF0F036
:10377000034402394FF4C87092FBF0F213440C205A
:10378000C1EB411191FBF0F107200B4493FBF0F0EA
:10379000C0EBC000181A70472DE9F043002A67D02B
:1037A000D0F810900027D2F800C01646BCF1000FE8
:1037B00003D199F80030C3602BE04C4614F801EBBC
:1037C0001CF8015BBEF13D0F14BFF0464FF000083E
:1037D000B8EB050502D1B8F1000FEFD1BEF13D0FF6
:1037E00018BF00241032002D40D1ACB182680561B1
:1037F0000132826072685AB1013A012A38D80460F5
:10380000D6E902200AB1106000201BB11F6001E060
:1038100005603F20BDE8F0837268012A13D0022AB8
:1038200005D02ABB8268046101328260E8E78268C1
:10383000013251F8224014B124782D2C03D10021FB
:1038400001610160F1E78268551C002451F82510E0
:1038500021B191F800C0BCF12D0F03D104610460C7
:103860008560D6E7046101600232DEE701379AE73E
:10387000002303754FF0FF30CCE72DE9F84FDDF85A
:1038800028A09DF82CB08146884617461E4600F0B9
:10389000A9F80446C8B1B8F1000F00F09C80836815
:1038A000002B01DD037D3BB901233F21C4E9023137
:1038B000002222602261237525695DB12A7832B128
:1038C0003A2A1CD10135E26025613F252CE0A3682E
:1038D0000133A360A3684B4506DB0023236100236B
:1038E00023754FF0FF351FE058F8231021610029A0
:1038F000F5D00B782D2BF2D101312161DCE71BF0E3
:10390000010F6BD02D2A12D1013525615346324665
:1039100041462046FFF740FF3F28054604D1A368F3
:103920000133A360002323612846BDE8F88F1BF014
:10393000020F0ED05346324641462046FFF72CFF79
:103940003F280546F0D12369002BE8D05B78002B97
:10395000E5D197B13D7826693A2D96F8009008BFD9
:1039600001374946384618BF3F25F2F7D1FA60B90A
:103970000136C4F80C902661A7E723691B78C4E9D7
:103980000337A3680133A3609FE743783A2B03D042
:10399000013626610578C7E7A36877785A1C2FB1EE
:1039A000013600232660A2602361F3E758F8221055
:1039B00039B10E782D2E04D002332160A360276127
:1039C000E8E70023236123600378C4E902238378B6
:1039D0003A2BA9D1DEE780F8148082E7002FB9D115
:1039E00027757EE708B5FFF731FD243008BD0000DC
:1039F00070B50D46044638B159B9F1F7BFF8162332
:103A000003600024204670BD40F20113002908BF66
:103A10001D461048104EFDF7ABFB002818BF0646A8
:103A20003046F2F7A4FA0130A84203D9F1F7A6F81C
:103A30002223E5E74CB92846F2F778FB044620B983
:103A4000F1F79CF80C230360DCE731462046F2F7DF
:103A50006AFAD7E7DF901108CD711108F8B507466B
:103A60000E4614464AB1B2F86C30DB0708D492F81F
:103A70006E3043F0020382F86E304FF0FF305FE0AB
:103A80001046F2F762F8354694F86F3003B19DB9ED
:103A9000E369002B58D02046F2F702FB002842DAF7
:103AA000B5425CD194F86E3043F0020384F86E3076
:103AB0002046F2F768F8E0E7013BDBB284F86F30AC
:103AC0002344013D93F8703007F8013BDCE75A1CB2
:103AD00062621B7807F8013B013D26D0D4E9093228
:103AE0009342F4D3E169226AA069521AAA42C4E956
:103AF000091108D3F9F7D5FA00280ADB0BD0A36A1D
:103B00001844A0620FE02A463946F9F7CAFA00289D
:103B100006DAAE42C6D094F86E3043F0010309E0F5
:103B2000F9D007442D1A002DD8D194F86E30002515
:103B300003F0FE03204684F86E30F2F724F8701B81
:103B4000F8BDE8D007442D1A002DEED0A0692A4612
:103B50003946F9F7A6FA0028F3DAB542DAE7002D7C
:103B6000E3D0D8E74368DB0707D58B6801338B6068
:103B700002680B6913440B6170474B6801334B605B
:103B800002684B6913444B610368CA68934288BF5B
:103B9000CB60704770B50C46066A054618220021B6
:103BA0002046F2F7ADF928460549224600F00AF80A
:103BB000EB682360236903EBC6032361002070BD1B
:103BC000653B11082DE9F84304468846914600F10B
:103BD00010070026236A9E4201DBBDE8F8832046D9
:103BE000F2F734FB0028F8DB57F8045B7B68AB4244
:103BF00004D82046F2F752FB0136EBE72846494647
:103C0000C0472B681D44F1E737B542680B68D207FF
:103C100005460C4613D501330FD100F1080300937C
:103C2000026810490B230620F2F7C6F963680133D6
:103C300063602A68A3681344A36003B030BD0133F6
:103C4000FBDA4B688A6801334B60034653F8081B64
:103C500000930A44A260026802490B230620F2F78F
:103C6000ABF9EAE7E390110870B54B1C86B00C463F
:103C70000546ACBF11491249124E0620F2F79CF9D5
:103C8000114A124900960B230620F2F795F90023FA
:103C900003AA28460E490394CDE90433FFF792FFA7
:103CA0000C4B0D4A0D490620F2F786F9DDE9042395
:103CB0000B490620F2F780F906B070BDED901108AF
:103CC0001F91110817911108469111080E911108C2
:103CD000093C1108409111084B91110856911108A7
:103CE0006091110870B5094B86B0064669461868A0
:103CF0006C46FFF74FFF0FCC35460FC594E8030025
:103D000085E80300304606B070BD00BFD81D002016
:103D100008B50B463C2200211846F2F7F1F848F2AC
:103D200024128260002008BD70B5C66858200D4678
:103D3000F2F7FCF9044630B158223146F2F7D2F8D6
:103D4000EC60002070BD6FF00B00FBE72DE9F04F39
:103D50008FB0436807932B4BC66805932A4B049397
:103D60002A4B03932A4B02932A4B019308362A4B82
:103D700000938846294BDFF8A8B014465021294A01
:103D800005463046FBF778F807AF01462346009713
:103D900042463046FBF759F8234BD3F800A0814642
:103DA000BAF1000F06D16B6848464B446B600FB008
:103DB000BDE8F08F4C4521D98044241A08A9AAF106
:103DC000480000F047F80D9B05930A9B0493099B5C
:103DD00003930B9B02930C9B0193089B0093DAF8CF
:103DE00000305A4650213046FBF746F8009701460E
:103DF000234642463046FBF728F88144DAF804A00F
:103E0000CEE700BF839111088B911108B08E110885
:103E1000B68E110892911108C48E110823891108D9
:103E2000989111086A911108701E002010B504467F
:103E3000C068F2F773F90020E06010BD10B50446C9
:103E40005820F2F783F910B1E060002010BD6FF048
:103E50000B00FBE773B505460C46EFF3108672B610
:103E60001C3002F08FFE606005F1240002F08AFE33
:103E7000A0606B6B6268E3601344034428684343AB
:103E8000236016F0010F00D162B62B6823612B7CF2
:103E900063B1EB6853B901A905F13C00F0F7B8FE36
:103EA000019B5B420020636102B070BD0023F9E713
:103EB00008B5EFF3108372B602F0C6FC044B1B6822
:103EC0000120196F00DF03489321EDF747FA00BF87
:103ED000F4170020E0911108F7B534480E46F0F7CA
:103EE00035FF4FF43450F2F721F9032105463048ED
:103EF000F9F780F8041E0ADAFDF76AFA0746F0F7C8
:103F00003DFE2C49026807F1F400FEF7F7FF7768E1
:103F10003846F2F72CF8394601902748F0F7D5FEDD
:103F2000019A71682046F9F795FB00280ADAF0F744
:103F300025FE01682148F0F7C8FEFDF749FA8030F8
:103F4000FEF78AFF1E48F0F701FF1E4802F046FE0A
:103F50001D48F0F7FBFE01AA40F207312046FBF7AF
:103F600086FF01991948F0F7B0FE224629462046FF
:103F7000F9F797F8064642F2107002F02FFE124849
:103F8000F0F7E4FE0024B4420ADBFDF721FA8030AA
:103F9000FEF762FF0E48F0F7D9FE002003B0F0BD37
:103FA000285D02F0F6FD0134EDE700BF049311082F
:103FB0000D931108189311083693110840931108B6
:103FC0005293110840420F00629311086D9311083B
:103FD0007693110810B50446FDF7FAF922464549D3
:103FE000F430FEF78BFFFDF7F3F922464249F43037
:103FF000FEF784FFFDF7ECF900F1F4013F48F1F71B
:10400000FBFCFDF7E5F900F1F4013D48F1F7F4FCA4
:10401000FDF7DEF900F1F4013A48F1F7EDFCFDF7A8
:10402000D7F900F1F4013848F1F7E6FCFDF7D0F9D3
:1040300000F1F4013548F1F7DFFCFDF7C9F900F1B3
:10404000F4013348F1F7D8FCFDF7C2F900F1F401AF
:104050003048F1F7D1FCFDF7BBF900F1F4012E482F
:10406000F1F7CAFCFDF7B4F900F1F4012B48F1F7C0
:10407000C3FCFDF7ADF900F1F4012948F1F7BCFCF0
:10408000FDF7A6F900F1F4012648F1F7B5FCFDF7BC
:104090009FF900F1F4012448F1F7AEFCFDF798F91F
:1040A00000F1F4012148F1F7A7FCFDF791F900F1C7
:1040B000F4011F48F1F7A0FCFDF78AF900F1F401C3
:1040C0001C48F1F799FCFDF783F900F1F4011A4857
:1040D000F1F792FCFDF77CF900F1F4011748F1F7D4
:1040E0008BFCFDF775F9BDE8104000F1F4011448B0
:1040F000F1F782BC81931108C3931108D193110881
:10410000D993110810941108489411088894110843
:10411000CD941108FA941108059511081A95110803
:1041200036951108549511086A9511088A95110859
:10413000A3951108C1951108DE951108FE95110887
:104140001F9611082DE9F04F01288BB081460D46CE
:104150004FF0000807DCFDF73BF900F1F401A64839
:10416000F1F74AFC05E04C68A4492046FFF7BCF88B
:1041700020B92868FFF72EFF0124A3E1A0492046BB
:10418000FFF7B2F8B0B9B9F1020F05D1FDF720F988
:1041900000F1F4019B48E3E7A868F1F70AFDB9F1E3
:1041A000030F5FFA80F817D1FDF712F900F1F4015F
:1041B0009548D5E70126C346944955F82600B40032
:1041C000FFF792F8B8B9731C994509DCFDF700F9BF
:1041D00000F1F4018E48C3E703264FF0010BEBE733
:1041E0002C4402366068F1F7E4FCB1450746DBDD9C
:1041F0004FF0010A03E00027B145BA462CDD85499E
:1042000055F82600B400FFF76FF800283ED1731C64
:10421000994505DCFDF7DCF800F1F4017E489FE7E5
:104220002C447E49636803931846FFF75DF8044603
:1042300060B1039B7A491846FFF756F828B1FDF79D
:10424000C7F800F1F40177488AE701240236B14546
:10425000AADD4FF0010901E0B9463C4655F8266059
:1042600071483146F0F731FD03213046F8F7C2FEC0
:10427000051E0FDAF0F782FC0468FDF7A9F86B4918
:1042800023463246F430FEF739FE75E74FF0000959
:104290004C46E3E7BBF1000F12D0424642F2063132
:1042A000FBF7E5FD00280BDAF0F768FC0468FDF782
:1042B0008FF85F4923463246F430FEF71FFE62E076
:1042C0000DF1120242F203312846FBF7D0FD00281F
:1042D00008DAF0F753FC0468FDF77AF855492346ED
:1042E0003246E9E70DF1130242F202312846FBF7AC
:1042F000BEFD002808DAF0F741FC0468FDF768F815
:104300004D4923463246D7E79DF812300A2B00F27A
:10431000F380DFE803F006101418184F4F4F4F4F8B
:104320004F009DF813104548F0F7CFFC2846F8F7EA
:1043300052FB0024C6E09DF813104148F4E79DF8B5
:1043400013104048F0E79DF813103F48F0F7BDFC0C
:10435000B9F1000FEAD021463C48F0F7B6FC2246FE
:1043600042F201312846FBF782FD00280FDAF0F710
:1043700005FC0768FDF72CF83549009733462246BF
:10438000F430FEF7BBFD2846F8F725FBF4E60DF107
:10439000130242F202312846FBF769FD002880F241
:1043A000A780F0F7EBFB0468FDF712F829492346D4
:1043B000324681E79DF813102748F0F786FCBAF1E2
:1043C000000FB3D0012406AA42F2043128468DF82A
:1043D00018408DF81970FBF74AFD002840DAF0F715
:1043E000CDFB0768FCF7F4FF1C493B463246F4302E
:1043F000FEF784FD63E000BF3D961108F1861108C9
:104400006096110863961108829611083389110885
:10441000A996110857891108C8961108BC9011086F
:10442000CE901108E7961108069711081297110807
:10443000309711085897110883971108AC97110805
:10444000C7971108EC971108139811082E981108B6
:104450004998110876981108BD981108D898110844
:1044600005A8FEF791FA4FF00008394605A8F0F7C5
:104470000AFC052308AA414605A8CDE90838FDF73E
:10448000CBFF4246814642F205312846FBF7EFFC5E
:10449000C1451BDAF0F772FBD0F80090B9F10B0FB1
:1044A00003D11A48F0F752FC40E7FCF791FF184996
:1044B000CDF8009033463A46F430FEF71FFD28460B
:1044C000F8F789FA20460BB0BDE8F08F0DF1130222
:1044D00042F202312846FBF7CAFC002808DAF0F75E
:1044E0004DFB0768FCF774FF0A493B4632467EE7FE
:1044F0009DF81310084817E7FCF76AFF9DF8122093
:104500000649F430FEF7FAFC3DE700BF07991108B1
:104510002E99110876981108A29811085B99110834
:1045200038B5094B53F820500C46032242F20631AD
:104530002846FBF79CFC2246284642F20131BDE8A2
:104540003840FBF794BC00BF741E0020F8B5074646
:10455000142015460E46F1F7E9FD0121C0E9007669
:1045600004462846F8F746FD294606460D48F0F76A
:10457000ACFB002E0BDAF0F701FB294602680A4873
:10458000F0F7A3FBFCF724FF8030FEF765FC074A39
:10459000A66041F28833E36013680133136020465C
:1045A000F8BD00BF7C9911088D991108881E002064
:1045B0002DE9F0470646242088461546324FDFF89D
:1045C000CCA0F1F7B3FD3B68056053F82650C5F861
:1045D0000C8002684346314604462D48DFF8B4801B
:1045E000F0F773FB002642F21079D8F80030B3429E
:1045F00026DCA868224640F60141FBF738FC00287B
:1046000008DAF0F7BBFA01682348F0F75EFBA86808
:10461000F8F7E1F9A868002240F60341FBF727FC10
:10462000002808DAF0F7AAFA01681C48F0F74DFBF9
:10463000A868F8F7D0F92046BDE8F047F1F76EBD5D
:104640003A682B6852F826000168994219D14368EC
:1046500004F8333052F82600436804EBC301C36802
:104660001B04B3FBF9F341F8043C52F826305B68B5
:1046700004EBC30214F9331052F8042C5046F0F73F
:1046800024FB0136B1E700BF8C1E0020D39911082E
:10469000AB991108881E0020EA991108219A110887
:1046A00070B504460D460026AE4200DB70BD012108
:1046B0002046FFF735FF322002F090FA0021204615
:1046C000FFF72EFF4FF4FA7002F088FA0136EBE79D
:1046D0007FB50C461546002875D0002973D03B489D
:1046E0001146F0F7F2FA202D67D1216819B101299E
:1046F00026D0374853E0D4E90623CDE90223D4E994
:1047000004233448CDE90023D4E90212F0F7DDFA9E
:10471000E368002B57D0D4E9060101F0C3FD2E4B0E
:1047200005460022D4E90401FCF708F801F0BAFDBF
:104730000146A0682A4604B0BDE87040FFF738BFC4
:10474000D4E90623A1682548254ECDE90023D4E904
:104750000323F0F7BAFAD4E9060101F0A3FD2369B7
:10476000012B054620D1316841F6900342189A4248
:1047700021DD5D1A336029461A48F0F7A6FA21694F
:10478000A068003918BF01210338FFF7C9FE25B121
:10479000A06829460238FFF783FF3168124804B049
:1047A000BDE87040F0F791BA33681A1A03D50022B9
:1047B00032601D46DFE73260DDE70C4804B0BDE83B
:1047C0007040F0F7C3BA04B070BD00BF4B9A110837
:1047D000089B1108629A110800005940A59A110817
:1047E000CC0A0020E29A1108F99A1108339B1108AB
:1047F00008B501210020FFF793FE40F64841012053
:10480000FFF74EFF024B40F648421A6008BD00BF5A
:10481000CC0A002030B5202085B0F1F787FC554A3E
:10482000044601210D20FFF791FE534A2060042128
:104830000520FFF78BFE504A606001210520FFF73D
:1048400085FE0421A0604D4A0846FFF77FFE4B4AD3
:10485000E06003210420FFF779FE484A206102212D
:104860000420FFF773FE464A606104210320FFF72E
:104870006DFE0321424AA0610846FFF767FE414BE7
:10488000E061032140481C60F8F7B4FB3F4C032172
:1048900020603F48F8F7AEFB032160603D48F8F721
:1048A000A9FB0321A0603C48F8F7A4FB3222E0609A
:1048B00040F252310020FFF77BFE32224FF4FA71B2
:1048C0000120FFF775FE32224FF4FA710220FFF744
:1048D0006FFE324A1068516802AB03C301F080FCDE
:1048E00038B92F490320F1F767FB4FF0FF3005B0CF
:1048F00030BD02A801F076FC08B92A49F2E72A493E
:1049000001F0A4FC08B92949ECE729490620F1F790
:1049100053FB00210220FFF703FE2648F0F716FAAA
:104920002548F0F713FA1C480121F8F763FB054608
:1049300000210846FFF7F4FD01210846FFF7B0FE0D
:104940000DF1070242F202312846FBF790FA9DF87A
:104950000740002CECD11948F0F7F8F9184B1C600F
:10496000FFF746FF1748F0F7F1F900F01BFF20466C
:10497000BDE700BF007111081C71110838711108E2
:10498000547111088C1E0020609B1108741E0020B9
:104990006B9B1108769B1108819B11080F921108DF
:1049A0008C9B1108A39B1108D1461108B79B1108D5
:1049B000DC9B1108FD9B11081A9C11082A9C110808
:1049C000CC0A0020349C110873B501210C480D4E0F
:1049D0000D4DF8F70FFB04460C48F0F7B7F90DF151
:1049E000070242F202312046FBF741FA9DF8071018
:1049F0003046F0F76AF9284602F0F0F8EFE700BF1A
:104A0000409C1108AC97110840420F004B9C1108C4
:104A100001282DE9F0470C462BD0022802D14F681F
:104A2000002608E0032816D14F68A0680A2200215A
:104A3000F1F7C6F8064642F60150F1F777FB044657
:104A4000C8B9FCF7C5FC0446F0F798F83D49026880
:104A500004F1F40004E0FCF7BBFC22683A49F430AE
:104A6000FEF74CFAFCF7B4FCF430FEF7F5F9012040
:104A70003BE0364FD4E703213846F8F7BBFA051E72
:104A80000EDAFCF7A5FC0546F0F778F83049026825
:104A900005F1F400FEF732FA2046F1F73FFBE1E7BB
:104AA00039462C48DFF8B0A0F0F70FF9FCF790FC7E
:104AB0008030FEF7D1F94FF00008B04517DB2748EA
:104AC000F0F744F941462648F0F7FFF8FCF780FC80
:104AD0008030FEF7C1F9234802F080F82846F7F746
:104AE0007AFF2046F1F71AFB0020BDE8F0874FF46B
:104AF000345221462846F8F7D4FA07464FF47A7024
:104B000002F06CF8002FD8D00BDAF0F737F8016814
:104B10005046F0F7DAF8FCF75BFC8030FEF79CF9C2
:104B2000CBE74FF0000914F8090009F1010902F080
:104B300030F84F45F7DCFCF74BFC8030FEF78CF982
:104B4000B844BAE7719C11085C9C11080D931108D8
:104B50008B9C1108A39C1108B49C1108C59C1108DA
:104B6000D19C110840420F00F8B51048104F114D6C
:104B7000114EF0F7EBF805243846F0F7E7F8FCF7AC
:104B800027FC8030FEF768F92846FEF7AFFC304678
:104B9000F0F7DCF8FCF71CFC8030FEF75DF92846E6
:104BA000FEF7A4FC013CE7D12046F8BD04931108B0
:104BB000EC9C110820A10700F59C110801F065BBD1
:104BC00008B5014604461248F0F77FF8214611481F
:104BD000F0F77BF81048F0F7B9F81048F0F7B6F89E
:104BE0000F48F0F7B3F80F48F0F7B0F80E48F0F7B9
:104BF000ADF80E48F0F7AAF80D48F0F7A7F80D4801
:104C0000F0F7A4F80C48F0F7A1F80120F0F7D5FF71
:104C1000FF9C1108C39311081D9D1108259D1108C3
:104C20002F9D1108389D1108439D11084F9D1108B3
:104C3000599D1108669D1108709D1108012808B53D
:104C400002DC0868FFF7BCFF4B681B78613B162B42
:104C5000F7D801A252F823F0D34C1108434C1108A5
:104C6000CF4C1108B54C1108CB4C1108434C11081E
:104C7000434C1108434C1108BF4C1108434C110818
:104C8000434C1108434C1108434C1108C34C110804
:104C9000434C1108434C1108434C1108D74C1108E0
:104CA000434C1108434C1108434C1108434C110864
:104CB000C74C1108FF20F1F78DF9002008BD7F20B7
:104CC000F9E73F20F7E71F20F5E70F20F3E707207C
:104CD000F1E70320EFE70120EDE700BF2DE9F843FE
:104CE000114FDFF84890DFF8488000257C19002636
:104CF00021784846EFF7E9FF01362146D8F8000051
:104D00000122F8F7A7FC082E04F10104F0D10A20D3
:104D100001F03FFF083542F21070FEF7E7FBA02DCF
:104D2000E4D1BDE8F88300BFD00A00207A9D1108C5
:104D3000901E00204FF48A7108B50222FBF797F805
:104D4000014620B1BDE808400148EFF7BEBF08BDED
:104D50007E9D110838B50E480E4D0321F8F74AF92B
:104D6000002828600ADAFCF733FB0446EFF706FF59
:104D70000949026804F1F400FEF7C0F82868FFF75B
:104D8000D9FF0648EFF7E2FFFFF7A8FF002038BD84
:104D90000D931108901E0020189311080493110818
:104DA00008B50248EFF7D2FF002008BD969D110814
:104DB00070B51C4E96F8403F834207D93C2303FB55
:104DC000006393F8643033B9174800E01748BDE832
:104DD0007040EFF7BBBFC0EB0010840004F14C053E
:104DE0003544284601F0CBFE014620B11048BDE80D
:104DF0007040EFF76ABF04F13C00304401F09FFCC3
:104E000038B10C48EFF7A2FF2846BDE8704001F02A
:104E10004ABC284601F047FC014608B10648E6E7CF
:104E200070BD00BF941E0020E49D1108B29D1108C2
:104E3000109E1108469E11086B9E1108F7B5174D7C
:104E40000027D5F8300F019701AA40F20731FBF790
:104E50000EF800281BDB019E002E14DD3046F1F712
:104E600065F9324601460446D5F8300FF8F719F9CE
:104E7000021E04DDD5F8340F214601F09BF92046CF
:104E8000F1F74CF9DDE76420FEF730FBD9E7044881
:104E9000EFF75CFF002003B0F0BD00BF941E0020C0
:104EA000A39E11082DE9F043274DD1F8049095F801
:104EB000403F99F80060B3EB960F0A468BB04FEA7B
:104EC000960109D93C2303FB0158D8F8680038B98A
:104ED00001200BB0BDE8F0831C48EFF7F6FEF7E7C2
:104EE0001489059003FB0153013C3033204606939F
:104EF000F1F71CF9224609F101010746F0F7F2FF2C
:104F000098F865200023C6F340068DF824308DF80C
:104F10002560CDE9077407AB05AE5AB993E80700E1
:104F20008DE8070096E80C000949D5F83C0F00F021
:104F3000D9FDCDE793E807008DE807000449D5F8CF
:104F4000380F96E80C00F2E7941E0020C79E110867
:104F5000E153110808B50B4801F011FE0A4801F0B1
:104F6000EEFB38B10948EFF7F1FEBDE8084005480F
:104F700001F099BB034801F096FBBDE808400448E6
:104F8000EFF7E4BEE82D0020D82D0020059F110882
:104F90002E9F110810B5074BD3F8300F1446F8F7C1
:104FA00059FB844204D0BDE810400348EFF7CEBE61
:104FB00010BD00BF941E0020519F110870B590B025
:104FC0000021064604A8CDE90111ADF80C1001F04E
:104FD00099FD014688B1144801ADEFF7B7FE0FCD3A
:104FE00034460FC40FCD0FC40FCD0FC495E8070092
:104FF00084E80700304610B070BD08A801F012FB2D
:1050000008B10A48E8E70A4BCDE90E3001AC0FCCF5
:1050100035460FC50FCC0FC50FCC0FC594E8070060
:1050200085E80700E6E700BF669F11088A9F110820
:1050300000FFFF002DE9F0410B4C064694F8408F2D
:1050400001256C34A84503D800273846BDE8F08117
:1050500020463146FEF748F927463C340028F4D074
:105060000135EDB2EEE700BF941E00202DE9F041BE
:105070001E4C90B08046204601F081FD94F8407FA0
:105080003E2F07D9204601F00EFB0026304610B017
:10509000BDE8F0814046FFF7CDFF064610BB7B1C04
:1050A00084F8403FC7EB0716303404EB86066846A9
:1050B0006C46FFF783FF0FCC35460FC50FCC0FC5ED
:1050C0000FCC0FC594E8070085E8070086F8357017
:1050D00086F836704046F0F74AFF414602463046B1
:1050E000F0F700FF014801F0DEFACFE7941E002040
:1050F0002DE9F043804687B00F4615461E4643B162
:105100001F4801F03CFD014618B11E48EFF7DDFDD8
:1051100011E01422002101A805F10109F0F7F0FEC9
:10512000222348468DF80630F1F700F8044638B9D6
:105130001548EFF70BFE0025284607B0BDE8F083C1
:1051400098F8003000F8013B3946104F2A46F0F736
:10515000C9FED7F8340F029401A9ADF80C9001F004
:1051600036F805462046F0F7D9FF002EE4D007F1C7
:10517000180001F098FA01460028DDD00448C5E780
:10518000AC1E0020AF9F1108E49F1108941E002060
:10519000FD9F11082DE9FF47254C94F8403F8342BD
:1051A00005460F4609D8002322480B70EFF7CEFDC5
:1051B0004FF0FF3004B0BDE8F0874FF03C0900230A
:1051C00009FB00490B7099F86410C0EB0016B6009B
:1051D00009B11948EAE7684601F0E6FC009B06F1D0
:1051E0004C080433A04402934046019B03934FF0C4
:1051F000010A01F0C4FC06F13C0089F864A002AA8F
:105200004146204401F0B7FC38B106F130010B48AB
:105210002144EFF75AFD87F800A03C2000FB05442D
:10522000002584F86450404601F03DFA2846C1E765
:10523000941E002034A0110867A0110895A0110841
:1052400030B589B004469DF800308DF8142003F085
:1052500001038DF800308DF8151028B93A48EFF7A2
:1052600075FD204609B030BD551EEBB2012B0ED89E
:105270000023CDF81630CDF81A30ADF81E30F0F717
:1052800076FE214602460DF11600F0F72BFE0123B3
:105290000C2205A96846FFF72BFF044608B92B48E6
:1052A000DDE7072DDDD801A353F825F0CD52110815
:1052B00063521108E352110863521108E3521108B6
:1052C0006352110863521108CD5211080DF1030108
:1052D0000020FFF75FFF90B31D48EFF737FD002474
:1052E000BFE71C4C94F86C5F0DB11B48F5E72946ED
:1052F00001A801F059FC019B18488DF803500433B4
:105300000393029B0493EFF721FD04F6547001F020
:1053100036FC012503AA04F6547104F6447084F89F
:105320006C5F01F028FC20B10D48EFF70FFD8DF800
:10533000035000230B4884F86C3F01F0B4F99DF84A
:10534000034084F001048CE7B0A01108D9A0110833
:1053500002A11108941E00202BA111085DA11108C3
:105360007BA11108E82D002070B51A4E90B0304690
:1053700001F005FC6C466846FFF720FE0FCC06F1F5
:1053800030050FC50FCC0FC50FCC0FC594E8070033
:10539000114B002485E8070086F8654086F86640D2
:1053A00018689A889B7986F836300C4B3063B36660
:1053B00030460123B28686F8403F01F074F906F1C9
:1053C000300508222146284610B0BDE87040FFF79E
:1053D00037BF00BF941E002095A111085D5411082D
:1053E00084B038B504AC84E80F009DF82130012B5F
:1053F0000C46154605D191F8361007222046FFF7D6
:105400001FFF20469DF82030079A049C2946A0479C
:105410002846BDE8384004B0F0F780BE08B505481E
:1054200001F0ADFB014620B1BDE808400248EFF7AE
:105430004CBC08BDAC1E00209DA1110808B5054854
:1054400001F031F9014620B1BDE808400248EFF70C
:105450003CBC08BDAC1E0020CEA11108F0B50B4627
:1054600087B0086849685C7803AA03C2986810602E
:10547000DDF81210DDF80E001A786B4603C3BDF894
:1054800016101980531E082B00F29880DFE803F0F5
:10549000052135734C7A617D8E006846FFF7E6FD85
:1054A000054628B949486946EFF70FFC07B0F0BD3B
:1054B0006A4621464648EFF708FC012395F8351067
:1054C00085F8364085F8373002222846FFF7B8FEC7
:1054D000ECE76846FFF7AEFD054610B93D48694662
:1054E000E2E73D486A462146EFF7EFFB012385F8E6
:1054F000364085F8373000203AE0384D95F8403F87
:10550000A3425ED93C2707FB0456354896F8651040
:10551000EFF7DBFB304696F8651004223030FFF7DA
:105520008FFEFFF77BFFC1E72C4D95F8403FA3426C
:1055300047D93C2707FB04562A4896F86510EFF731
:10554000C4FBFFF77BFF304696F86510062230302B
:10555000BCE7224890F8403FA34232D93C2303FBEA
:105560000404214894F86510EFF7AFFB94F8650048
:10557000FFF71EFC9AE71D482146EFF7A6FBFFF751
:10558000E9FC93E71A482146F7E7144890F8403FB2
:10559000A34283BF3C2303FB04043034002415489A
:1055A000EFF7D4FB0922002120468FE70B4B12486E
:1055B000012283F8412FEFF7C9FB9CE70F48114602
:1055C00072E7002393F83530FFDE00BF03A2110815
:1055D00031A2110879A21108BAA21108941E002064
:1055E00003A3110849A3110891A31108CBA3110823
:1055F00015A4110862A411089BA41108D5A41108D0
:105600002DE9F7435448554C0321F7F7F3FC431CAD
:105610000546C4F8300F0BD14F495148EFF755FB01
:10562000D4F8300FF7F7D7F9002003B0BDE8F083C6
:10563000002301934B4B4C4F1A889B78ADF8002008
:105640008DF802300A26032269462846F8F702F848
:10565000032809D04548EFF779FB2846F7F7BBF94F
:105660004348EFF773FBDBE701AA40F20731284616
:10567000FAF7FDFB002801DA3E48ECE7DDF804907C
:10568000B9F1020F25DD4846F0F750FD4A460146C4
:1056900080462846F7F705FD022817DD00EB0803D2
:1056A0004246013B12F8011B4F290DD111784B29BD
:1056B0000AD13148EFF74AFB0021284800F0B2FF39
:1056C0000146A0B12D48CCE79342EBD14046F0F71C
:1056D00025FD31463846EFF7F8FA013E0120FDF787
:1056E000E9FE002EAFD12648EFF730FBB8E725489A
:1056F00000F098FF01460028E4D1234801F002FAA7
:10570000014618B12148EFF721FB8DE7204800F052
:1057100089FF054608B11F48F5E784F8410F0220CC
:1057200000F020F9C4F8380F012000F01BF9C4F88C
:105730003C0F012000F096FB1749C4F8340F00F02D
:105740003DFC164A16482B462946FDF791F803B052
:10575000BDE8F043FFF708BE0BA51108941E00201A
:1057600016A5110827A611086DA511082EA5110868
:10577000B6A51108A39E110854A511088A9F110807
:1057800092A51108AC1E0020D82D0020D1A511082B
:10579000E82D0020FEA51108A54E11083D4E110868
:1057A000042E002010B5054CD4F8380F00F0DCF9B9
:1057B000D4F83C0FBDE8104000F0D6B9941E00208C
:1057C00010B5054C01232360236803B910BD0120E7
:1057D000FDF770FEF8E700BF0C2E002070B5044600
:1057E00001F0CDF9636AA6692BB1012B08D1002322
:1057F000C4E906336362204600F055FF304670BDB1
:10580000256A3268A261013B6362284601F0B7F95C
:105810000123AB6205F1180000F091FF284600F06B
:1058200042FFE8E72DE9F04387B0846804A8FDF75C
:10583000ABF8082305930022344B039303A90120FE
:10584000EDF7F0F8013002D13148EFF73EFA04F1FC
:105850000C05284601F093F96368DFF8B88001333E
:105860006360284600F01FFF4FF00009D8F80030B1
:1058700063B9284601F083F96368013B63602846F9
:1058800000F011FF2448E921EBF768FD666D304612
:1058900001F075F906F11807B36A012B31D1C6F88A
:1058A0002890304600F0FFFED8F80030002BDDD005
:1058B000284601F064F9A3680133A360284600F08C
:1058C000F2FE04F13400FFF789FF064648B1836910
:1058D000009300F108030FCB7768B8473046F0F724
:1058E0001DFC284601F04BF9A368013BA360A368A7
:1058F0001BB904F1240000F022FF284600F0D3FE7B
:10590000B4E73146384600F0EBFEC5E7C157110851
:105910002AA61108082E00204EA61108F8B5044644
:10592000656ACDB9266AC4E9065506F118073046FE
:1059300000F08DFE384601F000F92946304600F0AF
:1059400071FE2946384601F0DDF8B562206A6562CD
:10595000BDE8F840F0F7E2BB2046FFF73FFFF0F765
:10596000DDFBDDE72DE9FF47514B00251D60514B65
:10597000012220EAE0765C201A60F0F7D7FB0446AB
:1059800030B94D48EFF7E2F9204604B0BDE8F087A2
:105990004560C0E913558560856500F134082C2009
:1059A000F0F7C4FB0746606538B94448EFF7CEF915
:1059B0002046F0F7B3FB3C46E6E72946404600F0B8
:1059C00031FE676D2946384600F02CFE294607F166
:1059D000180001F097F8BD62B000F0F7A7FB07468A
:1059E000206030B93648EFF7B1F94046FFF796FF2F
:1059F000DEE7294604F10C0000F014FE294604F10C
:105A0000240001F07FF8DFF8BC80DFF8BC90AE42E4
:105A10000AD12E4E6368AB42B6D00120FDF74AFD95
:105A20003046EFF793F9F5E70C202768F0F77EFB97
:105A30004FEA850A47F8250020B94846EFF786F96E
:105A40000135E4E78460056001A8FCF7EDFE01463E
:105A500030B11F48EFF739F988211E48EBF77EFC7B
:105A60004FF4C05101A801F045F8014620B11A4891
:105A7000EFF72BF99121F0E76423694601A8009321
:105A8000FCF7E8FE014620B11448EFF71EF99B2110
:105A9000E3E757F80A3001A94246181DFCF7E8FE73
:105AA00001460028CCD00E48EFF70FF9A321D4E728
:105AB0000C2E0020082E00209BA61108DDA6110840
:105AC0001EA71108255811085CA711087EA8110807
:105AD00090A711084EA61108C8A7110808A8110818
:105AE00049A8110882B0F8B504460E461C2006A944
:105AF00081E80C00F0F71AFB054640B91948EFF7AA
:105B000025F94FF0FF30BDE8F84002B0704706AF0E
:105B1000466000F108060FCF0FC63B68336004F102
:105B20003406304601F02BF800232B60A36DB3B987
:105B3000E564A36D25650133A365646D204601F01E
:105B40001EF80123A36204F1180000F0F8FD2046BE
:105B500000F0A9FD304600F0A6FD0020D3E7236D3C
:105B60001D60E6E791A81108F8B546680546B00043
:105B7000F0F7DCFA00230446B34208DB0E4F0025A1
:105B8000B5420BDB2046BDE8F840F0F7C7BA2A68FB
:105B90001268526844F823200133EDE754F82500D9
:105BA000002100F0E3FC29463846EFF78EF801208B
:105BB000FDF780FC0135E3E7D3A811084140C9B2E5
:105BC000024B33F8113083EA1020704724AA1108E1
:105BD00070B5536886B005460E461446A3B1D2E9A7
:105BE000041201B932B1CDE904120022029201A9D6
:105BF000284698470023C4E9013395F87C39013BD6
:105C00009E4208BF85F87C6906B070BD2DE9F04F53
:105C1000044687B01422002101A8F0F771F9A37B94
:105C20008DF8043094F818348DF8063004F112031E
:105C30000293238AADF80C304FF000084FF0180B98
:105C400094F87C395FFA88F7BB4213D80025CDE978
:105C5000045594F87D39EEB2B34246D8002694F844
:105C60007E39F5B2AB4261D89DF806103B48EFF79C
:105C70002CF825E00BFB07F6A519D5F82C388BB3CB
:105C800095F828189DF8042091422BD1D5F8382892
:105C90000492D5F83C28059201A920469847049B18
:105CA000C5F83838059BC5F83C3805F6380A05F6BE
:105CB0003C09B8B1022806D1B5F83638A5F8343811
:105CC00007B0BDE8F08F0328FAD1002306F62802BA
:105CD000CAF800302244C9F8003039462046FFF7A0
:105CE00077FFEDE708F10108AAE704EBC602D2F856
:105CF0001C39CBB192F818199DF80620914213D1A6
:105D000001A92046984778B10328D9D106F2231378
:105D100004EBC30300225A6094F87D39013B9E4294
:105D2000CED184F87D69CBE7013592E705F25A2799
:105D300054F8273083B101A92046984760B1032861
:105D4000BED1002344F8273094F87E39013B9D42B0
:105D5000B6D184F87E59B3E7013680E7EBA8110885
:105D60002DE9F74F04468A4616464FF0000800F228
:105D70001A4916B903B0BDE8F08FD4F81C58C5F520
:105D80008067B74228BF37460AEB080B05F21A4571
:105D90002544BAB21BFA87F39B4512D1D4F81C38BC
:105DA0001A44B2F5806FC4F81C28A6EB0706B84465
:105DB000DFD149462046FFF7EDF80023C4F81C3830
:105DC000D7E71BF8011B05F8011BB4F82408019361
:105DD000FFF7F4FE019BA4F82408DDE738B5D0F8FE
:105DE0002038044600F21A45D3B1D0F81C28C2F579
:105DF0008063012B05D82946FFF7CCF80023C4F8AF
:105E00001C38B4F82438D4F81C281B12AB54A91839
:105E1000B4F824384B70D4F81C380233C4F81C385A
:105E2000D4F81C2829462046FFF7B4F8002384F84C
:105E3000263838BDF8B50D46044620B90848EEF7B7
:105E400085FF2046F8BDD0E900674FF418620021B5
:105E5000F0F756F8C4E9006725720120F2E700BFA9
:105E60000CA9110838B505464FF41860F0F75EF933
:105E7000044620B90448EEF769FF204638BD29469C
:105E8000FFF7D8FFF9E700BF35A911082DE9F04168
:105E9000BDF818C0002500F62C0E4FF0180808FBBE
:105EA00005F4EEB25EF80470D7B90444C4F82C28A7
:105EB000C4F830380B7884F82838CB68C4F8383800
:105EC0000B69C4F83C38A4F834C8A4F836C890F874
:105ED0007C39B34202D8013680F87C69012006E0A3
:105EE00001350A2DDBD10348EEF730FF0020BDE875
:105EF000F08100BF5BA9110873B51E4690F82638E3
:105F000004460D462BB12C48EEF720FF002002B0CE
:105F100070BD012380F826384B7893B30978297037
:105F2000012384F81A3484F81B144CF2C100FFF7E3
:105F300045FE2989090A84F81C14FFF73FFE297AD7
:105F400084F81D14FFF73AFEA97884F81E14FFF7B1
:105F500035FE031284F81F34072384F82004C4F8A4
:105F60001C382B89C4F82038B2B1BDF81830009322
:105F7000294633462046FFF789FF68B984F826088A
:105F8000C5E7417A4B1C4372037A01F07F01002B75
:105F9000C5D041F08001C2E70023A4F824382A8943
:105FA0000AB16B6833B120466968FFF7D9FE204615
:105FB000FFF714FF0120AAE77AA9110838B500F607
:105FC0006814002354F8045BDAB265B903F25A236B
:105FD00040F8231090F87E39934202D8013280F8BD
:105FE0007E29012006E00133052BEBD10248EEF7B4
:105FF000ADFE002038BD00BF99A9110870B5838996
:10600000092B04460D4606D9837A23B100238372F7
:106010006448EEF79BFE0023A381A37A062B12D8D7
:10602000DFE803F0042553123A84A100012D0AD1C0
:106030004CF2C103A4F814340322002384F8193469
:10604000A272A4F8123470BDB4F814042946FFF704
:10605000B5FDB4F81234A4F8140401339BB2012B3B
:10606000A573A4F81234EED1A3720023E9E7B4F8C3
:1060700014042946FFF7A2FDB4F81234218AA4F8CB
:10608000140401339BB245EA0121022B2182A4F8BA
:106090001234D8D10423E7E7B4F814042946FFF7F3
:1060A0008DFDB4F81234A4F8140401339BB2012B13
:1060B00084F81854A4F81234C5D10223A372002323
:1060C000A4F81234A4F81634BDE7B4F81234B4F8C6
:1060D000161401339BB245EA0125ADB2022BA4F898
:1060E0001654A4F81234AED1B4F81434AB4203D031
:1060F0002D48EEF72BFE50E0258A25B92046FFF704
:1061000085FDA5729FE70523A372B5F5806F4FF05B
:106110000003A4F81234A4F8143494D9234829466F
:10612000EEF7D3FD012384F819348CE7B4F8122478
:1061300094F81934561CB6B24BB1A4F81264B4F8F2
:106140001224238A9A427FF47EAF0623B6E7B4F87E
:1061500014042946FFF732FD2244A4F81404A4F8DD
:1061600012649574EBE7B4F81234B4F816140133E2
:106170009BB245EA0125ADB2022BA4F81654A4F84F
:1061800012347FF460AF94F8193433B9B4F814348E
:10619000AB4205D12046FFF739FD0023A37252E739
:1061A0000348A6E7BDA91108D1A91108EDA9110856
:1061B0000BAA110870B506460C468D18AC4200D1EA
:1061C00070BD14F8011B3046FFF718FFF6E707B55E
:1061D000002300931A46FFF78FFE03B05DF804FB1F
:1061E000FFF70EBA70B50546EFF7C1FE0A2806D9CB
:1061F00012482946EEF769FD0024204670BD284666
:10620000FEF734FF044620B929460D48EEF75DFD40
:10621000F3E790F83730002BEFD190F835100122DA
:10622000FFF70EF810B907482946E3E794F8352040
:1062300005482946EEF749FDDFE700BF24AC110809
:1062400048AC110868AC110893AC110810B50446AD
:1062500020B90448EEF77AFD204610BD8163012085
:10626000FBE700BFB6AC110808B5054602F0010017
:106270000E46F1F7BFFE334600212A460446F5F7E5
:10628000B5FC636A01462046984708B50122FFF72E
:10629000EBFF000008B50248EEF758FD002008BDEE
:1062A000EEAC11084FEA410212F5001215D211D5D9
:1062B0006FF47873B3EB625212D94FEAC12343F003
:1062C000004343EA505311F0004F23FA02F018BF85
:1062D000404270474FF00000704750EA013005D14E
:1062E00011F0004008BF6FF0004070474FF0000011
:1062F000704700BF10B5084B1C68617C237C8B4243
:1063000002D92046FBF79AF8A069D4E925319847CD
:106310000020FCF7BBFA00BFF41700202DE9F74F6F
:106320009B46704B8246A0208846002A14BF9146A7
:106330009946EFF70BFF0546002800F0D18000F0EA
:10634000A1FA002803DA0C240023AB601DE028200A
:10635000EFF7FCFE07460028F5D099F80330012B33
:1063600008BF4371D9E90113A1B11A462846F1F7D4
:1063700083FC0646A0B100260C243846EFF7CEFE7B
:106380000023C5F89C30002EDED001212846EBF713
:106390003DFE8EE0012219462846F1F7D6FBE8E7DC
:1063A0002846EBF79FFB08B14442E6E799F8023034
:1063B000002B52D101A9FBF7A3F8002801DA4442CF
:1063C000DBE7304600F020FA0028F8DB464A019966
:1063D0005B462846EBF735FA044600287DD1AB69C9
:1063E000424A1F2105F17400EEF798FC0C9BC5F89A
:1063F00094A0C5F89830284600F04CFA0028BADB83
:10640000EB8BD5F80CA0C5F89C7023F0600307F166
:106410000C09EB832246C7F808A021464846EEF750
:10642000DDFBF0B180EAE076A6EBE076EBF732F840
:10643000FEB1EBF73FF8D5E90032002A4BD12C49E9
:106440000B6003B92A4B5A600023C5E90033484664
:10645000EBF708FE012605248FE799F80030019339
:10646000B4E7244B1B68197C2B7C8B4225D3EBF7BC
:1064700011F8AE6814363046FBF75CF9002820DBD3
:10648000AB6800223A605A6A1ABB1F625F62A86852
:106490001430FBF7E1F9002801DAEEF76FFB28462C
:1064A000EBF740FAB8F1000F01D0C8F800A0EBF705
:1064B00001F8204603B0BDE8F08F2846FAF7BEFF8A
:1064C000B0E7EEF75BFB0368042BD4D07D2BD2D072
:1064D000D6E71760DAE71360B3E7002610244CE72D
:1064E0000C24E6E710AD1108F562110809AD11089A
:1064F000D4170020F417002037B50E4B04460022B5
:1065000001A91D6803204FF0FF330193EBF7C2FD93
:10651000FBF742FA2146FAF7CDFE044610B10120FE
:10652000EFF74BFB024601462846FBF721FD2046CC
:10653000FDF7BEFCF417002008B5FBF78DF9002825
:1065400003DABDE80840EEF719BB08BD10B50446F4
:106550002046FBF7EFF8002806DAEEF70FFB03689A
:10656000042BF5D07D2BF3D010BD00002DE9F041B8
:106570002B4B1B680746D3F808800E46FBF70CFA36
:10658000B8424AD008F114052846FFF7DFFF394624
:106590004046FAF7E0FE044660B93846ECF752F997
:1065A000002828460CBF03241624FFF7C5FF204609
:1065B000BDE8F081437923B12846FFF7BDFF1624DB
:1065C000F5E7EAF767FF237901332371A37993B1E4
:1065D0000EB1636A3360EAF76DFF2379013BDBB2EA
:1065E00023711BB921464046FAF740FE2846FFF7C3
:1065F000A3FF0024DBE72846FFF79EFF04F10C0011
:10660000FBF790F80EB1636A336004F11800FBF7F2
:1066100086FB2846FFF79AFFDDE72324C7E700BF84
:10662000F417002010B5044678B111B1097801F0D3
:1066300001014FF0FF3323610122201DEEF7CEFA56
:10664000002001232060237510BD1620FCE770B5E3
:10665000054630B3EAF71EFF286900281DDBECF77A
:10666000F1F820B11024EAF725FF204670BD4FF065
:10667000FF332E1D2B6101213046FBF700F9041E6C
:1066800001DA6442EFE72B690133EBD13046EBF7D7
:10669000E9FC002803DB0024E5E7281DF7E7444276
:1066A000E1E71624E1E738B50446B8B1EAF7F2FEAF
:1066B000A3881BB2002B04DD0124EAF7FBFE204671
:1066C00038BD2569FBF768F98542F5D14FF0FF33F6
:1066D0002361204600F074F80446EEE71624EEE746
:1066E000F8B50D46064630B329B30C69FBF754F9EB
:1066F000844222D1EAF7CEFE4FF0FF332B612846C9
:106700002F7D00F05DF8002104463046FBF7FEFACD
:10671000002C08BF0446EAF7CDFE0021284600F011
:1067200031F8002C08BF044618B9FBF735F92F756E
:1067300028612046F8BD1624FBE70124F9E713B5CC
:10674000044610B9162002B010BD01A9EEF760FA98
:106750000028F7D1019B002BF5DA2046FBF7DFFA82
:10676000F1E70000064B1B68EFF3108272B6596E1A
:106770000160586612F0010F00D162B6704700BF89
:10678000F417002038B50D460446B8B1EAF782FE8A
:10679000237D9A0704D58225EAF78CFE284638BD6A
:1067A0002946201DFBF7B2FA05460028F4D1237DC7
:1067B0009B07F0D42046FFF7D5FFEDE71625EDE760
:1067C00010B4D8B10F4B1968EFF3108472B64B6E4A
:1067D00000220BB198420CD103686AB94B660023C2
:1067E00040F8043B14F0010F00D162B610BCFBF777
:1067F00096BA1A461B68ECE71360F0E7162010BC47
:10680000704700BFF417002008B538B9064B186868
:1068100038B1C08BC0F34110013008BDECF712F85D
:10682000F6E76FF00200F8E7F417002010B5FFF765
:10683000EBFF041E05DAEEF7A1F9644204604FF0A5
:10684000FF34204610BD000038B50D4C25680121ED
:106850002846FBF771FA2468238C01332384022332
:1068600023772846042100F03BF8E8680121FBF774
:1068700021FC03232377238C013B238438BD00BFF5
:10688000F4170020024B1B689B6883600020704750
:10689000F417002070B5D0E90246A57B637BAB42BC
:1068A00011D30435FF2D28BFFF252069A900EFF77C
:1068B00045FC88B1EFF3108372B62061A57313F025
:1068C000010F00D162B6627B236943F82260637BCB
:1068D00001336373002070BD6FF00B00FBE7000015
:1068E0000C4A017702EBC10352F831101B791A07E9
:1068F00044BF026C891813F0010301D0EBF738BBD9
:1069000003604B6843600A6812B9086048607047CA
:106910001860FBE77C7111088269937901339371E8
:106920000020704761B1836901220A80DA7902F0A0
:1069300001028A701A684A609B880B8100207047A8
:106940006FF01500704740F20153994205D122B112
:1069500083699B681360002070476FF018007047D0
:1069600010B58469E37943F00403E371A3792BB98B
:10697000A068EFF7D3FB2046EFF7D0FB002010BD57
:1069800038B51C4683691546DA79D2070FD51A68DF
:10699000AA420FD9281982420CD398889B6800FB21
:1069A00004F200FB0530EFF79DFA204638BD6FF08A
:1069B0000C00FBE76FF01A00F8E770B506461C46BE
:1069C000B36915461A68AA4208460CD929198A42A1
:1069D00009D399889B6801FB04F201FB0531EFF7AD
:1069E00081FA204670BD6FF01500FBE710B5846991
:1069F000A379013BDBB2A37143B9E3795B0705D50A
:106A0000A068EFF78BFB2046EFF788FB002010BD56
:106A1000FF282DE9FF4104460E4690461F4625D823
:106A200021B31AB313B30C20EFF790FB054600B364
:106A30009DF82830104AC0F8008003F00303C371AA
:106A400087802346866010216846EEF767F90B4978
:106A50002B460022684600F0FCF8041E02DA2846A5
:106A6000EFF75CFB204604B0BDE8F0816FF0150441
:106A7000F8E76FF00B04F5E71CAD110828AD11081D
:106A80002DE9F341074601FB02F00C4616469846F5
:106A9000EFF74CFB054680B122460146CDF8008059
:106AA00033463846FFF7B4FF041E02DA2846EFF7F4
:106AB00035FB204602B0BDE8F0816FF00B04F8E72B
:106AC00038B50A4B0A4D1B6804463BB9FAF76EFD10
:106AD00020B9286840B103681B6803E0286818B132
:106AE00003685B6821469847204638BD7015002032
:106AF0005003002020B1FF2902D981600020704797
:106B00001620704770B50E460546A0B1002211460A
:106B1000EEF76BF8044620B1EEF730F80468204633
:106B200070BD01462846EEF794F816B133782B7302
:106B3000F5E72346FBE71624F1E737B50023019379
:106B40000546A0B101A9EEF76DF8041E03DA644210
:106B5000204603B030BD019B002B0ADB2846EBF733
:106B600088FA0028F4D0EEF709F80468F0E7162454
:106B7000EEE71024ECE71346027B00F0AEB80021EC
:106B800000F088B80368002003B970471B68013023
:106B9000FAE710B50446FAF71BFC00F18001204625
:106BA000BDE81040EFF78CBA13B5044638B9EDF7DD
:106BB000E5FF162303604FF0FF3002B010BD6946B9
:106BC0000020FAF77BFA0028F7D1009B23604FF4EE
:106BD0007A72019B93FBF2F36360EEE782B00022CE
:106BE00044F24C11B0F57A7F09D80022642811D8FC
:106BF00000220A2819D8002208BB02B0704701926F
:106C0000019B8B4202DDA0F57A70EBE7019B01331B
:106C10000193F5E70192019BB3F5D16F01DB643875
:106C2000E4E7019B01330193F5E70192019BA62B59
:106C300001DD0A38DDE7019B01330193F6E701929C
:106C4000019B102B01DD0138D6E7019B0133019335
:106C5000F6E72DE9F34107460E4690461D46F5F747
:106C6000C9FE041E12DB01AA41463846F5F73EFF75
:106C7000041E09DB019BDA891E6122F00F0242F03B
:106C80000202DA819D610024F5F7D6FE204602B0AB
:106C9000BDE8F08170B504460D46FAF77DFE064664
:106CA000CCB1EAF7F7FB206900280BDDEBF7CAFD52
:106CB00040B9237D43F0020323758225EAF7FAFBEE
:106CC000284670BD29462046FFF75CFD0546002892
:106CD000F4D12661F2E71625F2E72DE9F84F0646D2
:106CE0000D4693469A46FAF757FE0746002E39D0CE
:106CF000002D37D02B69834236D1BAF1000F05D170
:106D000029463046BDE8F84FFFF7EABCEAF7C2FB78
:106D1000EFF3108972B64FF0FF332B61284695F8D8
:106D20001480FFF74DFD044638B9524659463046A7
:106D3000FBF76EF80028B8BF444219F0010F00D1EC
:106D400062B600212846FFF71DFD38B92F6185F88E
:106D50001480EAF7AFFB2046BDE8F88F002C08BF8F
:106D60000446F6E71624F6E70124F4E71032002083
:106D7000000002400004024000080240000C0240F3
:106D8000001002400014024000180240001C0240A3
:106D9000002002402F6465762F636F6E736F6C6501
:106DA000002F6465762F7474795330002F646576F4
:106DB0002F747479537800446576696365204E6159
:106DC0006D653A2025730A0048010020EC0100207F
:106DD00000000000000000000000002090020020E1
:106DE000A400002000000000A108100855081008A9
:106DF000310710081307100851061008570610082D
:106E000073061008A1061008F7061008AF06100850
:106E1000E9061008E9061008636869702F73746D3D
:106E200033325F6972712E630061726D76372D6D3A
:106E30002F61726D5F6275736661756C742E63008D
:106E400061726D76372D6D2F61726D5F686172644E
:106E50006661756C742E630061726D76372D6D2FCF
:106E600061726D5F6D656D6661756C742E63006136
:106E7000726D76372D6D2F61726D5F757361676509
:106E80006661756C742E630073746D3332206272A8
:106E9000696E6775700070726F636673002F707231
:106EA0006F63006661696C656420746F206D6F7537
:106EB0006E742070726F6366732061742025732076
:106EC00025640A004661696C656420746F20696EF0
:106ED000697469616C697A65204750494F20447232
:106EE000697665723A2025640A00204750494F733D
:106EF000206861766520696E697469616C697A657C
:106F0000640A0073746D33325F6770696F5F696E16
:106F1000697469616C697A6520646F6E65200045EB
:106F200052524F523A2049434D34323638385F6915
:106F30006E697469616C697A652829206661696C7B
:106F400065643A2025640A004552524F523A207334
:106F5000746D33325F63616E5F7365747570206644
:106F600061696C65643A2025640A004552524F52AB
:106F70003A2073746D33325F6164635F7365747557
:106F800070206661696C65643A2025640A0041449A
:106F90004320206861766520696E697469616C6957
:106FA0007A65640A004552524F523A2073746D3329
:106FB000325F70776D5F7365747570206661696CA0
:106FC00065643A2025640A0050574D202068617698
:106FD0006520696E697469616C697A6564202D2D1C
:106FE0006E757474782F626F617264732F61726D45
:106FF0002F73746D33322F71636F6D663432372F98
:107000007372632F73746D33325F6272696E67756A
:10701000702E630A000000000D0804000F09040030
:107020001909040046090400450904004B0904003D
:1070300049090400ED0E10080000000000000000E7
:107040000000000000000000D10E1008B90E10086A
:107050000000000000000000000000002F646576C2
:107060002F63616E30002F6465762F63616E31008F
:107070004552524F523A204661696C656420746FE4
:10708000206765742041444320696E7465726661AF
:1070900063650A002F6465762F6164635F706F77A4
:1070A0006572004552524F523A204661696C6564E0
:1070B00020746F20676574204144433120696E74E9
:1070C0006572666163650A000A4552524F523A2062
:1070D00049434D34323638385F696E697469616C82
:1070E000697A6528292073706920696E6974206641
:1070F00061696C65640A002F6465762F69636D00B1
:107100002F6465762F70776D310050574D312069AF
:107110006E697469616C697A65640A002F646576CA
:107120002F70776D320050574D3220696E69746947
:10713000616C697A65640A002F6465762F70776DDB
:10714000330050574D3320696E697469616C697AF8
:1071500065640A002F6465762F70776D3400505790
:107160004D3420696E697469616C697A65640A00DE
:1071700049646C65205461736B00000000000000DE
:1071800000000000E817002001000000F4170020B4
:1071900005000000F417002005000000D4170020AF
:1071A000000000000400000009000000001800209A
:1071B00000000000000000000900000008000000BE
:1071C000090000006E73685F6D61696E002F0041F9
:1071D00070704272696E675570006972712F6972C2
:1071E000715F756E65787065637465646973722E1E
:1071F000630025733A20417373657274696F6E2062
:107200006661696C65642061742066696C653A2505
:1072100073206C696E653A202564207461736B3A43
:107220002025730A005F617373657274003C6E6F92
:107230006E616D653E0025733D257300B12D10080C
:107240005D2B1008112E1008732E1008312C100819
:107250000000000000000000672B1008C72B10087A
:10726000000000000C101418203000008D321008AF
:1072700039331008792F1008A131100800000000E0
:107280006D301008DD331008000000002F646576B3
:107290002F6E756C6C000000000000000000000004
:1072A000C1361008C53610080000000000000000BC
:1072B000C9361008000000002F6465762F7A6572C9
:1072C0006F000000000000000000000015371008EB
:1072D000F93610080000000000000000FD3610081C
:1072E00000000000696D75207265676973746572CE
:1072F0003A2025752025730A0073656C662D746528
:1073000073740077696C6C20696E766F6B6520739F
:10731000656C662D74657374200A00307800496EC0
:1073200076616C6964207265676973746572206147
:1073300064647265737320746F6F206C6F6E670A7C
:1073400000496E76616C6964207265676973746563
:10735000722068657820616464726573730A0069DD
:107360006D755F72656769737465723A202523587D
:10737000202D2D202523580A0020676F7420726964
:107380006768742069636D34323638380A0069637F
:107390006D343236383820726567697374657220CF
:1073A000646F6E652E0A0000533910086D3910089D
:1073B00071391008C9371008C537100800000000DF
:1073C0000000000000000000393F1008C54210080E
:1073D000353E1008493D1008000000004F411008DC
:1073E000B73F100800000000AD441008EF4410083B
:1073F000714410089544100800000000234510084F
:1074000000000000000000002F6465762F6770699F
:107410006F25750000000000000000003D461008C8
:107420006B461008A9461008C94610080000000065
:10743000000000004D4810084D48100800000000F2
:107440003D481008000000000D0A0000FD4A100829
:10745000694810086D481008354A10080549100899
:10746000696E66006E616E00286E756C6C29000096
:107470000080E03779C3314300003426F56BFC42CD
:107480000000901EC4BCC642000040E59C30924201
:10749000000000A2941A5D42000000E876482742EE
:1074A000000000205FA0F2410000000065CDBD415A
:1074B0000000000084D7874100000000D012534133
:1074C0000000000080841E4100000000006AE840C7
:1074D000000000000088B3400000000000407F4032
:1074E00000000000000049400000000000001440BF
:1074F0009A9999999999B93F7B14AE47E17A843F5B
:107500002D431CEBE2361A3F3A8C30E28E79453E31
:10751000BC89D897B2D29C3C33A7A8D523F6493969
:107520003DA7F444FD0FA5329D978CCF08BA5B258B
:10753000436FAC642806C80A000000000000244025
:107540000000000000005940000000000088C34017
:107550000000000084D797410080E03779C34143A1
:10756000176E05B5B5B89346F5F93FE9034F384DA9
:10757000321D30F94877825A3CBF737FDD4F157555
:1075800000001F003B005A0078009700B500D400AF
:10759000F300110130014E016D01556D656D000064
:1075A00001020300030201000300000091671008BC
:1075B000A103110883661008C96710084168100804
:1075C000B10311081D671008436710080000000090
:1075D0004D691008C56A1008F96B10085D6A10083B
:1075E0001D6A1008F16C1008600400209C04002043
:1075F000CC0400200000000000000000000000009B
:10760000F004002000000000000000000000000066
:107610003004002055711008D97010087D6F1008D3
:1076200091701008576E100885731008797910084A
:1076300039771008C9731008E1731008CD75100868
:10764000F3731008F9731008E57410082575100815
:107650004552524F523A206E73685F636F6E736F7C
:107660006C656D61696E28292072657475726E652E
:10767000643A2025640A00666F70656E0066746562
:107680006C6C006C6F6F70002F6574632F696E698E
:10769000742E642F72632E737973696E6974002F70
:1076A0006574632F696E69742E642F726353007E54
:1076B000002E2E006368646972006E6545002F70AD
:1076C000726F632F73656C662F67726F75702F65AD
:1076D0006E76006E73685F736574766172006578AC
:1076E000006E73685F756E73657476617200756E97
:1076F000736574656E76002F004F4C4450574400FC
:10770000505744006E73683A2025733A20436F75D2
:107710006C64206E6F74206F70656E202573202856
:1077200069732070726F636673206D6F756E746518
:10773000643F290A006D616C6C6F63007772697435
:1077400065006F70656E6469720025732F25730084
:10775000726F6D6673002F657463002F6465762FFA
:1077600072616D30000000002D726F6D3166732DF7
:10777000000001109921794B4E5348496E697456A7
:107780006F6C0000000000000000004900000020B5
:1077900000000000D1FFFF972E0000000000000055
:1077A0000000000000000000000000600000002059
:1077B00000000000D1D1FF802E2E0000000000004C
:1077C0000000000000000000000000090000008030
:1077D00000000000682D9603696E69742E64000035
:1077E0000000000000000000000000A00000006099
:1077F00000000000D1FFFF002E000000000000008C
:107800000000000000000000000000C00000002098
:1078100000000000D1D1FF202E2E0000000000004B
:107820000000000000000000000000EA000000006E
:1078300000000000AAB5673572632E737973696E14
:1078400069740000000000000000000A0000000051
:10785000000000088D9CACEE726353000000000035
:1078600000000000000000006B65796270776D0A0F
:107870000000000000000000000000000000000008
:1078800000000000000000000000000000000000F8
:1078900000000000000000000000000000000000E8
:1078A00000000000000000000000000000000000D8
:1078B00000000000000000000000000000000000C8
:1078C00000000000000000000000000000000000B8
:1078D00000000000000000000000000000000000A8
:1078E0000000000000000000000000000000000098
:1078F0000000000000000000000000000000000088
:107900000000000000000000000000000000000077
:107910000000000000000000000000000000000067
:107920000000000000000000000000000000000057
:107930000000000000000000000000000000000047
:107940000000000000000000000000000000000037
:107950000000000000000000000000000000000027
:107960000000000000000000000000000000000017
:107970000000000000000000000000000000000007
:1079800000000000000000000000000000000000F7
:1079900000000000000000000000000000000000E7
:1079A00000000000000000000000000000000000D7
:1079B00000000000000000000000000000000000C7
:1079C00000000000000000000000000000000000B7
:1079D00000000000000000000000000000000000A7
:1079E0000000000000000000000000000000000097
:1079F0000000000000000000000000000000000087
:107A00000000000000000000000000000000000076
:107A10000000000000000000000000000000000066
:107A20000000000000000000000000000000000056
:107A30000000000000000000000000000000000046
:107A40000000000000000000000000000000000036
:107A50000000000000000000000000000000000026
:107A60000000000000000000000000000000000016
:107A70000000000000000000000000000000000006
:107A800000000000000000000000000000000000F6
:107A900000000000000000000000000000000000E6
:107AA00000000000000000000000000000000000D6
:107AB00000000000000000000000000000000000C6
:107AC00000000000000000000000000000000000B6
:107AD00000000000000000000000000000000000A6
:107AE0000000000000000000000000000000000096
:107AF0000000000000000000000000000000000086
:107B00000000000000000000000000000000000075
:107B10000000000000000000000000000000000065
:107B20000000000000000000000000000000000055
:107B30000000000000000000000000000000000045
:107B40000000000000000000000000000000000035
:107B50000000000000000000000000000000000025
:107B60000000000000000000240073636865645F8B
:107B70006765747061726D00707468726561645FCE
:107B8000637265617465002573205B25643A256422
:107B90005D0A002F746D700025732F544D502564BD
:107BA0002E646174006060006578656300737461C1
:107BB0007400756E6C696E6B007D00247B00202064
:107BC00025733D25730A007768696C6500756E74CE
:107BD000696C00646F00667365656B0069660074AC
:107BE00068656E00656C7365006669006E69636543
:107BF000002D640026006024003F0031006E736891
:107C00003A2025733A20617267756D656E7420693C
:107C10006E76616C69640A006E73683A2025733A67
:107C20002076616C7565206F7574206F66207261B7
:107C30006E67650A006E73683A2025733A206D6995
:107C40007373696E6720726571756972656420610E
:107C50007267756D656E742873290A006E73683AD1
:107C60002025733A202573206661696C65643A208B
:107C700025640A006E73683A2025733A20636F6D9D
:107C80006D616E64206E6F7420666F756E640A009D
:107C90006E73683A2025733A206F7574206F6620E2
:107CA0006D656D6F72790A006E73683A2025733ABC
:107CB000206E6F742076616C696420696E20746830
:107CC000697320636F6E746578740A006E73683A26
:107CD0002025733A206E657374696E6720746F6F28
:107CE00020646565700A006E73683A2025733A2037
:107CF000496E7465726E616C206572726F720A00F3
:107D00006E73683A2025733A206E6F206D6174633C
:107D100068696E672025730A006E73683A202573C0
:107D20003A206E6F20737563682025733A2025739F
:107D30000A006E73683A2025733A20496E746572A2
:107D4000727570746564206279207369676E616C06
:107D50000A006E73683A2025733A2073796E746155
:107D600078206572726F720A006E73683A2025730C
:107D70003A20746F6F206D616E7920617267756D46
:107D8000656E74730A0022233B0A000A4E757474F0
:107D90005368656C6C20284E5348290A0071636F44
:107DA0006D663432373E2000003E003E3E0030001B
:107DB00020090A00202025732025730A0020202591
:107DC000730A0025732075736167653A002D76008C
:107DD0004E534820636F6D6D616E6420666F726DE7
:107DE000733A0A0020205B6E696365205B2D642076
:107DF0003C6E6963656E6573733E3E5D5D203C63FA
:107E00006D643E205B3E203C66696C653E7C3E3E78
:107E1000203C66696C653E5D205B265D0A0A004F6A
:107E2000520A0020206966203C636D643E0A0020EF
:107E3000207468656E0A00202020205B73657175D0
:107E4000656E6365206F66203C636D643E5D0A006D
:107E50002020656C73650A00202066690A0A0020EC
:107E6000207768696C65203C636D643E0A002020C1
:107E7000646F0A002020646F6E650A0A0020207576
:107E80006E74696C203C636D643E0A0057686572CD
:107E900065203C636D643E206973206F6E65206FC2
:107EA000663A0A0068656C70000A4275696C74690C
:107EB0006E20417070733A0A003C7363726970748B
:107EC0002D706174683E005B003C6578707265736C
:107ED00073696F6E3E205D003F00626173656E6185
:107EE0006D65003C706174683E205B3C737566662E
:107EF00069783E5D00627265616B00636174003C8D
:107F0000706174683E205B3C706174683E205B3C2D
:107F1000706174683E202E2E2E5D5D006364005BF0
:107F20003C6469722D706174683E7C2D7C7E7C2E71
:107F30002E5D006370003C736F757263652D706118
:107F400074683E203C646573742D706174683E00F3
:107F5000636D70003C70617468313E203C706174E8
:107F600068323E006469726E616D65006464006928
:107F7000663D3C696E66696C653E206F663D3C6F90
:107F8000757466696C653E205B62733D3C73656326
:107F90007473697A653E5D205B636F756E743D3CFA
:107FA000736563746F72733E5D205B736B69703DC4
:107FB0003C736563746F72733E5D205B76657269B6
:107FC00066795D006466005B2D685D00646D6573B5
:107FD00067006563686F005B2D6E5D205B3C7374AA
:107FE00072696E677C246E616D653E205B3C7374C4
:107FF00072696E677C246E616D653E2E2E2E5D5D0E
:10800000003C6865782D616464726573733E006539
:10801000786974006578706F7274005B3C6E616D96
:10802000653E205B3C76616C75653E5D5D0066611A
:108030006C7365005B2D765D205B3C636D643E5D1B
:108040000068657864756D70003C66696C65206FCA
:1080500072206465766963653E205B736B69703D71
:108060003C62797465733E5D205B636F756E743D31
:108070003C62797465733E5D006B696C6C005B2DCE
:108080003C7369676E616C3E5D203C7069643E00C4
:108090006C73005B2D6C52735D203C6469722D70B3
:1080A0006174683E006D6B646972005B2D705D20C9
:1080B0003C706174683E006D6B7264005B2D6D20D6
:1080C0003C6D696E6F723E5D205B2D73203C736565
:1080D00063746F722D73697A653E5D203C6E7365C3
:1080E00063746F72733E005B2D74203C6673747909
:1080F00070653E205B2D6F203C6F7074696F6E73EE
:108100003E5D205B3C626C6F636B2D6465766963DA
:10811000653E5D203C6D6F756E742D706F696E7479
:108120003E5D006D76003C6F6C642D706174683E3E
:10813000203C6E65772D706174683E005B5C784E04
:108140004E5D205B5C6E5C725C745D205B3C7374A6
:1081500072696E677C246E616D653E205B3C737452
:1081600072696E677C246E616D653E2E2E2E5D5D9C
:1081700000707300707764005B2D725D203C66694F
:108180006C652D706174683E00726D646972005B8D
:108190007B2B7C2D7D7B657C787C78657C65787D10
:1081A0005D205B3C6E616D653E203C76616C756563
:1081B0003E5D003C7365633E00736F7572636500DE
:1081C0003C65787072657373696F6E3E00223C6324
:1081D0006F6D6D616E643E220074727565002D7363
:1081E000203C6C656E6774683E203C66696C652D4A
:1081F000706174683E00756E616D65005B2D612075
:108200007C202D696D6F707273765D00756D6F7572
:108210006E7400756E736574003C6E616D653E0032
:10822000757074696D65005B2D7370685D007573A2
:108230006C656570003C757365633E007864003C56
:108240006865782D616464726573733E203C627961
:1082500074652D636F756E743E000000B276110870
:1082600041A9100802020000B97E1108C77E11085A
:1082700059C3100804070000C97E1108D87E1108F0
:108280001D9C10080101000000000000DA7E1108AA
:108290000DA2100802030000E37E1108F57E11080C
:1082A0005D9B10080101000000000000FB7E11082A
:1082B00071A2100802070000FF7E11081C7F110840
:1082C00059821008010200001F7F1108337F110836
:1082D000D9A2100803030000367F1108507F11084F
:1082E00049A9100803030000547F1108647F110896
:1082F00055A2100802020000B08011086C7F11081E
:1083000015AC1008030700006F7F1108C47F110827
:1083100059BD100801020000C77F1108CC7F110869
:10832000C9A210080101000000000000D27F11085E
:108330002583100801070000D77F1108CF761108A8
:10834000DD8410080101000000000000A87B110876
:1083500009B3100802030000018011080F80110802
:10836000A79B100801010000000000001480110804
:10837000C5861008020300001B8011082E8011081A
:10838000A19B100801010000000000008D91110860
:1083900039B710080101000000000000A47E110898
:1083A0001D9C100801030000348011084180110851
:1083B00071BA100802040000498011087980110880
:1083C00005B41008020300007E8011089080110897
:1083D000B1A410080105000093801108A5801108C0
:1083E00021A6100802030000AB801108B780110815
:1083F000E5A6100802060000BC8011080B891108D0
:108400008DBD100801070000E780110823811108C5
:10841000EDA7100803030000268111081986110832
:1084200049BF1008010700003C8111087181110843
:1084300051B3100801010000000000007481110810
:10844000ED8410080101000000000000757B110898
:1084500071A81008020300007881110889811108B1
:10846000F1A81008020200009A8011081582110874
:1084700009851008010400008F8111082F8211085E
:10848000ADB4100802020000B3811108B9811108CF
:1084900041A9100802020000B97E1108FE721108FD
:1084A00051C3100803070000C0811108228211087F
:1084B00049B7100802020000CD811108D9811108C6
:1084C0009D9B10080101000000000000AC85110810
:1084D00081AA100804040000DE811108F681110849
:1084E000FDB7100801070000FC8111080C8211087B
:1084F000F9BE1008020200009A80110813821108C8
:1085000061861008020200001982110820821108F9
:1085100025B5100801020000278211082E821108DB
:10852000E9B4100802020000358211083C821108EB
:1085300019BA1008030300003F8211080000000070
:1085400000000000010100000000000025386C64FC
:10855000002F0A002D2D2D2D2D2D2D2D2D2D0025FB
:10856000733A0A006C5273003A6D3A733A00626FC4
:1085700061726463746C28424F415244494F435FB7
:108580004D4B5244290072656E616D65002D72007D
:1085900066696C6573206469666665723A20627903
:1085A000746520256C750A002D7300667472756EF3
:1085B000636174650069663D006F663D0062733DEE
:1085C00000636F756E743D00736B69703D006C7372
:1085D00065656B00696E66696C6520736563746FB1
:1085E000722025640025303278000A6F7574666940
:1085F0006C6520736563746F722025640064645F2A
:108600007665726966790064640025732F25732F7F
:108610007374617475730061737072696E7466004F
:10862000253573200025337320252D387320252D03
:1086300037732025337320252D387320252D39736A
:108640002000252D3873200025732F25732F737478
:1086500061636B002530366C75200025732F257300
:108660002F636D646C696E650043616C6C696E6745
:108670002025700A005049440047524F5550005081
:108680004F4C49435900505249004556454E5400FD
:108690005354415445004E505800545950450053CE
:1086A00049474D41534B00535441434B00253673CA
:1086B0002000434F4D4D414E44007461736B0025C3
:1086C0003032753A253032753A2530327520002D1A
:1086D0007000253034752D253032752D25303275DA
:1086E00020253032753A253032753A253032750AF8
:1086F000002D6800757074696D653A20696E766149
:108700006C6964206F7074696F6E202D2D20257345
:108710000A0055736167653A0A00757074696D6582
:10872000205B6F7074696F6E735D0A004F707469BF
:108730006F6E733A0A002D702C2073686F77207566
:108740007074696D6520696E20707265747479202B
:10875000666F726D61740A002D682C2064697370F5
:108760006C617920746869732068656C7020616E33
:108770006420657869740A002D732C2073797374F2
:10878000656D2075702073696E63650A00757020D1
:1087900000256C752064617925732C2000256C758B
:1087A00020686F757225732C2000256C75206D690B
:1087B0006E75746525730025326C753A2530326C00
:1087C00075002C206C6F616420617665726167654D
:1087D0003A20256C752E2530326C752C20256C7551
:1087E0002E2530326C752C20256C752E2530326C80
:1087F0007500466C6167733A0047726F75703A0096
:108800005072696F726974793A0053636865647570
:108810006C65723A005369674D61736B3A0053742B
:1088200061636B53697A653A0053746174653A0009
:10883000547970653A002F70726F632F6D656D69A2
:108840006E666F00636C6F636B5F67657474696DF0
:1088500065000A256C752E2530346C7520736563B0
:108860000A0071636F6D663432370061736F6E7228
:10887000766D706900756E6B6E6F776E00253034A3
:10888000783A2000253032782000202020004865EA
:10889000782064756D700025732061742025303850
:1088A0006A780055736167653A202573205B3C73D5
:1088B00063726970742D706174683E7C2D63203C16
:1088C000636F6D6D616E643E5D0A002D63007265BD
:1088D00061646C696E65006E73685F73657373695C
:1088E0006F6E002F70726F632F66732F75736167E1
:1088F00065002F70726F632F66732F626C6F636BEE
:1089000073002F70726F632F66732F6D6F756E74A7
:10891000003A6F3A743A00256325632563256300A6
:108920000D0009002D6E002D7A002D62002D6500CE
:108930002D66002D77003D3D00213D002D65710025
:108940002D6765002D6774002D6C65002D6C74001B
:108950002D6E65002D61002D6F001B5B4B0000002C
:10896000B1D810084DD710088BD6100800000000B1
:1089700093D710086FD61008000000000000000018
:1089800050771108A08911080000000000000000C5
:10899000966E1108D08A1108000000000000000047
:1089A000E7DD1008E1E01008ABDE10080000000071
:1089B00025E110087BDD1008000000008DDF1008A5
:1089C00081E11008000000000000000067E01008CE
:1089D0006FDD1008F9DF1008C3E110081FE310086D
:1089E000A3E21008EFE11008000000000000000002
:1089F00000000000000000003DE210080000000040
:108A00002D726F6D3166732D005B302D395D2A2F0D
:108A10002A2A005B302D395D2A006D656D64756D05
:108A200070006D656D706F6F6C0073656C660073C0
:108A3000656C662F2A2A0076657273696F6E000076
:108A4000098A1108F08D110800000000138A11082E
:108A5000F08D1108020000003C881108188F1108E1
:108A6000010000001A8A1108F08E110801000000B0
:108A7000228A1108B891110801000000F888110835
:108A80005C90110801000000088911085C90110831
:108A900001000000E98811085C9011080100000045
:108AA0002A8A1108F08D1108020000002F8A11088F
:108AB000F08D11080000000020821108208E11089E
:108AC00001000000378A1108548F110801000000CE
:108AD000A5EA100891EC10081BEA100825EA100816
:108AE0000000000035EA1008000000003BEA100812
:108AF0007DEA1008000000000000000035ED1008BD
:108B000085EC100811EB100845EA100841EE10083A
:108B100059EA10085DEA100800000000000000009B
:108B20000000000000000000A1EC100800000000A0
:108B30004E616D653A00252D313273252E31387323
:108B40000A00547970653A00252D31327325730A75
:108B50000047726F75703A00252D31327325640A13
:108B60000053746174653A00466C6167733A00257E
:108B70002D3132732563256325630A005072696FB6
:108B8000726974793A005363686564756C65723A0A
:108B9000005369674D61736B3A00252D313273259F
:108BA00030386C780A00537461636B416C6C6F638E
:108BB0003A00252D31327325700A00537461636BBE
:108BC000426173653A00537461636B53697A653A25
:108BD00000252D313273256C640A004D61696E20C9
:108BE0007461736B3A00506172656E743A00252DA2
:108BF0003132733078253032780A004D656D626508
:108C000072733A004D656D626572204944733A0093
:108C10004644000A252D337320252D387320252D39
:108C200038732025730A0050415448004F464C4188
:108C3000475300504F53002533642025386C64207F
:108C4000253878005461736B0070746872656164D4
:108C5000004B74687265616400496E76616C69648A
:108C60000057616974696E672C556E6C6F636B0099
:108C700052656164790052756E6E696E6700496E67
:108C80006163746976650057616974696E672C5316
:108C9000656D6170686F72650057616974696E67B0
:108CA0002C5369676E616C0057616974696E672C3B
:108CB0004D5120656D7074790057616974696E67F4
:108CC0002C4D512066756C6C0067726F75702F6645
:108CD000640067726F75702F7374617475730067C9
:108CE000726F75700053434845445F4649464F00D4
:108CF00053434845445F52520053434845445F53F1
:108D0000504F52414449430053434845445F4F54F8
:108D1000484552006186110861861108020800006A
:108D2000DF8C1108DF8C110804040000C9761108DB
:108D3000CF76110807080000C98C1108CF8C1108E4
:108D400006080000508D1108388D11082C8D11086F
:108D5000D28C1108D88C110805080000D48D110898
:108D6000148D1108A48D1108208D11082389110874
:108D70002389110800040000D48D1108148D1108F6
:108D8000A48D1108208D1108508D1108388D1108FF
:108D90002C8D1108E58C1108F08C1108F98C110844
:108DA000088D11084E8611084E8611080308000030
:108DB000598C1108618C1108708C1108768C11087F
:108DC0007E8C1108878C1108998C1108A88C1108C9
:108DD000B98C1108D88C1108D88C11080108000032
:108DE000448C1108498C1108518C1108598C1108B8
:108DF000C5F01008F3EF1008F5F11008A5EE100803
:108E00004DF1100805F01008E9EF100895EF100873
:108E10009DEE10080DEF10082531302E32660A0045
:108E200029F9100819F91008B5F810080000000019
:108E300081F81008000000000000000000000000A1
:108E40000000000069F8100875736167653A203CFE
:108E5000757365642F667265653E0A007573656497
:108E60003A2064756D7020616C6C20616C6C6F636E
:108E700061746564206E6F64650A667265653A2088
:108E800064756D7020616C6C2066726565206E6F14
:108E900064650A002531337325313173253131730F
:108EA00025313173253131732537732537730A0026
:108EB0006E66726565006E75736564006C617267DD
:108EC00065737400746F74616C00253132733A25D8
:108ED00031316C752531316C752531316C75253129
:108EE000316C7525376C7525376C750A00000000EC
:108EF000DDFA1008CDFA10088DF91008F5FA1008FF
:108F000067F91008000000000000000000000000E9
:108F1000000000004FF91008DDFA1008CDFA100823
:108F2000F1F910080000000067F9100800000000C7
:108F30000000000000000000000000004FF91008D1
:108F400025732076657273696F6E202573202573F3
:108F50000A000000E1FB1008D1FB100871FB1008AB
:108F6000000000004DFB10080000000000000000A1
:108F7000000000000000000035FB100820204669BA
:108F80006C6573797374656D2020202053697A6550
:108F900020202020202055736564202041766169BF
:108FA0006C61626C65204D6F756E746564206F6EC8
:108FB0000A002020252D31307320256C7525632073
:108FC00025386C752563202025386C752563202590
:108FD000730A002020426C6F636B202020204E75A6
:108FE0006D6265720A00202053697A652020202076
:108FF00020426C6F636B732020202020202055734B
:109000006564202020417661696C61626C65204D49
:109010006F756E746564206F6E0A0025367A752050
:109020002531306C75202531306C7520202531308C
:109030006C752025730A00202025732074797065D3
:109040002025730A0000000005011108B100110875
:10905000EDFF1008424B4D4754000000410111083C
:10906000310111085DFF10080000000039FF1008F1
:1090700000000000000000000000000000000000F0
:1090800021FF1008556E7265636F676E697A6564BB
:10909000006E787461736B5F737061776E5F70726E
:1090A0006F7879005B25356A642E2530366C645DF7
:1090B00020004E7574745800302E302E3000257309
:1090C0002025732025730032333A34353A3331008A
:1090D0004D61722032312032303235004F4C4450D5
:1090E0005744002531327A75252A700A0044756D7F
:1090F0007020616C6C2075736564206D656D6F7296
:1091000079206E6F646520696E666F3A0A002531BA
:109110003273252A730A00416464726573730044D4
:10912000756D7020616C6C2066726565206D656D73
:109130006F7279206E6F646520696E666F3A0A00FF
:10914000546F74616C2053697A6500546F74616C5C
:1091500020426C6B730025313273253132730A0063
:1091600025313264253132640A00253133732531CB
:1091700031732539732539732539732539732539A9
:10918000730A006E776169746572006E6966726554
:1091900065006273697A6500253132733A25313191
:1091A0006C7525396C7525396C7525396C752539C3
:1091B0006C7525396C750A003D3E11082D3E11086D
:1091C0004D3D110800000000293D1108000000007D
:1091D000000000000000000000000000113D110828
:1091E000636F6D6D6F6E2F61726D5F657869742E40
:1091F0006300544D4332323039006172640065635C
:10920000686F5F73657269616C006770696F006B8E
:1092100065796270776D006E73680073616E646269
:109220006F780073657269616C7278007365746C35
:109230006F676D61736B00737461727465720000A7
:109240000C000000F291110864000000000800000A
:10925000554D1108FA911108640000000008000043
:10926000A14D1108FE9111086400000000080000E3
:10927000D93E11080A92110864000000000800009D
:10928000454111080F921108640000000008000019
:10929000154811081792110864000000000800002A
:1092A000D97D10081B92110864000000000800001E
:1092B000C94911082392110832000000000800007B
:1092C000114A11082C9211086400000000080000E7
:1092D0003D4C1108189211086400000000080000BD
:1092E000BD4B11083792110864000000000800000F
:1092F000694B1108000000000000000000000000A1
:1093000000000000537461727465722E002F646552
:10931000762F7474795334004552524F523A207765
:1093200072697465206F70656E206661696C656432
:109330003A2025640A00576F72643A2025730A00A8
:109340007772697465206661696C65643A2025648A
:109350000A00577269746520436F6D706C6574659F
:109360006400536C65657020446F6E65004C454E1B
:109370003A2025640A000A446F6E6520446F6E65CA
:109380000055534147453A202573205B2D74203CFE
:1093900070696E747970653E5D205B2D77203C733B
:1093A00069676E6F3E5D205B2D6F203C76616C754A
:1093B000653E5D203C6472697665722D70617468EB
:1093C0003E0A00202020202020202573202D680A1E
:1093D0000057686572653A0A00093C6472697665EF
:1093E000722D706174683E3A205468652066756C11
:1093F0006C207061746820746F2074686520475019
:10940000494F2070696E206472697665722E0A0079
:10941000092D74203C70696E747970653E3A202085
:109420004368616E6765207468652070696E20749A
:109430006F20746869732070696E74797065202874
:10944000302D3130293A0A00092D77203C736967A5
:109450006E6F3E3A202020205761697420666F723B
:109460002061207369676E616C2069662074686989
:109470007320697320616E20696E746572727570F5
:10948000742070696E2E0A00092D6F203C76616C85
:1094900075653E3A202020205772697465207468F3
:1094A00069732076616C7565202830206F722031D9
:1094B00029206966207468697320697320616E20B1
:1094C0006F75747075742070696E2E0A00092D68AE
:1094D0003A205072696E74207468697320757361E4
:1094E000676520696E666F726D6174696F6E206169
:1094F0006E6420657869742E0A0050696E74797004
:1095000065733A0A000920303A204750494F5F49B5
:109510004E5055545F50494E0A000920313A2047B9
:1095200050494F5F494E5055545F50494E5F50551A
:109530004C4C55500A000920323A204750494F5FA1
:10954000494E5055545F50494E5F50554C4C444F16
:10955000574E0A000920333A204750494F5F4F5574
:10956000545055545F50494E0A000920343A204760
:1095700050494F5F4F55545055545F50494E5F4FBF
:1095800050454E445241494E0A000920353A204781
:1095900050494F5F494E544552525550545F5049BF
:1095A0004E0A000920363A204750494F5F494E5431
:1095B0004552525550545F484947485F50494E0AFA
:1095C000000920373A204750494F5F494E544552D1
:1095D000525550545F4C4F575F50494E0A00092076
:1095E000383A204750494F5F494E544552525550E2
:1095F000545F524953494E475F50494E0A00092073
:10960000393A204750494F5F494E544552525550C0
:10961000545F46414C4C494E475F50494E0A000941
:1096200031303A204750494F5F494E5445525255C8
:1096300050545F424F54485F50494E0A00455252C1
:109640004F523A204D697373696E67207265717568
:109650006972656420617267756D656E74730A0066
:109660002D74004552524F523A204D697373696E02
:109670006720617267756D656E7420746F202D743C
:109680000A004552524F523A204D697373696E6712
:10969000207265717569726564203C6472697665D3
:1096A000722D706174683E0A004552524F523A2042
:1096B0004D697373696E6720617267756D656E744D
:1096C00020746F202D770A004552524F523A204D98
:1096D000697373696E6720617267756D656E74205A
:1096E000746F202D6F0A004552524F523A20496E36
:1096F00076616C696420617267756D656E74207443
:109700006F202D6F0A004472697665723A202573C6
:109710000A004552524F523A204661696C656420F6
:10972000746F206F70656E2025733A2025640A00DF
:109730004552524F523A204661696C656420746FFD
:10974000207365742070696E74797065206F6E2067
:1097500025733A2025640A004552524F523A20465A
:1097600061696C656420746F207265616420706942
:109770006E747970652066726F6D2025733A2025AE
:10978000640A004552524F523A204661696C656442
:1097900020746F20726561642076616C7565206647
:1097A000726F6D2025733A2025640A002020496ECF
:1097B0007075742070696E3A202020202056616CEC
:1097C00075653D25750A002020496E7075742070FE
:1097D000696E202870756C6C2D7570293A202020D8
:1097E000202056616C75653D25750A002020496E64
:1097F0007075742070696E202870756C6C2D646FA4
:10980000776E293A202020202056616C75653D2511
:10981000750A0020204F75747075742070696E3A57
:109820002020202056616C75653D25750A0020209A
:1098300057726974696E673A2020202020202056D4
:10984000616C75653D25750A004552524F523A20AC
:109850004661696C656420746F2077726974652055
:1098600076616C75652025752066726F6D20257395
:109870003A2025640A004552524F523A2046616907
:109880006C656420746F2072652D7265616420764A
:10989000616C75652066726F6D2025733A202564B2
:1098A0000A0020205665726966793A20202020201F
:1098B00020202056616C75653D25750A00202049E1
:1098C0006E746572727570742070696E3A2056619C
:1098D0006C75653D25750A004552524F523A204637
:1098E00061696C656420746F20736574757020669F
:1098F0006F72207369676E616C2066726F6D2025D0
:10990000733A2025640A0020205B4669766520733F
:1099100065636F6E642074696D656F757420776917
:109920007468206E6F207369676E616C5D004552CC
:10993000524F523A204661696C656420746F2077FB
:10994000616974207369676E616C2025642066729A
:109950006F6D2025733A2025640A004552524F52FC
:109960003A20556E7265636F676E697A6564207020
:10997000696E747970653A2025640A0050574D204D
:10998000444556504154483A2025730A0070776D7B
:109990005F6D61696E3A206F70656E202573206679
:1099A00061696C65643A2025640A0050696E494417
:1099B000583A2025643A202D204672657175656EEF
:1099C00063793A202564202D20447574793A202546
:1099D000640A004368616E6E656C3A202564204419
:1099E0007574793A202564200A0070776D5F6D6187
:1099F000696E3A20696F63746C2850574D494F4324
:109A00005F5345544348415241435445524953548E
:109A100049435329206661696C65643A2025640ACC
:109A20000070776D5F6D61696E3A20696F63746C69
:109A30002850574D494F435F535441525429206693
:109A400061696C65643A2025640A004B45594250AF
:109A5000574D2044454255473A3A206C656E3A25A9
:109A600064000A20476F74204D4F544F525F424CA0
:109A700044435F4C41206D73673A204D6F746F72A1
:109A80003A2564204F6E2F4F66663A256420447550
:109A900074793A2566204672657175656E63793A08
:109AA0002566200A000A20476F7420535445505001
:109AB0004552206D73673A204D6F746F723A25647A
:109AC00020536C6565703A2564204469726563743F
:109AD000696F6E3A256420416E676C653A25662091
:109AE0000A004E756D20737465707320746F206D5D
:109AF0006F76653A2025640A004375727273746547
:109B000070733A2025640A006B65796270776D5F27
:109B10006D73675F70617273653A20756E6B6E6FFF
:109B200077206D6573736167652074797065202592
:109B3000640A004552524F523A206B657962707741
:109B40006D5F7172635F6D73675F6362206D7367D2
:109B50002073697A65206D69736D61746368200094
:109B60002F6465762F6770696F34002F6465762FD8
:109B70006770696F35002F6465762F6770696F367F
:109B8000002F6465762F6770696F37006D61696EAD
:109B90003A2071726320696E6974206661696C6530
:109BA000640A0071726320676574207069706520B3
:109BB0006572726F720A00717263207265676973F1
:109BC00074657220726F626F7420636F6E74726F4F
:109BD0006C206362206572726F720A006D61696E3B
:109BE0003A206B65796270776D2073746172747559
:109BF0007020636F6D706C657465640A00546869E9
:109C00007320636F6D6D616E642077617320616294
:109C10006C6520746F2072756E0053746172746984
:109C20006E6720486F6D696E6700486974205374D1
:109C30006F702100446F6E6520486F6D696E67001C
:109C40002F6465762F6770696F300053746172748A
:109C5000696E672053616E64626F78005573616747
:109C6000653A202573205B646576706174685D0ACF
:109C7000004552524F523A206D616C6C6F63206602
:109C800061696C65643A2025640A004552524F525E
:109C90003A206F70656E206661696C65643A2025B4
:109CA000640A0052656164696E672066726F6D2098
:109CB00025730A0072656164206661696C65643AA7
:109CC0002025640A00454F4620726561636865641B
:109CD00000546F74616C20627974657320726563DF
:109CE0006569766564203D2025640A00736C6565AE
:109CF00070206F6E00736C656570206F6666000A79
:109D000055736167653A202573203C647C697C6EDD
:109D10007C777C657C637C617C723E0A000A5768B4
:109D20006572653A002020643D4445425547002055
:109D300020693D494E464F0020206E3D4E4F54490C
:109D40004345002020773D5741524E494E47002061
:109D500020653D4552524F52002020633D435249F9
:109D6000544943414C002020613D414C4552540030
:109D70002020723D454D4552470025642000736503
:109D80007269616C20666C757368206661696C65C8
:109D9000643A25640A0041726475696E6F205374D9
:109DA00061727465722077697468206368616E6798
:109DB00065004552524F523A2073746F705F70695C
:109DC00070655F74696D656F757420696E70757408
:109DD000207069706520696420697320696E7661FE
:109DE0006C6964005741524E494E473A2073746F74
:109DF000705F706970655F74696D656F7574202040
:109E000074696D656F757420696E2069646C650096
:109E100073746F705F706970655F74696D656F757D
:109E2000743A4552524F5220707468726561645F93
:109E30006D757465785F6C6F636B206661696C65C6
:109E4000643D25640A000A4552524F523A2043614C
:109E50006E206E6F742077616B65207570206D6168
:109E6000696E20746872656164210073746F705F3D
:109E7000706970655F74696D656F75743A455252AB
:109E80004F5220707468726561645F6D7574657897
:109E90005F756E6C6F636B206661696C65643D25F0
:109EA000640A000A4552524F523A20717263206789
:109EB0006574207265616461626C652073697A659E
:109EC000206661696C21004552524F523A20686504
:109ED0007265206973206E6F2070697065207769E4
:109EE00074682070656572207069706520696420EF
:109EF00025752C2072656365697665206661696CDD
:109F00006564210A000A4552524F523A2043616E5D
:109F1000206E6F742077616B652075702062757399
:109F2000206C6F636B2074687265616421006465E6
:109F30006275673A20627573206C6F636B2073746F
:109F40006F702054494D454F555420646F6E652005
:109F5000004552524F523A2057726974652066612B
:109F6000696C656421000A4552524F523A2070696B
:109F7000706520636F6E6420696E6974616C697AC4
:109F800065206661696C656421000A4552524F5232
:109F90003A2070697065206D7574657820696E6906
:109FA00074616C697A65206661696C65642100453D
:109FB00052524F523A207172635F6672616D655FF3
:109FC00073656E643A20707468726561645F6D7564
:109FD0007465785F6C6F636B206661696C65643D66
:109FE00025640A00717263206672616D65203A20F3
:109FF0006D616C6C6F63206572726F7200455252B6
:10A000004F523A207172635F6672616D655F73656E
:10A010006E643A20707468726561645F6D75746512
:10A02000785F756E6C6F636B206661696C65643D0B
:10A0300025640A004552524F523A2073746172747B
:10A040005F706970655F74696D656F757420696EA6
:10A050007075742070697065206964206973206967
:10A060006E76616C6964005761726E696E673A2042
:10A0700073746172745F706970655F74696D656F28
:10A080007574202074696D656F757420697320750F
:10A0900073696E67000A4552524F523A20706970D8
:10A0A00065282573292054494D454F5554210A00F0
:10A0B0004552524F523A207172635F636F6E7472F1
:10A0C0006F6C5F7772697465207069706520697361
:10A0D00020696E76616C6964004552524F523A2095
:10A0E0007172635F636F6E74726F6C5F77726974A5
:10A0F000652073656E64206D7367206661696C65A9
:10A1000064004552524F523A207172635F636F6E22
:10A1100074726F6C5F7772697465202074696D6505
:10A120006F7574206661696C6564005761726E6951
:10A130006E673A207172635F6C6F636B5F737461FB
:10A1400072745F74696D656F7574202074696D65D4
:10A150006F7574206973207573696E67006465623A
:10A1600075673A20627573206C6F636B207374613E
:10A170007274696E672054494D45000A4552524F2A
:10A18000523A20627573206C6F636B2054494D45C1
:10A190004F555421005152435F43544C0071726338
:10A1A0005F6275735F6C6F636B3A4552524F52201A
:10A1B000707468726561645F6D757465785F6C6FEB
:10A1C000636B206661696C65643D25640A00717289
:10A1D000635F6275735F756E6C6F636B3A45525265
:10A1E0004F5220707468726561645F6D7574657834
:10A1F0005F756E6C6F636B206661696C65643D258D
:10A20000640A004552524F523A20636F727265736E
:10A21000706F6E64696E6720706970652825732998
:10A2200020637265617465206661696C6564210AEA
:10A230000044454255473A207172635F636F6E7404
:10A24000726F6C5F706970655F63616C6C62616393
:10A250006B20676574205152435F524551554553F9
:10A260005420706565725F6964203D25642C206E02
:10A27000616D65282573290A004552524F523A20D4
:10A2800070697065206E616D652825732920646F83
:10A2900065736E277420657869742C2063616E2065
:10A2A0006E6F742068616E646C65205152435F521A
:10A2B0004553504F4E5345210A0044454255473AB5
:10A2C000207172635F636F6E74726F6C5F70697020
:10A2D000655F63616C6C6261636B206765742051BC
:10A2E00052435F524553504F4E534520706565723F
:10A2F0005F6964203D25642C206E616D652825739F
:10A30000290A0044454255473A207172635F636FE2
:10A310006E74726F6C5F706970655F63616C6C62A4
:10A3200061636B2073656E64205152435F575249DD
:10A3300054455F4C4F434B5F41434B207069706500
:10A340005F6964203D25640A0044454255473A2030
:10A350007172635F636F6E74726F6C5F706970654A
:10A360005F63616C6C6261636B2073656E64205126
:10A3700052435F57524954455F554E4C4F434B5FD4
:10A3800041434B20706970655F6964203D25640A14
:10A390000044454255473A207172635F636F6E74A3
:10A3A000726F6C5F706970655F63616C6C62616332
:10A3B0006B20676574205152435F41434B207069A5
:10A3C00070655F6964203D25640A00444542554735
:10A3D0003A207172635F636F6E74726F6C5F706945
:10A3E00070655F63616C6C6261636B20676574208C
:10A3F0005152435F57524954455F4C4F434B5F4165
:10A40000434B20706565725F706970655F69642099
:10A410003D25640A0044454255473A207172635F06
:10A42000636F6E74726F6C5F706970655F63616C8F
:10A430006C6261636B20676574205152435F5752B1
:10A440004954455F554E4C4F434B5F41434B202091
:10A45000706565725F706970655F6964203D256431
:10A460000A0044454255473A207172635F636F6E3C
:10A4700074726F6C5F706970655F63616C6C626150
:10A48000636B20676574205152435F434F4E4E45C6
:10A4900043545F5245515545535400444542554736
:10A4A0003A207172635F636F6E74726F6C5F706974
:10A4B00070655F63616C6C6261636B2067657420BB
:10A4C0005152435F434F4E4E4543545F52455350A4
:10A4D0004F4E5345005741524E494E473A207172F4
:10A4E000635F636F6E74726F6C5F706970655F63DA
:10A4F000616C6C6261636B20636D643D25642069EF
:10A500007320696E76616C69640A002F6465762F2A
:10A510007474795332004552524F523A20257320B9
:10A520006F70656E206661696C6564210A00455232
:10A53000524F523A207172632062757320777269AC
:10A5400074652053594E43204D5347206661696C12
:10A550006564210044454255473A20717263206288
:10A5600075732073796E6320646F6E650044454295
:10A5700055473A207172632062757320777269744F
:10A58000652053594E4320747279203D2025642064
:10A590000A000A4552524F523A20717263204255C6
:10A5A000532074727920746F2073796E6320666112
:10A5B000696C656420004552524F523A20717263B3
:10A5C0002048572073796E63206661696C65642149
:10A5D000000A4552524F523A206275735F6C6F63A6
:10A5E0006B5F636F6E6420636F6E6420696E697465
:10A5F000616C697A65206661696C656421000A4551
:10A6000052524F523A206275735F6C6F636B5F6D8D
:10A610007574657820696E6974616C697A65206605
:10A6200061696C656421004F4B00746872656164F8
:10A630005F72756E28293A2063616E6E6F742068B0
:10A64000616E646C652053494755535231002F6841
:10A650006F6D652F6E757474782F6E757474782DA8
:10A66000617070732F6578616D706C65732F6B65A9
:10A67000796270776D2F6C69627172632F70726F7F
:10A68000746F636F6C2F7172632F7172635F746884
:10A6900072656164706F6F6C2E63007172635F74BA
:10A6A00068726561645F706F6F6C5F696E69742852
:10A6B000293A20436F756C64206E6F7420616C6C56
:10A6C0006F63617465206D656D6F727920666F725E
:10A6D0002074687265616420706F6F6C00717263C2
:10A6E0005F7468726561645F706F6F6C5F696E69DB
:10A6F0007428293A20436F756C64206E6F74206152
:10A700006C6C6F63617465206D656D6F7279206626
:10A710006F7220776F726B2071756575650071724D
:10A72000635F7468726561645F706F6F6C5F696EA0
:10A73000697428293A20436F756C64206E6F742009
:10A74000616C6C6F63617465206D656D6F727920EB
:10A75000666F7220746872656164730074687265F4
:10A7600061645F696E697428293A20436F756C646F
:10A77000206E6F7420616C6C6F63617465206D6511
:10A780006D6F727920666F72207468726561640003
:10A790007468726561645F696E69743A20455252EB
:10A7A0004F5220707468726561645F617474725F87
:10A7B000696E6974206661696C65642C20737461CC
:10A7C0007475733D25640A007468726561645F691D
:10A7D0006E69743A204552524F5220707468726507
:10A7E00061645F617474725F736574737461636BC9
:10A7F00073697A65206661696C65642C2073746185
:10A800007475733D25640A007468726561645F69DC
:10A810006E69743A204552524F52207074687265C6
:10A8200061645F617474725F736574736368656497
:10A83000706172616D206661696C65642C2073744F
:10A84000617475733D25640A007468726561645FA4
:10A85000696E69743A204552524F52207074687282
:10A860006561645F637265617465206661696C65CA
:10A87000642C207374617475733D25640A007761DC
:10A880006974207468726561645F616C69766520C3
:10A89000007172635F746872656164706F6F6C5F82
:10A8A0006164645F776F726B28293A20436F756C1F
:10A8B00064206E6F7420616C6C6F63617465206DD1
:10A8C000656D6F727920666F72206E657720776F85
:10A8D000726B00207172635F746872656164735F8C
:10A8E0006A6F696E203D2564200A005B54465D2036
:10A8F000556E68616E646C6564206D657373616725
:10A90000652C20747970652025640A005B54465DCF
:10A910002054465F496E69745374617469632829D1
:10A92000206661696C65642C207466206973206EF2
:10A93000756C6C2E005B54465D2054465F496E6911
:10A94000742829206661696C65642C206F757420F9
:10A950006F66206D656D6F72792E005B54465D20C9
:10A960004661696C656420746F20616464204944A9
:10A97000206C697374656E6572005B54465D20548B
:10A980004620616C7265616479206C6F636B6564ED
:10A9900020666F7220747821005B54465D2046610A
:10A9A000696C656420746F206164642067656E65FE
:10A9B000726963206C697374656E6572005B5446DE
:10A9C0005D205061727365722074696D656F757476
:10A9D000005B54465D205278206865616420636B9B
:10A9E00073756D206D69736D61746368005B5446A7
:10A9F0005D205278207061796C6F616420746F6F94
:10AA0000206C6F6E673A2025640A005B54465D2017
:10AA1000426F647920636B73756D206D69736D612E
:10AA2000746368000000C1C081C1400101C3C0035C
:10AA3000800241C201C6C006800741C70005C1C5EA
:10AA400081C4400401CCC00C800D41CD000FC1CFAA
:10AA500081CE400E000AC1CA81CB400B01C9C0099A
:10AA6000800841C801D8C018801941D9001BC1DB3A
:10AA700081DA401A001EC1DE81DF401F01DDC01DEA
:10AA8000801C41DC0014C1D481D5401501D7C0170A
:10AA9000801641D601D2C012801341D30011C1D11A
:10AAA00081D0401001F0C030803141F10033C1F35A
:10AAB00081F240320036C1F681F7403701F5C035EA
:10AAC000803441F4003CC1FC81FD403D01FFC03FAA
:10AAD000803E41FE01FAC03A803B41FB0039C1F99A
:10AAE00081F840380028C1E881E9402901EBC02BFA
:10AAF000802A41EA01EEC02E802F41EF002DC1EDEA
:10AB000081EC402C01E4C024802541E50027C1E709
:10AB100081E640260022C1E281E3402301E1C02119
:10AB2000802041E001A0C060806141A10063C1A319
:10AB300081A240620066C1A681A7406701A5C065E9
:10AB4000806441A4006CC1AC81AD406D01AFC06FA9
:10AB5000806E41AE01AAC06A806B41AB0069C1A999
:10AB600081A840680078C1B881B9407901BBC07B39
:10AB7000807A41BA01BEC07E807F41BF007DC1BDE9
:10AB800081BC407C01B4C074807541B50077C1B709
:10AB900081B640760072C1B281B3407301B1C07119
:10ABA000807041B00050C190819140510193C053D9
:10ABB000805241920196C056805741970055C195E9
:10ABC00081944054019CC05C805D419D005FC19FA9
:10ABD000819E405E005AC19A819B405B0199C05999
:10ABE000805841980188C04880494189004BC18BF9
:10ABF000818A404A004EC18E818F404F018DC04DE9
:10AC0000804C418C0044C184818540450187C04708
:10AC1000804641860182C042804341830041C18118
:10AC2000818040400A4552524F523A205069706527
:10AC3000206E616D652825732920697320746F6FFC
:10AC4000206C6F6E67210A004552524F523A2050D5
:10AC500069706528257329206372656174652066B3
:10AC600061696C6564210A004552524F523A205086
:10AC7000697065282573292073656E642070656589
:10AC8000722072657175657374206661696C6564A4
:10AC9000210A0044454255473A20506970652825ED
:10ACA00073292063726561746520646F6E65206925
:10ACB000643D25640A004552524F523A205265675E
:10ACC00069737465722063616C6C6261636B20668A
:10ACD000756E6374696F6E206661696C65642120AE
:10ACE00050697065206973204E554C4C2100737477
:10ACF0006D333220626F6172645F6170705F696E84
:10AD0000697469616C697A650070742D2570000042
:10AD10006401010000000000000800002F64657657
:10AD20002F72616D2564000019691108ED69110821
:10AD3000BB69110881691108256911084769110863
:04AD4000616911082C
:08AD44006460FF7F01000000C4
:10AD4C0000000001000000000000000000000000F6
:10AD5C0000000000000000000000000000000000E7
:10AD6C0000000000000000000000000000000000D7
:10AD7C0000000000000000000000000000000000C7
:10AD8C000000000000010000700C0020000000001A
:10AD9C0000000000000000000000000000010000A6
:10ADAC00700B0020E86D110800000020000000006E
:10ADBC000000000000000000000000000000000087
:10ADCC000000080000C201004500000080DE800287
:10ADDC00005000402C8C0900328C0900000000004F
:10ADEC000000000000000000000000000000000057
:10ADFC000000000000000000000000000000000047
:10AE0C000000000000000000000000000000000036
:10AE1C000000000000000000000000000000000026
:10AE2C00000000000000000000010000700E002077
:10AE3C000000000000000000000000000000000006
:10AE4C0000010000700D0020E86D1108A400002026
:10AE5C0000000000000000000000000000000000E6
:10AE6C00000000000000080000C2010062000000A9
:10AE7C0080DE800200780040488C0900478C090075
:10AE8C0000000000000000000000000000000000B6
:10AE9C0000000000000000000000000000000000A6
:10AEAC000000000000000000000000000000000096
:10AEBC000000000000000000000000000000000086
:10AECC000000000000000000000000000001000075
:10AEDC0070100020000000000000000000000000C6
:10AEEC000000000000010000700F0020E86D110848
:10AEFC0048010020000000000000000000000000DD
:10AF0C0000000000000000000000080000C201006A
:10AF1C003500000000BD010500100140097C09004E
:10AF2C000A7C090000000000000000000000000086
:10AF3C000000000000000000000000000000000005
:10AF4C0000000000000000000000000000000000F5
:10AF5C0000000000000000000000000000000000E5
:10AF6C0000000000000000000000000000000000D5
:10AF7C000001000070120020000000000000000022
:10AF8C000000000000000000000100007011002013
:10AF9C00E86D1108EC01002000000000000000002A
:10AFAC00000000000000000000000000000008008D
:10AFBC0000C201003600000080DE80020044004028
:10AFCC00357C0900367C0900000000000000000000
:10AFDC000000000000000000000000000000000065
:10AFEC000000000000000000000000000000000055
:10AFFC000000000000000000000000000000000045
:10B00C000000000000000000000000000000000034
:10B01C00000000000001000070140020000000007F
:10B02C000000000000000000000000000001000013
:10B03C0070130020E86D1108900200200000000041
:10B04C0000000000000000000000000000000000F4
:10B05C0000000800802500005700000000BD01051D
:10B06C0000140140268C0900278C090037090400C4
:10B07C000100000034030020340300203C030020B6
:10B08C003C030020440300204403002034741108C6
:10B09C004C030020FF000000AC751108003C004080
:10B0AC0080DE8002000000000100000000000000B3
:10B0BC000000000000000000000000000000000084
:10B0CC000000000001000000000000000000000073
:10B0DC00D0751108F80300200000000000000000EB
:10B0EC000000000000000000000000000000000054
:10B0FC000000000000000000000000000000000044
:10B10C000000000000000000000000000000000033
:10B11C000000000000000000000000000000000023
:10B12C000000000000000000000000000000000013
:10B13C0000000000000000000000000022000000E1
:10B14C008003002000000100000300007569100856
:10B15C000020014000000000000000000000000082
:10B16C0000000000610000000100000006980800CB
:10B17C0014761108240400202D02000000000000A9
:10B18C00001C004000BD0105630000000100000030
:10B19C0010280800640000000100000011280800BD
:10B1AC001476110848040020430100000000000040
:10B1BC000004004000BD0105620000000100000019
:10B1CC003D28080063000000010000003E28080034
:10B1DC0064000000010000003F28080014761108EC
:10B1EC00780400206401000000000000000800400A
:10B1FC0000BD0105610000000100000000280800EE
:10B20C0064000000010000000328080014761108F7
:10B21C00B40400204504000000000000000C0040B5
:10B22C0000BD010562000000010000004638080066
:10B23C0014761108E404002029020000000000002C
:10B24C0000400140007A030A0000000000000000EA
:10B25C0000000000000000000000000000000000E2
:10B26C0000000000000000000000000000000000D2
:10B27C0000000000000000000000000000000000C2
:10B28C0000000000000000000000000000000000B2
:10B29C0000000000000000000000000000000000A2
:10B2AC000000000000000000000000000000000092
:10B2BC000000000000000000000000000000000082
:10B2CC000000000000000000000000000000000072
:10B2DC000000000000000000000000000000000062
:10B2EC000000000000000000000000000000000052
:10B2FC000000000000000000000000000000000042
:10B30C000000000000000000000000000000000031
:10B31C000000000000000000000000000000000021
:10B32C000000000000000000000000000000000011
:10B33C000000000000000000000000000000000001
:10B34C0000000000000000000000000000000000F1
:10B35C0000000000000000000000000000000000E1
:10B36C0000000000000000000000000000000000D1
:10B37C0000000000000000000000000000000000C1
:10B38C0000000000000000000000000000000000B1
:10B39C0000000000000000000000000000000000A1
:10B3AC000000000000000000000000000000000091
:10B3BC000000000000000000000000000000000081
:10B3CC000000000000000000000000000000000071
:10B3DC000000000000000000000000000000000061
:10B3EC000000000000000000000000000000000051
:10B3FC000000000000000000000000000000000041
:10B40C000000000000000000000000000000000030
:10B41C000000000000000000000000000000000020
:10B42C000000000000000000000000000000000010
:10B43C000000000000000000000000000000000000
:10B44C0000000000000000000000000000000000F0
:10B45C0000000000000000000000000000000000E0
:10B46C0000000000000000000000000000000000D0
:10B47C0000000000000000000000000000000000C0
:10B48C0000000000000000000000000000000000B0
:10B49C0000000000000000000000000000000000A0
:10B4AC000000000000000000000000000000000090
:10B4BC000000000000000000000000000000000080
:10B4CC000000000000000000000000000000000070
:10B4DC0000000000000000000000000028761108A9
:10B4EC00AC07002000000000000000000124252310
:10B4FC0026000000006400400064004020A107000A
:10B50C00000000000000000000000000000000002F
:10B51C00000000000000000000000000000000001F
:10B52C00000000000000000000000000000000000F
:10B53C0000000000000000000000000000000000FF
:10B54C0000000000000000000000000000000000EF
:10B55C0000000000000000000000000000000000DF
:10B56C0000000000000000000000000000000000CF
:10B57C0000000000000000000000000000000000BF
:10B58C0000000000000000000000000000000000AF
:10B59C00000000000000000000000000000000009F
:10B5AC00000000000000000000000000000000008F
:10B5BC00000000000000000000000000000000007F
:10B5CC00000000000000000000000000000000006F
:10B5DC00000000000000000000000000000000005F
:10B5EC00000000000000000000000000000000004F
:10B5FC00000000000000000000000000000000003F
:10B60C00000000000000000000000000000000002E
:10B61C00000000000000000000000000000000001E
:10B62C00000000000000000000000000000000000E
:10B63C0000000000000000000000000000000000FE
:10B64C0000000000000000000000000000000000EE
:10B65C0000000000000000000000000000000000DE
:10B66C0000000000000000000000000000000000CE
:10B67C0000000000000000000000000000000000BE
:10B68C0000000000000000000000000000000000AE
:10B69C00000000000000000000000000000000009E
:10B6AC00000000000000000000000000000000008E
:10B6BC00000000000000000000000000000000007E
:10B6CC00000000000000000000000000000000006E
:10B6DC00000000000000000000000000000000005E
:10B6EC00000000000000000000000000000000004E
:10B6FC00000000000000000000000000000000003E
:10B70C00000000000000000000000000000000002D
:10B71C00000000000000000000000000000000001D
:10B72C00000000000000000000000000000000000D
:10B73C0000000000000000000000000000000000FD
:10B74C0000000000000000000000000000000000ED
:10B75C0000000000000000000000000000000000DD
:10B76C0000000000000000000000000000000000CD
:10B77C0000000000000000000000000000000000BD
:10B78C0000000000000000000000000000000000AD
:10B79C000000000028761108640A00200000000058
:10B7AC00000000000250514F520E00000068004093
:10B7BC000064004020A1070000040000010000000C
:10B7CC000000000000000000FFFFFFFF0000000071
:10B7DC00000000000000000000000000010000005C
:10B7EC00608911080000000000000000000000004B
:10B7FC0000000000350311080000000000000000EC
:10B80C00010000000000000000000000FFFFFFFF2F
:10B81C00050080000001C0F605009000011F10DF3C
:10B82C000500EC10010053970500F0C10D00240633
:10B83C000500C20000000045050091000000141F27
:10B84C00050093000000000F0500A2000000000E90
:10B85C0005009400000000340500C0000000008DBD
:10B86C000500C2000000004505008100000002191F
:10B87C00050090000100005B0500EC10010050D9A0
:10B88C000500F0C1090024450500F0C1010024E7C2
:10B89C0005009000011F00E70500C200008001D9DF
:10B8AC000500EC10010053970500A20000EA607B34
:040000050810019D41
:00000001FF
